name,busbar,pmax_dis,pmax_ch,pmin_dis,pmin_ch,vomc,auxserv,e_ini,e_max,e_min,eff_c,eff_d,cycle_neutral
LA_CABA�A_ETAPA_2_BESS,NuevaPuertoMontt500,32.0,32.0,0.0,0.0,0.0,0.0,32.0,64.0,0.0,0.9,0.9,True
SOCOMPA_FV_BESS,NuevaZaldivar220,250.0,250.0,0.0,0.0,0.0,0.0,160.0,1000.0,0.0,0.9,0.9,True
ARBOLEDA_FV_BESS,AltoJahuel500,80.0,80.0,0.0,0.0,0.0,0.0,50.0,160.0,0.0,0.9,0.9,True
DIEGO_DE_ALMAGRO_SUR_FV_BESS,NuevaCardones500,8.0,8.0,0.0,0.0,0.0,0.0,16.0,32.0,0.0,0.9,0.9,True
ANDES_IIB_FV_BESS,NuevaZaldivar220,112.0,112.0,0.0,0.0,0.0,0.0,280.0,560.0,0.0,0.9,0.9,True
SAN_MARCOS_FV_BESS,Parinacota220,2.9,2.9,0.0,0.0,0.0,0.0,1.15,2.299999999,0.0,0.9,0.9,True
ANDES_IV_FV_BESS,NuevaZaldivar220,130.0,130.0,0.0,0.0,0.0,0.0,325.0,650.0,0.0,0.9,0.9,True
ANDES_SOLAR_IIB_AMP_FV_BESS,NuevaZaldivar220,17.0,17.0,0.0,0.0,0.0,0.0,42.5,85.0,0.0,0.9,0.9,True
URIBE_SOLAR_BESS,Kimal220,2.5,2.5,0.0,0.0,0.0,0.0,2.3,4.6,0.0,0.9,0.9,True
ZALDIVAR_BESS,Kimal220,35.0,35.0,0.0,0.0,0.0,0.0,70.0,140.0,0.0,0.9,0.9,True
COYA_BESS,Kimal220,139.0,139.0,0.0,0.0,0.0,0.0,319.0,638.0000001,0.0,0.9,0.9,True
SAN_ANDRES_FV_BESS,NuevaCardones500,35.0,35.0,0.0,0.0,0.0,0.0,87.5,175.0,0.0,0.9,0.9,True
Alfalfal_VR1_DAM,AltoJahuel500,10.0,10.0,0.0,0.0,0.0,0.0,25.0,50.0,0.0,0.9,0.9,True
Alfalfal_VR2_DAM,AltoJahuel500,49.25,49.25,0.0,0.0,0.0,0.0,98.5,197.0,0.0,0.9,0.9,True
EL MANZANO_BESS,Polpaico500,60.0,60.0,0.0,0.0,0.0,0.0,60.0,120.0,0.0,0.9,0.9,True
DON HUMBERTO_BESS,Polpaico500,60.0,60.0,0.0,0.0,0.0,0.0,60.0,120.0,0.0,0.9,0.9,True
ANDES IIA_BESS,NuevaZaldivar220,80.0,80.0,0.0,0.0,0.0,0.0,134.4,268.8,0.0,0.9,0.9,True
ALICANTO_BESS,NuevaCardones500,1.2,1.2,0.0,0.0,0.0,0.0,4.8,9.6,0.0,0.9,0.9,True
TAMAYA_BESS,Kimal220,68.2,68.2,0.0,0.0,0.0,0.0,210.0,420.0,0.0,0.9,0.9,True
CENTRAL DESIERTO DE ATACAMA_BESS,NuevaCardones500,110.0,110.0,0.0,0.0,0.0,0.0,110.0,220.0,0.0,0.9,0.9,True
ANDES III_E1_BESS,NuevaZaldivar220,171.3,171.3,0.0,0.0,0.0,0.0,256.95,513.9,0.0,0.9,0.9,True
SALVADOR_PV_BESS,NuevaCardones500,50.0,50.0,0.0,0.0,0.0,0.0,125.0,250.0,0.0,0.9,0.9,True
GENERACION SOLAR_BESS,Kimal220,60.5,60.5,0.0,0.0,0.0,0.0,60.5,121.0,0.0,0.9,0.9,True
CAPRICORNIO_BESS,LosChangos220,48.0,48.0,0.0,0.0,0.0,0.0,132.096,264.192,0.0,0.9,0.9,True
QUILLAGUA 95_BESS,Lagunas220,95.0,95.0,0.0,0.0,0.0,0.0,237.5,589.0,0.0,0.9,0.9,True
PILOTO_BESS,NuevaPandeAzucar500,3.0,3.0,0.0,0.0,0.0,0.0,3.0,6.0,0.0,0.9,0.9,True
AMP_LA_CABA�A_BESS,NuevaPuertoMontt500,33.0,33.0,0.0,0.0,0.0,0.0,32.7855,65.571,0.0,0.9,0.9,True
PFV_GABRIELA_BESS,NuevaZaldivar220,220.0,220.0,0.0,0.0,0.0,0.0,550.0,1100.0,0.0,0.9,0.9,True
DEL_DESIERTO_BESS,Kimal220,200.0,200.0,0.0,0.0,0.0,0.0,400.0,800.0,0.0,0.9,0.9,True
PFV VICTOR JARA_BESS,NuevaPozoAlmonte220,200.0,200.0,0.0,0.0,0.0,0.0,650.0,1300.0,0.0,0.9,0.9,True
QUILLAGUA II_BESS,Lagunas220,105.0,105.0,0.0,0.0,0.0,0.0,325.5,651.0,0.0,0.9,0.9,True
PS DOS PINOS_BESS,NuevaPandeAzucar500,3.0,3.0,0.0,0.0,0.0,0.0,6.0,12.0,0.0,0.9,0.9,True
TOCOPILLA_BESS,Kimal220,116.0,116.0,0.0,0.0,0.0,0.0,290.0,580.0,0.0,0.9,0.9,True
PMGD RIVAZZURRA_BESS,AltoJahuel500,9.0,9.0,0.0,0.0,0.0,0.0,9.1,18.2,0.0,0.9,0.9,True
LUZ DEL NORTE_BESS,Cumbre500,141.0,141.0,0.0,0.0,0.0,0.0,211.55,423.1,0.0,0.9,0.9,True
BOLERO_BESS,NuevaZaldivar220,146.0,146.0,0.0,0.0,0.0,0.0,219.0,438.0,0.0,0.9,0.9,True
PMGD PFV FRAGATA_BESS,Quillota500,3.0,3.0,0.0,0.0,0.0,0.0,3.6,7.2,0.0,0.9,0.9,True
HUATACONDO_BESS,Lagunas220,98.0,98.0,0.0,0.0,0.0,0.0,245.0,490.0,0.0,0.9,0.9,True
PMGD PFV LIVORNO_BESS,Kimal220,5.0,5.0,0.0,0.0,0.0,0.0,14.4,28.8,0.0,0.9,0.9,True
ARENALES_BESS,NuevaZaldivar220,300.0,300.0,0.0,0.0,0.0,0.0,450.0,900.0,0.0,0.9,0.9,True
DON_CARLOS_FV_BESS,NuevaMaitencillo500,196.0,196.0,0.0,0.0,0.0,0.0,490.0,980.0,0.0,0.9,0.9,True
ESTEPA SOLAR_BESS,Kimal220,188.0,188.0,0.0,0.0,0.0,0.0,376.0,752.0,0.0,0.9,0.9,True
LIBELULA_BESS,Polpaico500,199.2,199.2,0.0,0.0,0.0,0.0,480.05,960.1,0.0,0.9,0.9,True
PMGD MODENA_BESS,AltoJahuel500,9.0,9.0,0.0,0.0,0.0,0.0,18.0,36.0,0.0,0.9,0.9,True
PELICANO_BESS,NuevaMaitencillo500,50.0,50.0,0.0,0.0,0.0,0.0,100.0,200.0,0.0,0.9,0.9,True
PMGD MONZA_BESS,AltoJahuel500,6.5,6.5,0.0,0.0,0.0,0.0,13.0,26.0,0.0,0.9,0.9,True
PMGD PICHIRROPULLI_BESS,Pichirropulli500,6.0,6.0,0.0,0.0,0.0,0.0,15.0,30.0,0.0,0.9,0.9,True
CHACA_BESS,Parinacota220,228.0,228.0,0.0,0.0,0.0,0.0,456.0,912.0,0.0,0.9,0.9,True
PMGD PSF LOS MAITENES_BESS,AltoJahuel500,5.0,5.0,0.0,0.0,0.0,0.0,11.0,22.0,0.0,0.9,0.9,True
ARICA II_BESS,Parinacota220,30.0,30.0,0.0,0.0,0.0,0.0,75.0,150.0,0.0,0.9,0.9,True
ELENA FASE I_BESS,Kimal220,485.0,485.0,0.0,0.0,0.0,0.0,1576.25,3152.5,0.0,0.9,0.9,True
HIJUELA_BESS,NuevaMaitencillo500,9.0,9.0,0.0,0.0,0.0,0.0,24.75,49.5,0.0,0.9,0.9,True
EL OLIVAR_BESS,NuevaMaitencillo500,9.0,9.0,0.0,0.0,0.0,0.0,24.75,49.5,0.0,0.9,0.9,True
CHICHA SOLAR_BESS,Polpaico500,9.0,9.0,0.0,0.0,0.0,0.0,22.5,45.0,0.0,0.9,0.9,True
SANTA MARTA_BESS,AltoJahuel500,10.0,10.0,0.0,0.0,0.0,0.0,25.0,50.0,0.0,0.9,0.9,True
ARENA_BESS,Parinas500,220.0,220.0,0.0,0.0,0.0,0.0,550.0,1100.0,0.0,0.9,0.9,True
LOS LOROS_BESS,NuevaCardones500,46.0,46.0,0.0,0.0,0.0,0.0,115.0,230.0,0.0,0.9,0.9,True
LILE_BESS,LosChangos220,140.0,140.0,0.0,0.0,0.0,0.0,399.0,798.0,0.0,0.9,0.9,True
LUNA DE VERANO_BESS,NuevaMaitencillo500,300.0,300.0,0.0,0.0,0.0,0.0,300.05,600.1,0.0,0.9,0.9,True
BESS KALLPA_BESS,Parinas500,57.0,57.0,0.0,0.0,0.0,0.0,142.5,285.0,0.0,0.9,0.9,True
PFV SAN JUAN_BESS,NuevaCharrua500,9.0,9.0,0.0,0.0,0.0,0.0,22.5,45.0,0.0,0.9,0.9,True
SOL DEL VALLE HERMOSO_BESS,Polpaico500,9.0,9.0,0.0,0.0,0.0,0.0,24.75,49.5,0.0,0.9,0.9,True
ESS_NuevaCharrua500_5h,NuevaCharrua500,2000.0,2000.0,0.0,0.0,0.0,0.0,4000.0,10000.0,0.0,0.9,0.9,True
ESS_Cumbre500_5h,Cumbre500,5000.0,5000.0,0.0,0.0,0.0,0.0,10000.0,25000.0,0.0,0.9,0.9,True
ESS_Pichirropulli500_5h,Pichirropulli500,2000.0,2000.0,0.0,0.0,0.0,0.0,4000.0,10000.0,0.0,0.9,0.9,True
ESS_Polpaico500_5h,Polpaico500,2000.0,2000.0,0.0,0.0,0.0,0.0,4000.0,10000.0,0.0,0.9,0.9,True
ESS_NuevaAncud500_5h,NuevaAncud500,2000.0,2000.0,0.0,0.0,0.0,0.0,4000.0,10000.0,0.0,0.9,0.9,True
ESS_AltoJahuel500_5h,AltoJahuel500,2000.0,2000.0,0.0,0.0,0.0,0.0,4000.0,10000.0,0.0,0.9,0.9,True
ESS_NuevaCardones500_5h,NuevaCardones500,5000.0,5000.0,0.0,0.0,0.0,0.0,10000.0,25000.0,0.0,0.9,0.9,True
ESS_Ancoa500_5h,Ancoa500,2000.0,2000.0,0.0,0.0,0.0,0.0,4000.0,10000.0,0.0,0.9,0.9,True
ESS_RioMalleco500_5h,RioMalleco500,2000.0,2000.0,0.0,0.0,0.0,0.0,4000.0,10000.0,0.0,0.9,0.9,True
ESS_NuevaPandeAzucar500_5h,NuevaPandeAzucar500,2000.0,2000.0,0.0,0.0,0.0,0.0,4000.0,10000.0,0.0,0.9,0.9,True
ESS_NuevaMaitencillo500_5h,NuevaMaitencillo500,2000.0,2000.0,0.0,0.0,0.0,0.0,4000.0,10000.0,0.0,0.9,0.9,True
ESS_NuevaPuertoMontt500_5h,NuevaPuertoMontt500,2000.0,2000.0,0.0,0.0,0.0,0.0,4000.0,10000.0,0.0,0.9,0.9,True
ESS_Parinas500_5h,Parinas500,5000.0,5000.0,0.0,0.0,0.0,0.0,10000.0,25000.0,0.0,0.9,0.9,True
ESS_NuevaZaldivar220_5h,NuevaZaldivar220,5000.0,5000.0,0.0,0.0,0.0,0.0,10000.0,25000.0,0.0,0.9,0.9,True
ESS_Kimal500_5h,Kimal500,5000.0,5000.0,0.0,0.0,0.0,0.0,10000.0,25000.0,0.0,0.9,0.9,True
ESS_LosChangos500_5h,LosChangos500,5000.0,5000.0,0.0,0.0,0.0,0.0,10000.0,25000.0,0.0,0.9,0.9,True
ESS_Lagunas220_5h,Lagunas220,5000.0,5000.0,0.0,0.0,0.0,0.0,10000.0,25000.0,0.0,0.9,0.9,True
ESS_Kimal220_5h,Kimal220,5000.0,5000.0,0.0,0.0,0.0,0.0,10000.0,25000.0,0.0,0.9,0.9,True
ESS_LosChangos220_5h,LosChangos220,5000.0,5000.0,0.0,0.0,0.0,0.0,10000.0,25000.0,0.0,0.9,0.9,True
ESS_NuevaPozoAlmonte220_5h,NuevaPozoAlmonte220,5000.0,5000.0,0.0,0.0,0.0,0.0,10000.0,25000.0,0.0,0.9,0.9,True
ESS_Parinacota220_5h,Parinacota220,5000.0,5000.0,0.0,0.0,0.0,0.0,10000.0,25000.0,0.0,0.9,0.9,True
ESS_Quillota500_5h,Quillota500,2000.0,2000.0,0.0,0.0,0.0,0.0,4000.0,10000.0,0.0,0.9,0.9,True
ESS_Candelaria500_5h,Candelaria500,2000.0,2000.0,0.0,0.0,0.0,0.0,4000.0,10000.0,0.0,0.9,0.9,True
ESS_Rapel500_5h,Rapel500,2000.0,2000.0,0.0,0.0,0.0,0.0,4000.0,10000.0,0.0,0.9,0.9,True
ESS_Concepcion500_5h,Concepcion500,2000.0,2000.0,0.0,0.0,0.0,0.0,4000.0,10000.0,0.0,0.9,0.9,True
ESS_Mulchen500_5h,Mulchen500,2000.0,2000.0,0.0,0.0,0.0,0.0,4000.0,10000.0,0.0,0.9,0.9,True
ESS_NuevaCharrua500_4h,NuevaCharrua500,2000.0,2000.0,0.0,0.0,0.0,0.0,4000.0,8000.0,0.0,0.9,0.9,True
ESS_Cumbre500_4h,Cumbre500,5000.0,5000.0,0.0,0.0,0.0,0.0,10000.0,20000.0,0.0,0.9,0.9,True
ESS_Pichirropulli500_4h,Pichirropulli500,2000.0,2000.0,0.0,0.0,0.0,0.0,4000.0,8000.0,0.0,0.9,0.9,True
ESS_Polpaico500_4h,Polpaico500,2000.0,2000.0,0.0,0.0,0.0,0.0,4000.0,8000.0,0.0,0.9,0.9,True
ESS_NuevaAncud500_4h,NuevaAncud500,2000.0,2000.0,0.0,0.0,0.0,0.0,4000.0,8000.0,0.0,0.9,0.9,True
ESS_AltoJahuel500_4h,AltoJahuel500,2000.0,2000.0,0.0,0.0,0.0,0.0,4000.0,8000.0,0.0,0.9,0.9,True
ESS_NuevaCardones500_4h,NuevaCardones500,5000.0,5000.0,0.0,0.0,0.0,0.0,10000.0,20000.0,0.0,0.9,0.9,True
ESS_Ancoa500_4h,Ancoa500,2000.0,2000.0,0.0,0.0,0.0,0.0,4000.0,8000.0,0.0,0.9,0.9,True
ESS_RioMalleco500_4h,RioMalleco500,2000.0,2000.0,0.0,0.0,0.0,0.0,4000.0,8000.0,0.0,0.9,0.9,True
ESS_NuevaPandeAzucar500_4h,NuevaPandeAzucar500,2000.0,2000.0,0.0,0.0,0.0,0.0,4000.0,8000.0,0.0,0.9,0.9,True
ESS_NuevaMaitencillo500_4h,NuevaMaitencillo500,2000.0,2000.0,0.0,0.0,0.0,0.0,4000.0,8000.0,0.0,0.9,0.9,True
ESS_NuevaPuertoMontt500_4h,NuevaPuertoMontt500,2000.0,2000.0,0.0,0.0,0.0,0.0,4000.0,8000.0,0.0,0.9,0.9,True
ESS_Parinas500_4h,Parinas500,5000.0,5000.0,0.0,0.0,0.0,0.0,10000.0,20000.0,0.0,0.9,0.9,True
ESS_NuevaZaldivar220_4h,NuevaZaldivar220,5000.0,5000.0,0.0,0.0,0.0,0.0,10000.0,20000.0,0.0,0.9,0.9,True
ESS_Kimal500_4h,Kimal500,5000.0,5000.0,0.0,0.0,0.0,0.0,10000.0,20000.0,0.0,0.9,0.9,True
ESS_LosChangos500_4h,LosChangos500,5000.0,5000.0,0.0,0.0,0.0,0.0,10000.0,20000.0,0.0,0.9,0.9,True
ESS_Lagunas220_4h,Lagunas220,5000.0,5000.0,0.0,0.0,0.0,0.0,10000.0,20000.0,0.0,0.9,0.9,True
ESS_Kimal220_4h,Kimal220,5000.0,5000.0,0.0,0.0,0.0,0.0,10000.0,20000.0,0.0,0.9,0.9,True
ESS_LosChangos220_4h,LosChangos220,5000.0,5000.0,0.0,0.0,0.0,0.0,10000.0,20000.0,0.0,0.9,0.9,True
ESS_NuevaPozoAlmonte220_4h,NuevaPozoAlmonte220,5000.0,5000.0,0.0,0.0,0.0,0.0,10000.0,20000.0,0.0,0.9,0.9,True
ESS_Parinacota220_4h,Parinacota220,5000.0,5000.0,0.0,0.0,0.0,0.0,10000.0,20000.0,0.0,0.9,0.9,True
ESS_Quillota500_4h,Quillota500,2000.0,2000.0,0.0,0.0,0.0,0.0,4000.0,8000.0,0.0,0.9,0.9,True
ESS_Candelaria500_4h,Candelaria500,2000.0,2000.0,0.0,0.0,0.0,0.0,4000.0,8000.0,0.0,0.9,0.9,True
ESS_Rapel500_4h,Rapel500,2000.0,2000.0,0.0,0.0,0.0,0.0,4000.0,8000.0,0.0,0.9,0.9,True
ESS_Concepcion500_4h,Concepcion500,2000.0,2000.0,0.0,0.0,0.0,0.0,4000.0,8000.0,0.0,0.9,0.9,True
ESS_Mulchen500_4h,Mulchen500,2000.0,2000.0,0.0,0.0,0.0,0.0,4000.0,8000.0,0.0,0.9,0.9,True
ESS_NuevaCharrua500_3h,NuevaCharrua500,2000.0,2000.0,0.0,0.0,0.0,0.0,4000.0,6000.0,0.0,0.9,0.9,True
ESS_Cumbre500_3h,Cumbre500,5000.0,5000.0,0.0,0.0,0.0,0.0,10000.0,15000.0,0.0,0.9,0.9,True
ESS_Pichirropulli500_3h,Pichirropulli500,2000.0,2000.0,0.0,0.0,0.0,0.0,4000.0,6000.0,0.0,0.9,0.9,True
ESS_Polpaico500_3h,Polpaico500,2000.0,2000.0,0.0,0.0,0.0,0.0,4000.0,6000.0,0.0,0.9,0.9,True
ESS_NuevaAncud500_3h,NuevaAncud500,2000.0,2000.0,0.0,0.0,0.0,0.0,4000.0,6000.0,0.0,0.9,0.9,True
ESS_AltoJahuel500_3h,AltoJahuel500,2000.0,2000.0,0.0,0.0,0.0,0.0,4000.0,6000.0,0.0,0.9,0.9,True
ESS_NuevaCardones500_3h,NuevaCardones500,5000.0,5000.0,0.0,0.0,0.0,0.0,10000.0,15000.0,0.0,0.9,0.9,True
ESS_Ancoa500_3h,Ancoa500,2000.0,2000.0,0.0,0.0,0.0,0.0,4000.0,6000.0,0.0,0.9,0.9,True
ESS_RioMalleco500_3h,RioMalleco500,2000.0,2000.0,0.0,0.0,0.0,0.0,4000.0,6000.0,0.0,0.9,0.9,True
ESS_NuevaPandeAzucar500_3h,NuevaPandeAzucar500,2000.0,2000.0,0.0,0.0,0.0,0.0,4000.0,6000.0,0.0,0.9,0.9,True
ESS_NuevaMaitencillo500_3h,NuevaMaitencillo500,2000.0,2000.0,0.0,0.0,0.0,0.0,4000.0,6000.0,0.0,0.9,0.9,True
ESS_NuevaPuertoMontt500_3h,NuevaPuertoMontt500,2000.0,2000.0,0.0,0.0,0.0,0.0,4000.0,6000.0,0.0,0.9,0.9,True
ESS_Parinas500_3h,Parinas500,5000.0,5000.0,0.0,0.0,0.0,0.0,10000.0,15000.0,0.0,0.9,0.9,True
ESS_NuevaZaldivar220_3h,NuevaZaldivar220,5000.0,5000.0,0.0,0.0,0.0,0.0,10000.0,15000.0,0.0,0.9,0.9,True
ESS_Kimal500_3h,Kimal500,5000.0,5000.0,0.0,0.0,0.0,0.0,10000.0,15000.0,0.0,0.9,0.9,True
ESS_LosChangos500_3h,LosChangos500,5000.0,5000.0,0.0,0.0,0.0,0.0,10000.0,15000.0,0.0,0.9,0.9,True
ESS_Lagunas220_3h,Lagunas220,5000.0,5000.0,0.0,0.0,0.0,0.0,10000.0,15000.0,0.0,0.9,0.9,True
ESS_Kimal220_3h,Kimal220,5000.0,5000.0,0.0,0.0,0.0,0.0,10000.0,15000.0,0.0,0.9,0.9,True
ESS_LosChangos220_3h,LosChangos220,5000.0,5000.0,0.0,0.0,0.0,0.0,10000.0,15000.0,0.0,0.9,0.9,True
ESS_NuevaPozoAlmonte220_3h,NuevaPozoAlmonte220,5000.0,5000.0,0.0,0.0,0.0,0.0,10000.0,15000.0,0.0,0.9,0.9,True
ESS_Parinacota220_3h,Parinacota220,5000.0,5000.0,0.0,0.0,0.0,0.0,10000.0,15000.0,0.0,0.9,0.9,True
ESS_Quillota500_3h,Quillota500,2000.0,2000.0,0.0,0.0,0.0,0.0,4000.0,6000.0,0.0,0.9,0.9,True
ESS_Candelaria500_3h,Candelaria500,2000.0,2000.0,0.0,0.0,0.0,0.0,4000.0,6000.0,0.0,0.9,0.9,True
ESS_Rapel500_3h,Rapel500,2000.0,2000.0,0.0,0.0,0.0,0.0,4000.0,6000.0,0.0,0.9,0.9,True
ESS_Concepcion500_3h,Concepcion500,2000.0,2000.0,0.0,0.0,0.0,0.0,4000.0,6000.0,0.0,0.9,0.9,True
ESS_Mulchen500_3h,Mulchen500,2000.0,2000.0,0.0,0.0,0.0,0.0,4000.0,6000.0,0.0,0.9,0.9,True
ESS_NuevaCharrua500_2h,NuevaCharrua500,2000.0,2000.0,0.0,0.0,0.0,0.0,2000.0,4000.0,0.0,0.9,0.9,True
ESS_Cumbre500_2h,Cumbre500,5000.0,5000.0,0.0,0.0,0.0,0.0,5000.0,10000.0,0.0,0.9,0.9,True
ESS_Pichirropulli500_2h,Pichirropulli500,2000.0,2000.0,0.0,0.0,0.0,0.0,2000.0,4000.0,0.0,0.9,0.9,True
ESS_Polpaico500_2h,Polpaico500,2000.0,2000.0,0.0,0.0,0.0,0.0,2000.0,4000.0,0.0,0.9,0.9,True
ESS_NuevaAncud500_2h,NuevaAncud500,2000.0,2000.0,0.0,0.0,0.0,0.0,2000.0,4000.0,0.0,0.9,0.9,True
ESS_AltoJahuel500_2h,AltoJahuel500,2000.0,2000.0,0.0,0.0,0.0,0.0,2000.0,4000.0,0.0,0.9,0.9,True
ESS_NuevaCardones500_2h,NuevaCardones500,5000.0,5000.0,0.0,0.0,0.0,0.0,5000.0,10000.0,0.0,0.9,0.9,True
ESS_Ancoa500_2h,Ancoa500,2000.0,2000.0,0.0,0.0,0.0,0.0,2000.0,4000.0,0.0,0.9,0.9,True
ESS_RioMalleco500_2h,RioMalleco500,2000.0,2000.0,0.0,0.0,0.0,0.0,2000.0,4000.0,0.0,0.9,0.9,True
ESS_NuevaPandeAzucar500_2h,NuevaPandeAzucar500,2000.0,2000.0,0.0,0.0,0.0,0.0,2000.0,4000.0,0.0,0.9,0.9,True
ESS_NuevaMaitencillo500_2h,NuevaMaitencillo500,2000.0,2000.0,0.0,0.0,0.0,0.0,2000.0,4000.0,0.0,0.9,0.9,True
ESS_NuevaPuertoMontt500_2h,NuevaPuertoMontt500,2000.0,2000.0,0.0,0.0,0.0,0.0,2000.0,4000.0,0.0,0.9,0.9,True
ESS_Parinas500_2h,Parinas500,5000.0,5000.0,0.0,0.0,0.0,0.0,5000.0,10000.0,0.0,0.9,0.9,True
ESS_NuevaZaldivar220_2h,NuevaZaldivar220,5000.0,5000.0,0.0,0.0,0.0,0.0,5000.0,10000.0,0.0,0.9,0.9,True
ESS_Kimal500_2h,Kimal500,5000.0,5000.0,0.0,0.0,0.0,0.0,5000.0,10000.0,0.0,0.9,0.9,True
ESS_LosChangos500_2h,LosChangos500,5000.0,5000.0,0.0,0.0,0.0,0.0,5000.0,10000.0,0.0,0.9,0.9,True
ESS_Lagunas220_2h,Lagunas220,5000.0,5000.0,0.0,0.0,0.0,0.0,5000.0,10000.0,0.0,0.9,0.9,True
ESS_Kimal220_2h,Kimal220,5000.0,5000.0,0.0,0.0,0.0,0.0,5000.0,10000.0,0.0,0.9,0.9,True
ESS_LosChangos220_2h,LosChangos220,5000.0,5000.0,0.0,0.0,0.0,0.0,5000.0,10000.0,0.0,0.9,0.9,True
ESS_NuevaPozoAlmonte220_2h,NuevaPozoAlmonte220,5000.0,5000.0,0.0,0.0,0.0,0.0,5000.0,10000.0,0.0,0.9,0.9,True
ESS_Parinacota220_2h,Parinacota220,5000.0,5000.0,0.0,0.0,0.0,0.0,5000.0,10000.0,0.0,0.9,0.9,True
ESS_Quillota500_2h,Quillota500,2000.0,2000.0,0.0,0.0,0.0,0.0,2000.0,4000.0,0.0,0.9,0.9,True
ESS_Candelaria500_2h,Candelaria500,2000.0,2000.0,0.0,0.0,0.0,0.0,2000.0,4000.0,0.0,0.9,0.9,True
ESS_Rapel500_2h,Rapel500,2000.0,2000.0,0.0,0.0,0.0,0.0,2000.0,4000.0,0.0,0.9,0.9,True
ESS_Concepcion500_2h,Concepcion500,2000.0,2000.0,0.0,0.0,0.0,0.0,2000.0,4000.0,0.0,0.9,0.9,True
ESS_Mulchen500_2h,Mulchen500,2000.0,2000.0,0.0,0.0,0.0,0.0,2000.0,4000.0,0.0,0.9,0.9,True
Bomb_Antofagasta_1,Parinas500,555.555556,556.0,0.0,0.0,0.0,0.0,5004.0,10008.0,0.0,0.75,0.75,False
Bomb_Antofagasta_2,Parinas500,277.777778,278.0,0.0,0.0,0.0,0.0,2502.0,5004.0,0.0,0.75,0.75,False
Bomb_Antofagasta_3,Parinas500,555.555556,556.0,0.0,0.0,0.0,0.0,5004.0,10008.0,0.0,0.75,0.75,False
Bomb_Antofagasta_4,LosChangos500,277.777778,278.0,0.0,0.0,0.0,0.0,2502.0,5004.0,0.0,0.75,0.75,False
Bomb_Antofagasta_5,LosChangos500,555.555556,556.0,0.0,0.0,0.0,0.0,5004.0,10008.0,0.0,0.75,0.75,False
Bomb_Antofagasta_6,LosChangos500,333.333333,333.0,0.0,0.0,0.0,0.0,2997.0,5994.0,0.0,0.75,0.75,False
Bomb_Antofagasta_7,LosChangos500,555.555556,556.0,0.0,0.0,0.0,0.0,5004.0,10008.0,0.0,0.75,0.75,False
Bomb_Antofagasta_8,Kimal500,555.555556,556.0,0.0,0.0,0.0,0.0,5004.0,10008.0,0.0,0.75,0.75,False
Bomb_Antofagasta_9,Kimal500,277.777778,278.0,0.0,0.0,0.0,0.0,2502.0,5004.0,0.0,0.75,0.75,False
Bomb_Arica_10,Parinacota220,555.555556,556.0,0.0,0.0,0.0,0.0,5004.0,10008.0,0.0,0.75,0.75,False
Bomb_Arica_11,Parinacota220,277.777778,278.0,0.0,0.0,0.0,0.0,2502.0,5004.0,0.0,0.75,0.75,False
Bomb_Arica_12,Parinacota220,1944.444446,1944.0,0.0,0.0,0.0,0.0,17496.0,34992.0,0.0,0.75,0.75,False
Bomb_Arica_13,Parinacota220,999.999999,1000.0,0.0,0.0,0.0,0.0,9000.0,18000.0,0.0,0.75,0.75,False
Bomb_Arica_14,Parinacota220,3611.111114,3611.0,0.0,0.0,0.0,0.0,32499.0,64998.0,0.0,0.75,0.75,False
Bomb_Arica_15,Parinacota220,555.555556,556.0,0.0,0.0,0.0,0.0,5004.0,10008.0,0.0,0.75,0.75,False
Bomb_Arica_16,Parinacota220,2500.000002,2500.0,0.0,0.0,0.0,0.0,22500.0,45000.0,0.0,0.75,0.75,False
Bomb_Arica_17,Parinacota220,1999.999998,2000.0,0.0,0.0,0.0,0.0,18000.0,36000.0,0.0,0.75,0.75,False
Bomb_Arica_18,Parinacota220,3611.111114,3611.0,0.0,0.0,0.0,0.0,32499.0,64998.0,0.0,0.75,0.75,False
Bomb_Atacama_19,NuevaMaitencillo500,277.777778,278.0,0.0,0.0,0.0,0.0,2502.0,5004.0,0.0,0.75,0.75,False
Bomb_Atacama_20,NuevaPandeAzucar500,555.555556,556.0,0.0,0.0,0.0,0.0,5004.0,10008.0,0.0,0.75,0.75,False
Bomb_Atacama_21,Cumbre500,1388.88889,1389.0,0.0,0.0,0.0,0.0,12501.0,25002.0,0.0,0.75,0.75,False
Bomb_Atacama_22,Cumbre500,277.777778,278.0,0.0,0.0,0.0,0.0,2502.0,5004.0,0.0,0.75,0.75,False
Bomb_Biobio_23,Concepcion500,277.777778,278.0,0.0,0.0,0.0,0.0,2502.0,5004.0,0.0,0.75,0.75,False
Bomb_Coquimbo_24,NuevaPandeAzucar500,277.777778,278.0,0.0,0.0,0.0,0.0,2502.0,5004.0,0.0,0.75,0.75,False
Bomb_Coquimbo_25,NuevaPandeAzucar500,277.777778,278.0,0.0,0.0,0.0,0.0,2502.0,5004.0,0.0,0.75,0.75,False
Bomb_Coquimbo_26,NuevaPandeAzucar500,555.555556,556.0,0.0,0.0,0.0,0.0,5004.0,10008.0,0.0,0.75,0.75,False
Bomb_Coquimbo_27,NuevaPandeAzucar500,277.777778,278.0,0.0,0.0,0.0,0.0,2502.0,5004.0,0.0,0.75,0.75,False
Bomb_Coquimbo_28,NuevaMaitencillo500,277.777778,278.0,0.0,0.0,0.0,0.0,2502.0,5004.0,0.0,0.75,0.75,False
Bomb_Los Lagos_29,NuevaPuertoMontt500,277.777778,278.0,0.0,0.0,0.0,0.0,2502.0,5004.0,0.0,0.75,0.75,False
Bomb_Los Lagos_30,NuevaPuertoMontt500,1111.111112,1111.0,0.0,0.0,0.0,0.0,9999.0,19998.0,0.0,0.75,0.75,False
Bomb_Los Lagos_31,NuevaPuertoMontt500,1944.444446,1944.0,0.0,0.0,0.0,0.0,17496.0,34992.0,0.0,0.75,0.75,False
Bomb_Maule_32,Ancoa500,277.777778,278.0,0.0,0.0,0.0,0.0,2502.0,5004.0,0.0,0.75,0.75,False
Bomb_Tarapaca_33,Lagunas220,833.333334,833.0,0.0,0.0,0.0,0.0,7497.0,14994.0,0.0,0.75,0.75,False
Bomb_Tarapaca_34,Lagunas220,333.333333,333.0,0.0,0.0,0.0,0.0,2997.0,5994.0,0.0,0.75,0.75,False
Bomb_Tarapaca_35,Lagunas220,1388.88889,1389.0,0.0,0.0,0.0,0.0,12501.0,25002.0,0.0,0.75,0.75,False
Bomb_Tarapaca_36,Lagunas220,555.555556,556.0,0.0,0.0,0.0,0.0,5004.0,10008.0,0.0,0.75,0.75,False
Bomb_Tarapaca_37,Lagunas220,555.555556,556.0,0.0,0.0,0.0,0.0,5004.0,10008.0,0.0,0.75,0.75,False
Bomb_Tarapaca_38,Lagunas220,277.777778,278.0,0.0,0.0,0.0,0.0,2502.0,5004.0,0.0,0.75,0.75,False
Bomb_Tarapaca_39,Lagunas220,666.666666,667.0,0.0,0.0,0.0,0.0,6003.0,12006.0,0.0,0.75,0.75,False
Bomb_Tarapaca_40,Lagunas220,3333.333336,3333.0,0.0,0.0,0.0,0.0,29997.0,59994.0,0.0,0.75,0.75,False
Bomb_Tarapaca_41,Parinacota220,833.333334,833.0,0.0,0.0,0.0,0.0,7497.0,14994.0,0.0,0.75,0.75,False
Bomb_Tarapaca_42,NuevaPozoAlmonte220,1111.111112,1111.0,0.0,0.0,0.0,0.0,9999.0,19998.0,0.0,0.75,0.75,False
Bomb_Tarapaca_43,NuevaPozoAlmonte220,833.333334,833.0,0.0,0.0,0.0,0.0,7497.0,14994.0,0.0,0.75,0.75,False
Bomb_Tarapaca_44,NuevaPozoAlmonte220,999.999999,1000.0,0.0,0.0,0.0,0.0,9000.0,18000.0,0.0,0.75,0.75,False
Bomb_Tarapaca_45,NuevaPozoAlmonte220,2222.222224,2222.0,0.0,0.0,0.0,0.0,19998.0,39996.0,0.0,0.75,0.75,False
Bomb_Valparaiso_46,Quillota500,277.777778,278.0,0.0,0.0,0.0,0.0,2502.0,5004.0,0.0,0.75,0.75,False
CAES_NuevaCharrua500_4h,NuevaCharrua500,2000.0,2000.0,0.0,0.0,3.0,0.01,4000.0,8000.0,0.0,0.77,0.77,True
CAES_Cumbre500_4h,Cumbre500,2000.0,2000.0,0.0,0.0,3.0,0.01,4000.0,8000.0,0.0,0.77,0.77,True
CAES_Pichirropulli500_4h,Pichirropulli500,2000.0,2000.0,0.0,0.0,3.0,0.01,4000.0,8000.0,0.0,0.77,0.77,True
CAES_Polpaico500_4h,Polpaico500,2000.0,2000.0,0.0,0.0,3.0,0.01,4000.0,8000.0,0.0,0.77,0.77,True
CAES_NuevaAncud500_4h,NuevaAncud500,2000.0,2000.0,0.0,0.0,3.0,0.01,4000.0,8000.0,0.0,0.77,0.77,True
CAES_AltoJahuel500_4h,AltoJahuel500,2000.0,2000.0,0.0,0.0,3.0,0.01,4000.0,8000.0,0.0,0.77,0.77,True
CAES_NuevaCardones500_4h,NuevaCardones500,2000.0,2000.0,0.0,0.0,3.0,0.01,4000.0,8000.0,0.0,0.77,0.77,True
CAES_Ancoa500_4h,Ancoa500,2000.0,2000.0,0.0,0.0,3.0,0.01,4000.0,8000.0,0.0,0.77,0.77,True
CAES_RioMalleco500_4h,RioMalleco500,2000.0,2000.0,0.0,0.0,3.0,0.01,4000.0,8000.0,0.0,0.77,0.77,True
CAES_NuevaPandeAzucar500_4h,NuevaPandeAzucar500,2000.0,2000.0,0.0,0.0,3.0,0.01,4000.0,8000.0,0.0,0.77,0.77,True
CAES_NuevaMaitencillo500_4h,NuevaMaitencillo500,2000.0,2000.0,0.0,0.0,3.0,0.01,4000.0,8000.0,0.0,0.77,0.77,True
CAES_NuevaPuertoMontt500_4h,NuevaPuertoMontt500,2000.0,2000.0,0.0,0.0,3.0,0.01,4000.0,8000.0,0.0,0.77,0.77,True
CAES_Parinas500_4h,Parinas500,2000.0,2000.0,0.0,0.0,3.0,0.01,4000.0,8000.0,0.0,0.77,0.77,True
CAES_NuevaZaldivar220_4h,NuevaZaldivar220,2000.0,2000.0,0.0,0.0,3.0,0.01,4000.0,8000.0,0.0,0.77,0.77,True
CAES_Kimal500_4h,Kimal500,2000.0,2000.0,0.0,0.0,3.0,0.01,4000.0,8000.0,0.0,0.77,0.77,True
CAES_LosChangos500_4h,LosChangos500,2000.0,2000.0,0.0,0.0,3.0,0.01,4000.0,8000.0,0.0,0.77,0.77,True
CAES_Lagunas220_4h,Lagunas220,2000.0,2000.0,0.0,0.0,3.0,0.01,4000.0,8000.0,0.0,0.77,0.77,True
CAES_Kimal220_4h,Kimal220,2000.0,2000.0,0.0,0.0,3.0,0.01,4000.0,8000.0,0.0,0.77,0.77,True
CAES_LosChangos220_4h,LosChangos220,2000.0,2000.0,0.0,0.0,3.0,0.01,4000.0,8000.0,0.0,0.77,0.77,True
CAES_NuevaPozoAlmonte220_4h,NuevaPozoAlmonte220,2000.0,2000.0,0.0,0.0,3.0,0.01,4000.0,8000.0,0.0,0.77,0.77,True
CAES_Parinacota220_4h,Parinacota220,2000.0,2000.0,0.0,0.0,3.0,0.01,4000.0,8000.0,0.0,0.77,0.77,True
CAES_Quillota500_4h,Quillota500,2000.0,2000.0,0.0,0.0,3.0,0.01,4000.0,8000.0,0.0,0.77,0.77,True
CAES_Candelaria500_4h,Candelaria500,2000.0,2000.0,0.0,0.0,3.0,0.01,4000.0,8000.0,0.0,0.77,0.77,True
CAES_Rapel500_4h,Rapel500,2000.0,2000.0,0.0,0.0,3.0,0.01,4000.0,8000.0,0.0,0.77,0.77,True
CAES_Concepcion500_4h,Concepcion500,2000.0,2000.0,0.0,0.0,3.0,0.01,4000.0,8000.0,0.0,0.77,0.77,True
CAES_Mulchen500_4h,Mulchen500,2000.0,2000.0,0.0,0.0,3.0,0.01,4000.0,8000.0,0.0,0.77,0.77,True
Carnot_IEM_4h,LosChangos500,389.47,389.47,0.0,0.0,0.0,0.0,778.94,1557.88,0.0,0.6,0.6,True
Carnot_CTANDINA_CTA_4h,Kimal500,177.0,177.0,0.0,0.0,0.0,0.0,354.0,708.0,0.0,0.6,0.6,True
Carnot_CTHORNITOS_CTH_4h,Kimal500,117.54,117.54,0.0,0.0,0.0,0.0,235.08,470.16,0.0,0.6,0.6,True
Carnot_CTANGAMOS1_ANG1_4h,Kimal500,276.9,276.9,0.0,0.0,0.0,0.0,553.8,1107.6,0.0,0.6,0.6,True
Carnot_CTANGAMOS2_ANG2_4h,Kimal500,281.3,281.3,0.0,0.0,0.0,0.0,562.6,1125.2,0.0,0.6,0.6,True
Carnot_IEM_12h,LosChangos500,389.47,389.47,0.0,0.0,0.0,0.0,2336.82,4673.64,0.0,0.6,0.6,True
Carnot_CTANDINA_CTA_12h,Kimal500,177.0,177.0,0.0,0.0,0.0,0.0,1062.0,2124.0,0.0,0.6,0.6,True
Carnot_CTHORNITOS_CTH_12h,Kimal500,117.54,117.54,0.0,0.0,0.0,0.0,705.24,1410.48,0.0,0.6,0.6,True
Carnot_CTANGAMOS1_ANG1_12h,Kimal500,276.9,276.9,0.0,0.0,0.0,0.0,1661.4,3322.8,0.0,0.6,0.6,True
Carnot_CTANGAMOS2_ANG2_12h,Kimal500,281.3,281.3,0.0,0.0,0.0,0.0,1687.8,3375.6,0.0,0.6,0.6,True
