name,busbar,profile,pmax,pmin,vomc,inv_cost,candidate
ALCONES_FV,Polpaico500,Profile_Alcones,90.0,0.0,0.0,0.0,False
ALMEYDA_FV,Cumbre500,Profile_PVSalvador,52.0,0.0,0.0,0.0,False
ANDES III ETAPA I_FV,NuevaZaldivar220,Profile_ANDESSOLAR,175.9,0.0,0.0,0.0,False
ANDES_IIB_FV,NuevaZaldivar220,Profile_PV_NuevaZaldivar220,112.0,0.0,0.0,0.0,False
ANDES_IV_FV,NuevaZaldivar220,Profile_ANDESSOLAR,130.0,0.0,0.0,0.0,False
ANDES_SOLAR_FV,NuevaZaldivar220,Profile_ANDESSOLAR,21.42,0.0,0.0,0.0,False
ANDES_SOLAR_IIA_ETAPA2_FV,NuevaZaldivar220,Profile_ANDESSOLAR,9.7,0.0,0.0,0.0,False
ANDES_SOLAR_IIA_FV,NuevaZaldivar220,Profile_FV_Kimal03,86.3,0.0,0.0,0.0,False
ANDES_SOLAR_IIB_AMP_FV,NuevaZaldivar220,Profile_ANDESSOLAR,17.0,0.0,0.0,0.0,False
ANDINO_OCCIDENTE_FV,Rapel500,Profile_PV_AltoJahuel500,147.0,0.0,0.0,0.0,False
ARBOLEDA_FV,AltoJahuel500,Profile_ElPicurio,80.0,0.0,0.0,0.0,False
ATACAMA_SOLAR_II_FV,Lagunas220,Profile_FV_Kimal03,150.0,0.0,0.0,0.0,False
AURORA_SOLAR_FV,Lagunas220,Profile_Granja_Solar,187.0,0.0,0.0,0.0,False
AZABACHE_FV,NuevaZaldivar220,Profile_FV_Kimal03,59.8,0.0,0.0,0.0,False
Aguas Negras 14.5 I,Ancoa500,Profile_Cordillerilla,7.209164792,0.0,0.0,0.0,False
Alameda 015 I,AltoJahuel500,Profile_ElPicurio,20.45844063,0.0,0.0,0.0,False
Alcones 023 I,Polpaico500,Profile_Cintac,20.45844063,0.0,0.0,0.0,False
Algarrobo Chilquinta 066 I,Quillota500,Profile_ElDivisadero,23.86818073,0.0,0.0,0.0,False
Alhue 023 I,AltoJahuel500,Profile_ElPicurio,20.45844063,0.0,0.0,0.0,False
Alhue 023 II,AltoJahuel500,Profile_ElPicurio,23.28365386,0.0,0.0,0.0,False
Alhue 023 III,AltoJahuel500,Profile_ElPicurio,26.20628823,0.0,0.0,0.0,False
Alonso de Cordova 012 I,Polpaico500,Profile_Cintac,0.097421146,0.0,0.0,0.0,False
Alto Hospicio 13.8 I,NuevaPozoAlmonte220,Profile_LOSPUQUIOS,8.767903126,0.0,0.0,0.0,False
Alto del Carmen 13.8 I,NuevaMaitencillo500,Profile_ElPelicano,2.922634375,0.0,0.0,0.0,False
Andacollo 023 I,NuevaPandeAzucar500,Profile_SDGx01,1.217764323,0.0,0.0,0.0,False
Andes 220 I,NuevaZaldivar220,Profile_PV_NuevaZaldivar220,25.91402479,0.0,0.0,0.0,False
Angol 023 I,Concepcion500,Profile_ElPitio,2.825213229,0.0,0.0,0.0,False
Angol 13.2 I,Concepcion500,Profile_ElPitio,2.825213229,0.0,0.0,0.0,False
BOLERO_FV,Kimal220,Profile_FVBOLERO,146.0,0.0,0.0,0.0,False
Batuco 023 I,Polpaico500,Profile_PV_Polpaico500,37.99424688,0.0,0.0,0.0,False
Batuco 023 II,Polpaico500,Profile_PV_Polpaico500,46.76215,0.0,0.0,0.0,False
Bollenar 13.2 I,Polpaico500,Profile_PV_Polpaico500,27.95986886,0.0,0.0,0.0,False
Bollenar 13.2 II,AltoJahuel500,Profile_PV_AltoJahuel500,33.61029531,0.0,0.0,0.0,False
Buin CGE A 015 I,AltoJahuel500,Profile_ElPicurio,17.53580625,0.0,0.0,0.0,False
Buin CGE B 015 I,AltoJahuel500,Profile_PV_AltoJahuel500,8.767903126,0.0,0.0,0.0,False
CAMPOS_DEL_SOL_FV,Cumbre500,Profile_LuzdelNorte,381.0,0.0,0.0,0.0,False
CAMPOS_DEL_SOL_II_FV,Cumbre500,Profile_PV_Cumbre500,369.6,0.0,0.0,0.0,False
CANQUINA_FV,NuevaPozoAlmonte220,Profile_FV_PozoAlmonte01,80.0,0.0,0.0,0.0,False
CAPRICORNIO_FV,Kimal220,Profile_FV_Kimal03,87.9,0.0,0.0,0.0,False
CARDONES_FV,NuevaCardones500,Profile_FV_Kimal03,35.0,0.0,0.0,0.0,False
CARRERA_PINTO_FV,Cumbre500,Profile_CarreraPinto,93.0,0.0,0.0,0.0,False
CEME1_FV,Kimal220,Profile_PV_Kimal220,380.0,0.0,0.0,0.0,False
CERRO_DOMINADOR_FV,Kimal220,Profile_CERRODOMINADOR,100.0,0.0,0.0,0.0,False
CHANARES_FV,Cumbre500,Profile_CarreraPinto,34.94,0.0,0.0,0.0,False
CONEJO_I_FV,Cumbre500,Profile_ConejoSolar,104.0,0.0,0.0,0.0,False
COYA_FV,Kimal220,Profile_PV_Kimal220,180.0,0.0,0.0,0.0,False
Cabildo 023 I,Quillota500,Profile_PV_Quillota500,52.12031302,0.0,0.0,0.0,False
Cabildo 023 II,Quillota500,Profile_PV_Quillota500,54.94552625,0.0,0.0,0.0,False
Cabrero 023 I,Concepcion500,Profile_PV_Concepcion500,20.06875604,0.0,0.0,0.0,False
Cabrero 023 II,Concepcion500,Profile_PV_Concepcion500,28.83665917,0.0,0.0,0.0,False
Cabrero 13.8 I,Concepcion500,Profile_ElPitio,8.767903126,0.0,0.0,0.0,False
Cachapoal 015 I,AltoJahuel500,Profile_ElPicurio,8.767903126,0.0,0.0,0.0,False
Cachapoal 015 II,AltoJahuel500,Profile_ElPicurio,16.75643708,0.0,0.0,0.0,False
Cachapoal 015 III,AltoJahuel500,Profile_ElPicurio,25.52434021,0.0,0.0,0.0,False
Cachapoal 015 IV,AltoJahuel500,Profile_ElPicurio,34.29224334,0.0,0.0,0.0,False
Calama 023 I,NuevaZaldivar220,Profile_PV_NuevaZaldivar220,52.60741875,0.0,0.0,0.0,False
Calama 023 II,NuevaZaldivar220,Profile_PV_NuevaZaldivar220,55.53005313,0.0,0.0,0.0,False
Calama 023 III,NuevaZaldivar220,Profile_PV_NuevaZaldivar220,64.29795625,0.0,0.0,0.0,False
Caldera 023 I,NuevaCardones500,Profile_PampaSolarNorte,17.53580625,0.0,0.0,0.0,False
Capricornio 110 I,Kimal220,Profile_CERRODOMINADOR,8.767903126,0.0,0.0,0.0,False
Cardones 220 I,NuevaCardones500,Profile_PV_NuevaCardones500,9.196556167,0.0,0.0,0.0,False
Casablanca 012 I,Quillota500,Profile_PV_Quillota500,11.6905375,0.0,0.0,0.0,False
Casablanca 012 II,Quillota500,Profile_PV_Quillota500,17.53580625,0.0,0.0,0.0,False
Casas Viejas 13.2 I,Quillota500,Profile_ElDivisadero,8.767903126,0.0,0.0,0.0,False
Castilla 023 I,NuevaCardones500,Profile_PampaSolarNorte,2.727792084,0.0,0.0,0.0,False
Catemu 012 I,Quillota500,Profile_PV_Quillota500,25.42691906,0.0,0.0,0.0,False
Cauquenes 13.2 I,Ancoa500,Profile_Cordillerilla,35.0716125,0.0,0.0,0.0,False
Cauquenes 13.2 II,Ancoa500,Profile_Cordillerilla,37.99424688,0.0,0.0,0.0,False
Cerrillos 023 I,NuevaCardones500,Profile_PampaSolarNorte,31.16502455,0.0,0.0,0.0,False
Cerrillos 023 II,NuevaCardones500,Profile_PampaSolarNorte,34.08765893,0.0,0.0,0.0,False
Cerrillos 023 III,AltoJahuel500,Profile_PV_AltoJahuel500,37.0102933,0.0,0.0,0.0,False
Chaca 023 I,Lagunas220,Profile_SOLARELaGUILAI,5.991400469,0.0,0.0,0.0,False
Chacabuco 012 I,Polpaico500,Profile_Cintac,0.292263438,0.0,0.0,0.0,False
Chacahuin 13.2 I,Ancoa500,Profile_PV_Ancoa500,45.39825396,0.0,0.0,0.0,False
Chacahuin 13.2 II,Ancoa500,Profile_PV_Ancoa500,48.22346719,0.0,0.0,0.0,False
Chicureo 023 I,Polpaico500,Profile_Cintac,8.767903126,0.0,0.0,0.0,False
Chillan 015 I,Concepcion500,Profile_ElPitio,28.05729,0.0,0.0,0.0,False
Chillan 13.2 I,Concepcion500,Profile_ElPitio,14.61317188,0.0,0.0,0.0,False
Chillan 13.2 II,Concepcion500,Profile_ElPitio,19.67907146,0.0,0.0,0.0,False
Chimbarongo 015 I,AltoJahuel500,Profile_PV_AltoJahuel500,21.91975781,0.0,0.0,0.0,False
Chocalan 13.2 I,AltoJahuel500,Profile_ElPicurio,8.767903126,0.0,0.0,0.0,False
Cholguan 066 I,Concepcion500,Profile_ElPitio,6.624637917,0.0,0.0,0.0,False
Cholguan 13.2 I,NuevaPandeAzucar500,Profile_PV_NuevaPandeAzucar500,10.91116833,0.0,0.0,0.0,False
Cholguan STS 023 I,Concepcion500,Profile_ElPitio,13.63896042,0.0,0.0,0.0,False
Cholguan STS 023 II,Concepcion500,Profile_ElPitio,22.40686354,0.0,0.0,0.0,False
Cholguan STS 13.8 I,Concepcion500,Profile_ElPitio,26.30370938,0.0,0.0,0.0,False
Cholguan STS 13.8 II,Concepcion500,Profile_ElPitio,35.0716125,0.0,0.0,0.0,False
Cholguan STS 13.8 III,Concepcion500,Profile_ElPitio,43.83951563,0.0,0.0,0.0,False
Chumaquito 015 I,AltoJahuel500,Profile_ElPicurio,24.35528646,0.0,0.0,0.0,False
Cocharcas 015 I,Concepcion500,Profile_ElPitio,8.280797396,0.0,0.0,0.0,False
Cocharcas 13.8 I,Concepcion500,Profile_PV_Concepcion500,13.93122386,0.0,0.0,0.0,False
Colbun 13.8 I,AltoJahuel500,Profile_PV_AltoJahuel500,17.53580625,0.0,0.0,0.0,False
Colchagua 015 I,AltoJahuel500,Profile_ElPicurio,17.04870052,0.0,0.0,0.0,False
Colchagua 015 II,NuevaPandeAzucar500,Profile_PV_NuevaPandeAzucar500,25.81660365,0.0,0.0,0.0,False
Combarbala 110 I,NuevaPandeAzucar500,Profile_SDGx01,3.702003542,0.0,0.0,0.0,False
Combarbala 13.2 I,Quillota500,Profile_PV_Quillota500,9.722630355,0.0,0.0,0.0,False
Con Con 012 I,Quillota500,Profile_ElDivisadero,8.865324271,0.0,0.0,0.0,False
Con Con 012 II,Quillota500,Profile_ElDivisadero,17.6332274,0.0,0.0,0.0,False
Constitucion 023 I,Ancoa500,Profile_Cordillerilla,8.767903126,0.0,0.0,0.0,False
Constitucion 023 II,Ancoa500,Profile_Cordillerilla,17.53580625,0.0,0.0,0.0,False
Copiapo 13.8 I,NuevaCardones500,Profile_PampaSolarNorte,17.53580625,0.0,0.0,0.0,False
Copiapo 13.8 II,NuevaCardones500,Profile_PampaSolarNorte,26.30370938,0.0,0.0,0.0,False
Cristalerias Chile 110 I,Quillota500,Profile_ElDivisadero,8.767903126,0.0,0.0,0.0,False
Curacavi 012 I,Polpaico500,Profile_PV_Polpaico500,11.98280094,0.0,0.0,0.0,False
Curacavi 012 II,Polpaico500,Profile_PV_Polpaico500,17.82806969,0.0,0.0,0.0,False
Curico 13.2 A I,AltoJahuel500,Profile_ElPicurio,30.29797636,0.0,0.0,0.0,False
Curico 13.2 A II,AltoJahuel500,Profile_ElPicurio,39.06587948,0.0,0.0,0.0,False
Curico 13.2 B I,Ancoa500,Profile_Cordillerilla,40.65384416,0.0,0.0,0.0,False
DESIERTO DE ATACAMA_FV,NuevaMaitencillo500,Profile_PFV_Sol_de_Vallenar,270.0,0.0,0.0,0.0,False
DIEGO_DE_ALMAGRO_FV,Cumbre500,Profile_SolarDiegodeAlmagro,32.0,0.0,0.0,0.0,False
DIEGO_DE_ALMAGRO_SUR_FV,Cumbre500,Profile_PV_Cumbre500,208.0,0.0,0.0,0.0,False
DOMEYKO_FV,Kimal220,Profile_PV_Kimal220,186.2,0.0,0.0,0.0,False
DON HUMBERTO_FV,Polpaico500,Profile_Cintac,73.0,0.0,0.0,0.0,False
DONA_CARMEN_FV,Quillota500,Profile_ElDivisadero,40.0,0.0,0.0,0.0,False
DON_CARLOS_FV,NuevaMaitencillo500,Profile_PV_NuevaMaitencillo500,196.0,0.0,0.0,0.0,False
DO�A_ANTONIA_FV,NuevaPandeAzucar500,Profile_SDGx01,75.0,0.0,0.0,0.0,False
Deuco 13.2 I,Concepcion500,Profile_ElPitio,2.727792084,0.0,0.0,0.0,False
Diego de Almagro 023 I,Cumbre500,Profile_CarreraPinto,7.793691667,0.0,0.0,0.0,False
Diego de Almagro 023 II,Cumbre500,Profile_CarreraPinto,16.56159479,0.0,0.0,0.0,False
Diego de Almagro 023 III,Cumbre500,Profile_CarreraPinto,25.32949792,0.0,0.0,0.0,False
Dolores 023 I,NuevaPozoAlmonte220,Profile_LOSPUQUIOS,8.767903126,0.0,0.0,0.0,False
Don Hector A 220 I,NuevaMaitencillo500,Profile_ElPelicano,8.767903126,0.0,0.0,0.0,False
Duqueco 023 I,Concepcion500,Profile_ElPitio,32.733505,0.0,0.0,0.0,False
ELENA_ETAPA_I_FV,Kimal220,Profile_PV_Kimal220,67.5,0.0,0.0,0.0,False
EL_MANZANO_FV,Polpaico500,Profile_PV_Polpaico500,87.0,0.0,0.0,0.0,False
EL_ROMERO_FV,NuevaMaitencillo500,Profile_SolarElRomero,196.0,0.0,0.0,0.0,False
ESTEPA SOLAR_FV,Kimal220,Profile_PV_Kimal220,202.4,0.0,0.0,0.0,False
El Aguila 066 I,Lagunas220,Profile_SOLARELaGUILAI,1.9640103,0.0,0.0,0.0,False
El Avellano 015 I,Concepcion500,Profile_ElPitio,2.630370938,0.0,0.0,0.0,False
El Avellano 023 I,Concepcion500,Profile_ElPitio,14.61317188,0.0,0.0,0.0,False
El Avellano 023 II,Concepcion500,Profile_ElPitio,17.53580625,0.0,0.0,0.0,False
El Lince 023 I,Kimal220,Profile_CERRODOMINADOR,8.767903126,0.0,0.0,0.0,False
El Maiten 13.2 I,Polpaico500,Profile_PV_Polpaico500,9.449851146,0.0,0.0,0.0,False
El Manzano 015 I,Ancoa500,Profile_PV_Ancoa500,14.80801417,0.0,0.0,0.0,False
El Manzano 015 II,Ancoa500,Profile_PV_Ancoa500,23.57591729,0.0,0.0,0.0,False
El Manzano 023 I,Polpaico500,Profile_PV_Polpaico500,67.22059063,0.0,0.0,0.0,False
El Melon 012 I,Quillota500,Profile_ElDivisadero,8.767903126,0.0,0.0,0.0,False
El Monte 13.2 I,Polpaico500,Profile_PV_Polpaico500,18.70486,0.0,0.0,0.0,False
El Monte 13.2 II,Polpaico500,Profile_PV_Polpaico500,27.47276313,0.0,0.0,0.0,False
El Negro 023 I,Kimal220,Profile_CERRODOMINADOR,8.767903126,0.0,0.0,0.0,False
El Paico 13.2 I,Polpaico500,Profile_PV_Polpaico500,12.27506438,0.0,0.0,0.0,False
El Peumo 023 I,Polpaico500,Profile_PV_Polpaico500,32.1294939,0.0,0.0,0.0,False
El Peumo 023 II,Polpaico500,Profile_PV_Polpaico500,40.89739702,0.0,0.0,0.0,False
El Pe�on 023 I,NuevaPandeAzucar500,Profile_SDGx01,2.922634375,0.0,0.0,0.0,False
El Pe�on 023 II,NuevaPandeAzucar500,Profile_SDGx01,14.61317188,0.0,0.0,0.0,False
El Pe�on 110 I,NuevaPandeAzucar500,Profile_PV_NuevaPandeAzucar500,8.767903126,0.0,0.0,0.0,False
El Pe�on 13.2 I,NuevaPandeAzucar500,Profile_PV_NuevaPandeAzucar500,2.630370938,0.0,0.0,0.0,False
El Pe�on 13.2 II,NuevaPandeAzucar500,Profile_PV_NuevaPandeAzucar500,11.39827406,0.0,0.0,0.0,False
El Salado 023 I,Cumbre500,Profile_CarreraPinto,14.61317188,0.0,0.0,0.0,False
El Salvador 110 I,Cumbre500,Profile_PV_Cumbre500,5.71433473,0.0,0.0,0.0,False
El Tesoro 023 I,Kimal220,Profile_CERRODOMINADOR,8.767903126,0.0,0.0,0.0,False
El Tesoro 023 II,Kimal220,Profile_CERRODOMINADOR,15.58738333,0.0,0.0,0.0,False
El Tesoro 023 III,Kimal220,Profile_CERRODOMINADOR,24.35528646,0.0,0.0,0.0,False
El Totoral 12.5 I,NuevaPandeAzucar500,Profile_PV_NuevaPandeAzucar500,8.767903126,0.0,0.0,0.0,False
Encuentro 220 I,Kimal220,Profile_CERRODOMINADOR,8.767903126,0.0,0.0,0.0,False
FINIS_TERRAE_ETAPA_II_AMP_FV,Kimal220,Profile_FINISTERRAE,18.0,0.0,0.0,0.0,False
FINIS_TERRAE_ETAPA_I_AMP_FV,Kimal220,Profile_FINISTERRAE,126.2,0.0,0.0,0.0,False
FINIS_TERRAE_FV,Kimal220,Profile_FINISTERRAE,137.3,0.0,0.0,0.0,False
FV_Antofagasta_22,Cumbre500,Profile_FV_Antofagasta_22,9174.319136,0.0,0.0,809.0,True
FV_Antofagasta_23,Parinas500,Profile_FV_Antofagasta_23,10000.0,0.0,0.0,809.0,True
FV_Antofagasta_24,Cumbre500,Profile_FV_Antofagasta_24,1556.180594,0.0,0.0,809.0,True
FV_Antofagasta_27,Parinas500,Profile_FV_Antofagasta_27,4747.210869,0.0,0.0,809.0,True
FV_Antofagasta_28,Parinas500,Profile_FV_Antofagasta_28,10000.0,0.0,0.0,809.0,True
FV_Antofagasta_29,Parinas500,Profile_FV_Antofagasta_29,10000.0,0.0,0.0,809.0,True
FV_Antofagasta_30,NuevaZaldivar220,Profile_FV_Antofagasta_30,3613.74044,0.0,0.0,809.0,True
FV_Antofagasta_32,Parinas500,Profile_FV_Antofagasta_32,8072.72689,0.0,0.0,809.0,True
FV_Antofagasta_33,LosChangos220,Profile_FV_Antofagasta_33,10000.0,0.0,0.0,809.0,True
FV_Antofagasta_34,NuevaZaldivar220,Profile_FV_Antofagasta_34,10000.0,0.0,0.0,809.0,True
FV_Antofagasta_35,NuevaZaldivar220,Profile_FV_Antofagasta_35,10000.0,0.0,0.0,809.0,True
FV_Antofagasta_36,NuevaZaldivar220,Profile_FV_Antofagasta_36,254.0,0.0,0.0,809.0,True
FV_Antofagasta_37,LosChangos500,Profile_FV_Antofagasta_37,10000.0,0.0,0.0,809.0,True
FV_Antofagasta_38,Kimal500,Profile_FV_Antofagasta_38,10000.0,0.0,0.0,809.0,True
FV_Antofagasta_39,Kimal220,Profile_FV_Antofagasta_39,10000.0,0.0,0.0,809.0,True
FV_Antofagasta_40,Kimal220,Profile_FV_Antofagasta_40,10000.0,0.0,0.0,809.0,True
FV_Antofagasta_42,Kimal220,Profile_FV_Antofagasta_42,1021.214084,0.0,0.0,809.0,True
FV_Antofagasta_43,Kimal220,Profile_FV_Antofagasta_43,10000.0,0.0,0.0,809.0,True
FV_Antofagasta_44,Kimal220,Profile_FV_Antofagasta_44,10000.0,0.0,0.0,809.0,True
FV_Antofagasta_45,Kimal220,Profile_FV_Antofagasta_45,9190.23,0.0,0.0,809.0,True
FV_Antofagasta_49,Kimal220,Profile_FV_Antofagasta_49,10000.0,0.0,0.0,809.0,True
FV_Antofagasta_50,Lagunas220,Profile_FV_Antofagasta_50,736.146125,0.0,0.0,809.0,True
FV_Araucania_199,RioMalleco500,Profile_FV_Araucania_199,262.18,0.0,0.0,809.0,True
FV_Araucania_200,RioMalleco500,Profile_FV_Araucania_200,13.25,0.0,0.0,809.0,True
FV_Araucania_201,RioMalleco500,Profile_FV_Araucania_201,5893.84,0.0,0.0,809.0,True
FV_Araucania_203,RioMalleco500,Profile_FV_Araucania_203,55.182392,0.0,0.0,809.0,True
FV_Araucania_204,RioMalleco500,Profile_FV_Araucania_204,10000.0,0.0,0.0,809.0,True
FV_Araucania_205,RioMalleco500,Profile_FV_Araucania_205,10000.0,0.0,0.0,809.0,True
FV_Araucania_206,RioMalleco500,Profile_FV_Araucania_206,144.93,0.0,0.0,809.0,True
FV_Araucania_208,Mulchen500,Profile_FV_Araucania_208,47.25,0.0,0.0,809.0,True
FV_Araucania_210,RioMalleco500,Profile_FV_Araucania_210,58.203544,0.0,0.0,809.0,True
FV_Arica_01,Parinacota220,Profile_FV_Arica_01,10000.0,0.0,0.0,809.0,True
FV_Arica_02,Parinacota220,Profile_FV_Arica_02,10000.0,0.0,0.0,809.0,True
FV_Arica_04,Parinacota220,Profile_FV_Arica_04,10000.0,0.0,0.0,809.0,True
FV_Arica_05,Parinacota220,Profile_FV_Arica_05,4082.81,0.0,0.0,809.0,True
FV_Atacama_52,NuevaMaitencillo500,Profile_FV_Atacama_52,1001.8,0.0,0.0,809.0,True
FV_Atacama_53,NuevaMaitencillo500,Profile_FV_Atacama_53,8572.03,0.0,0.0,809.0,True
FV_Atacama_57,NuevaMaitencillo500,Profile_FV_Atacama_57,4474.91,0.0,0.0,809.0,True
FV_Atacama_58,NuevaMaitencillo500,Profile_FV_Atacama_58,10000.0,0.0,0.0,809.0,True
FV_Atacama_59,NuevaMaitencillo500,Profile_FV_Atacama_59,189.5,0.0,0.0,809.0,True
FV_Atacama_62,NuevaCardones500,Profile_FV_Atacama_62,1453.389659,0.0,0.0,809.0,True
FV_Atacama_63,NuevaCardones500,Profile_FV_Atacama_63,10000.0,0.0,0.0,809.0,True
FV_Atacama_64,NuevaCardones500,Profile_FV_Atacama_64,2582.94,0.0,0.0,809.0,True
FV_Atacama_65,Cumbre500,Profile_FV_Atacama_65,3952.261845,0.0,0.0,809.0,True
FV_Atacama_68,Cumbre500,Profile_FV_Atacama_68,10000.0,0.0,0.0,809.0,True
FV_Atacama_69,Cumbre500,Profile_FV_Atacama_69,10000.0,0.0,0.0,809.0,True
FV_Atacama_70,Cumbre500,Profile_FV_Atacama_70,9789.496988,0.0,0.0,809.0,True
FV_Atacama_74,Cumbre500,Profile_FV_Atacama_74,10000.0,0.0,0.0,809.0,True
FV_Atacama_75,Parinas500,Profile_FV_Atacama_75,2736.330152,0.0,0.0,809.0,True
FV_Biobio_173,RioMalleco500,Profile_FV_Biobio_173,226.203168,0.0,0.0,809.0,True
FV_Biobio_174,RioMalleco500,Profile_FV_Biobio_174,1703.61,0.0,0.0,809.0,True
FV_Biobio_176,RioMalleco500,Profile_FV_Biobio_176,176.127067,0.0,0.0,809.0,True
FV_Biobio_178,Concepcion500,Profile_FV_Biobio_178,6375.17,0.0,0.0,809.0,True
FV_Biobio_179,Mulchen500,Profile_FV_Biobio_179,10000.0,0.0,0.0,809.0,True
FV_Biobio_180,Mulchen500,Profile_FV_Biobio_180,10000.0,0.0,0.0,809.0,True
FV_Biobio_181,Mulchen500,Profile_FV_Biobio_181,7976.39,0.0,0.0,809.0,True
FV_Biobio_182,RioMalleco500,Profile_FV_Biobio_182,76.5,0.0,0.0,809.0,True
FV_Biobio_183,Concepcion500,Profile_FV_Biobio_183,1975.46,0.0,0.0,809.0,True
FV_Biobio_184,Concepcion500,Profile_FV_Biobio_184,7297.68,0.0,0.0,809.0,True
FV_Biobio_185,NuevaCharrua500,Profile_FV_Biobio_185,10000.0,0.0,0.0,809.0,True
FV_Biobio_189,Concepcion500,Profile_FV_Biobio_189,4.95,0.0,0.0,809.0,True
FV_Coquimbo_77,Quillota500,Profile_FV_Coquimbo_77,63.013683,0.0,0.0,809.0,True
FV_Coquimbo_78,Quillota500,Profile_FV_Coquimbo_78,1387.29,0.0,0.0,809.0,True
FV_Coquimbo_79,Quillota500,Profile_FV_Coquimbo_79,73.0,0.0,0.0,809.0,True
FV_Coquimbo_81,NuevaPandeAzucar500,Profile_FV_Coquimbo_81,731.63,0.0,0.0,809.0,True
FV_Coquimbo_82,NuevaPandeAzucar500,Profile_FV_Coquimbo_82,2106.71,0.0,0.0,809.0,True
FV_Coquimbo_83,Quillota500,Profile_FV_Coquimbo_83,77.409294,0.0,0.0,809.0,True
FV_Coquimbo_85,NuevaPandeAzucar500,Profile_FV_Coquimbo_85,5399.57,0.0,0.0,809.0,True
FV_Coquimbo_86,NuevaPandeAzucar500,Profile_FV_Coquimbo_86,7102.74,0.0,0.0,809.0,True
FV_Coquimbo_87,NuevaPandeAzucar500,Profile_FV_Coquimbo_87,55.75,0.0,0.0,809.0,True
FV_Coquimbo_89,NuevaPandeAzucar500,Profile_FV_Coquimbo_89,7950.35,0.0,0.0,809.0,True
FV_Coquimbo_90,NuevaPandeAzucar500,Profile_FV_Coquimbo_90,2419.63,0.0,0.0,809.0,True
FV_Coquimbo_91,NuevaPandeAzucar500,Profile_FV_Coquimbo_91,148.0,0.0,0.0,809.0,True
FV_Coquimbo_92,NuevaPandeAzucar500,Profile_FV_Coquimbo_92,21.5,0.0,0.0,809.0,True
FV_Coquimbo_93,NuevaPandeAzucar500,Profile_FV_Coquimbo_93,21.18,0.0,0.0,809.0,True
FV_Coquimbo_94,NuevaMaitencillo500,Profile_FV_Coquimbo_94,2900.22,0.0,0.0,809.0,True
FV_Coquimbo_95,NuevaPandeAzucar500,Profile_FV_Coquimbo_95,205.411083,0.0,0.0,809.0,True
FV_Coquimbo_99,NuevaMaitencillo500,Profile_FV_Coquimbo_99,16.962594,0.0,0.0,809.0,True
FV_Maule_142,Ancoa500,Profile_FV_Maule_142,10000.0,0.0,0.0,809.0,True
FV_Maule_143,Ancoa500,Profile_FV_Maule_143,2941.41,0.0,0.0,809.0,True
FV_Maule_144,Ancoa500,Profile_FV_Maule_144,163.055272,0.0,0.0,809.0,True
FV_Maule_146,Ancoa500,Profile_FV_Maule_146,5962.35,0.0,0.0,809.0,True
FV_Maule_147,Ancoa500,Profile_FV_Maule_147,10000.0,0.0,0.0,809.0,True
FV_Maule_148,Ancoa500,Profile_FV_Maule_148,10000.0,0.0,0.0,809.0,True
FV_Maule_149,Ancoa500,Profile_FV_Maule_149,934.395554,0.0,0.0,809.0,True
FV_Maule_151,Ancoa500,Profile_FV_Maule_151,1938.75011,0.0,0.0,809.0,True
FV_Maule_152,Ancoa500,Profile_FV_Maule_152,4184.632405,0.0,0.0,809.0,True
FV_Maule_153,Ancoa500,Profile_FV_Maule_153,10000.0,0.0,0.0,809.0,True
FV_Maule_154,Ancoa500,Profile_FV_Maule_154,1286.129582,0.0,0.0,809.0,True
FV_Maule_158,Rapel500,Profile_FV_Maule_158,685.945402,0.0,0.0,809.0,True
FV_Metropolitana_117,Rapel500,Profile_FV_Metropolitana_117,1454.738066,0.0,0.0,809.0,True
FV_Metropolitana_118,AltoJahuel500,Profile_FV_Metropolitana_118,10000.0,0.0,0.0,809.0,True
FV_Metropolitana_120,Candelaria500,Profile_FV_Metropolitana_120,13.499224,0.0,0.0,809.0,True
FV_Metropolitana_121,Rapel500,Profile_FV_Metropolitana_121,3023.58,0.0,0.0,809.0,True
FV_Metropolitana_122,Polpaico500,Profile_FV_Metropolitana_122,10000.0,0.0,0.0,809.0,True
FV_Metropolitana_123,AltoJahuel500,Profile_FV_Metropolitana_123,1291.53,0.0,0.0,809.0,True
FV_Metropolitana_127,Polpaico500,Profile_FV_Metropolitana_127,23.12,0.0,0.0,809.0,True
FV_Nuble_161,NuevaCharrua500,Profile_FV_Nuble_161,4.468091,0.0,0.0,809.0,True
FV_Nuble_162,NuevaCharrua500,Profile_FV_Nuble_162,10000.0,0.0,0.0,809.0,True
FV_Nuble_163,NuevaCharrua500,Profile_FV_Nuble_163,2486.26,0.0,0.0,809.0,True
FV_Nuble_164,NuevaCharrua500,Profile_FV_Nuble_164,11.75,0.0,0.0,809.0,True
FV_Nuble_165,Concepcion500,Profile_FV_Nuble_165,4873.58,0.0,0.0,809.0,True
FV_Nuble_166,NuevaCharrua500,Profile_FV_Nuble_166,10000.0,0.0,0.0,809.0,True
FV_Nuble_167,NuevaCharrua500,Profile_FV_Nuble_167,8790.78,0.0,0.0,809.0,True
FV_Nuble_169,Concepcion500,Profile_FV_Nuble_169,254.33,0.0,0.0,809.0,True
FV_Ohiggins_129,Rapel500,Profile_FV_Ohiggins_129,1903.54,0.0,0.0,809.0,True
FV_Ohiggins_130,Rapel500,Profile_FV_Ohiggins_130,10000.0,0.0,0.0,809.0,True
FV_Ohiggins_131,Candelaria500,Profile_FV_Ohiggins_131,860.89,0.0,0.0,809.0,True
FV_Ohiggins_133,Rapel500,Profile_FV_Ohiggins_133,10000.0,0.0,0.0,809.0,True
FV_Ohiggins_134,Rapel500,Profile_FV_Ohiggins_134,8816.41,0.0,0.0,809.0,True
FV_Ohiggins_135,Candelaria500,Profile_FV_Ohiggins_135,10000.0,0.0,0.0,809.0,True
FV_Ohiggins_137,Rapel500,Profile_FV_Ohiggins_137,49.775601,0.0,0.0,809.0,True
FV_Ohiggins_139,Candelaria500,Profile_FV_Ohiggins_139,506.294564,0.0,0.0,809.0,True
FV_Tarapaca_10,Lagunas220,Profile_FV_Tarapaca_10,5398.3,0.0,0.0,809.0,True
FV_Tarapaca_11,Lagunas220,Profile_FV_Tarapaca_11,10000.0,0.0,0.0,809.0,True
FV_Tarapaca_12,Lagunas220,Profile_FV_Tarapaca_12,75.718995,0.0,0.0,809.0,True
FV_Tarapaca_13,Lagunas220,Profile_FV_Tarapaca_13,10000.0,0.0,0.0,809.0,True
FV_Tarapaca_14,NuevaPozoAlmonte220,Profile_FV_Tarapaca_14,10000.0,0.0,0.0,809.0,True
FV_Tarapaca_15,Lagunas220,Profile_FV_Tarapaca_15,10000.0,0.0,0.0,809.0,True
FV_Tarapaca_16,NuevaPozoAlmonte220,Profile_FV_Tarapaca_16,10000.0,0.0,0.0,809.0,True
FV_Tarapaca_17,NuevaPozoAlmonte220,Profile_FV_Tarapaca_17,10000.0,0.0,0.0,809.0,True
FV_Tarapaca_18,NuevaPozoAlmonte220,Profile_FV_Tarapaca_18,10000.0,0.0,0.0,809.0,True
FV_Tarapaca_19,Parinacota220,Profile_FV_Tarapaca_19,4653.907807,0.0,0.0,809.0,True
FV_Valparaiso_101,Rapel500,Profile_FV_Valparaiso_101,2669.934936,0.0,0.0,809.0,True
FV_Valparaiso_102,Rapel500,Profile_FV_Valparaiso_102,2985.73,0.0,0.0,809.0,True
FV_Valparaiso_105,Quillota500,Profile_FV_Valparaiso_105,2201.29,0.0,0.0,809.0,True
FV_Valparaiso_106,Quillota500,Profile_FV_Valparaiso_106,5432.06,0.0,0.0,809.0,True
FV_Valparaiso_107,Polpaico500,Profile_FV_Valparaiso_107,24.369728,0.0,0.0,809.0,True
FV_Valparaiso_109,Quillota500,Profile_FV_Valparaiso_109,16.154936,0.0,0.0,809.0,True
FV_Valparaiso_110,Quillota500,Profile_FV_Valparaiso_110,2016.75,0.0,0.0,809.0,True
FV_Valparaiso_111,Polpaico500,Profile_FV_Valparaiso_111,1141.03,0.0,0.0,809.0,True
FV_Valparaiso_115,Quillota500,Profile_FV_Valparaiso_115,9.75,0.0,0.0,809.0,True
Fatima 015 A I,AltoJahuel500,Profile_ElPicurio,23.381075,0.0,0.0,0.0,False
Fatima 015 B I,AltoJahuel500,Profile_PV_AltoJahuel500,18.99712344,0.0,0.0,0.0,False
GRANJA_SOLAR_FV,Lagunas220,Profile_Granja_Solar,105.0,0.0,0.0,0.0,False
GRAN_TENO_FV,AltoJahuel500,Profile_ElPicurio,200.0,0.0,0.0,0.0,False
Graneros 015 I,AltoJahuel500,Profile_PV_AltoJahuel500,32.31459408,0.0,0.0,0.0,False
Graneros 015 II,AltoJahuel500,Profile_PV_AltoJahuel500,41.0824972,0.0,0.0,0.0,False
H. Fuentes 023 I,NuevaCardones500,Profile_PV_NuevaCardones500,20.45844063,0.0,0.0,0.0,False
H. Fuentes 023 II,NuevaCardones500,Profile_PV_NuevaCardones500,23.381075,0.0,0.0,0.0,False
HUATACONDO_FV,Lagunas220,Profile_Huatacondo,98.0,0.0,0.0,0.0,False
Hospital 015 I,AltoJahuel500,Profile_ElPicurio,27.86244771,0.0,0.0,0.0,False
Huala�e 13.2 I,Ancoa500,Profile_PV_Ancoa500,2.727792084,0.0,0.0,0.0,False
Hualte 066 I,Concepcion500,Profile_ElPitio,8.767903126,0.0,0.0,0.0,False
Hualte 13.2 I,Concepcion500,Profile_PV_Concepcion500,2.922634375,0.0,0.0,0.0,False
Huasco 13.2 I,NuevaMaitencillo500,Profile_ElPelicano,8.767903126,0.0,0.0,0.0,False
Illapel 023 I,Quillota500,Profile_PV_Quillota500,25.32949792,0.0,0.0,0.0,False
Imperial 023 I,Concepcion500,Profile_ElPitio,11.49569521,0.0,0.0,0.0,False
Incahuasi 023 I,NuevaPandeAzucar500,Profile_PV_NuevaPandeAzucar500,4.817670504,0.0,0.0,0.0,False
Isla de Maipo 012 I,AltoJahuel500,Profile_PV_AltoJahuel500,21.43265208,0.0,0.0,0.0,False
Isla de Maipo 012 II,AltoJahuel500,Profile_PV_AltoJahuel500,22.3094424,0.0,0.0,0.0,False
Isla de Maipo 023 I,AltoJahuel500,Profile_ElPicurio,26.30370938,0.0,0.0,0.0,False
Isla de Maipo 023 II,AltoJahuel500,Profile_ElPicurio,35.0716125,0.0,0.0,0.0,False
Itahue 066 I,AltoJahuel500,Profile_ElPicurio,8.767903126,0.0,0.0,0.0,False
Itahue 066 II,AltoJahuel500,Profile_ElPicurio,17.53580625,0.0,0.0,0.0,False
Itahue 13.2 I,AltoJahuel500,Profile_ElPicurio,7.793691667,0.0,0.0,0.0,False
JAMA_FV,NuevaZaldivar220,Profile_SOLARJAMA,51.0,0.0,0.0,0.0,False
JAVIERA_FV,Cumbre500,Profile_SolarJaviera,65.0,0.0,0.0,0.0,False
LALACKAMA_2_FV,Cumbre500,Profile_PV_Cumbre500,16.5,0.0,0.0,0.0,False
LALACKAMA_FV,Cumbre500,Profile_PV_Cumbre500,55.0,0.0,0.0,0.0,False
LAS_SALINAS_Fase1_FV,Kimal220,Profile_CERRODOMINADOR,58.6,0.0,0.0,0.0,False
LAS_SALINAS_Fase2_FV,Kimal220,Profile_CERRODOMINADOR,34.8,0.0,0.0,0.0,False
LAS_SALINAS_Fase3_FV,Kimal220,Profile_CERRODOMINADOR,122.8,0.0,0.0,0.0,False
LAS_SALINAS_Fase4_FV,Kimal220,Profile_CERRODOMINADOR,93.5,0.0,0.0,0.0,False
LAS_SALINAS_Fase5_FV,Kimal220,Profile_CERRODOMINADOR,30.1,0.0,0.0,0.0,False
LAS_SALINAS_Fase6_FV,Kimal220,Profile_CERRODOMINADOR,24.2,0.0,0.0,0.0,False
LA_CRUZ_FV,Kimal220,Profile_FINISTERRAE,50.0,0.0,0.0,0.0,False
LA_HUAYCA_2_FV,NuevaPozoAlmonte220,Profile_SPSLAHUAYCAII,24.99,0.0,0.0,0.0,False
LA_HUELLA_FV,NuevaMaitencillo500,Profile_FV_Kimal03,84.0,0.0,0.0,0.0,False
LEYDA_FV,AltoJahuel500,Profile_ElPicurio,80.0,0.0,0.0,0.0,False
LIBELULA_Y_PMGD_FV,Polpaico500,Profile_PV_Polpaico500,139.7,0.0,0.0,0.0,False
LIBERTAD_III_FV,NuevaMaitencillo500,Profile_ElPelicano,122.0,0.0,0.0,0.0,False
LIBERTAD_II_FV,NuevaMaitencillo500,Profile_ElPelicano,122.0,0.0,0.0,0.0,False
LLANO_DE_LLAMPOS_FV,NuevaCardones500,Profile_SolarLlanodeLlampos,101.02,0.0,0.0,0.0,False
LOS_LOROS_FV,NuevaCardones500,Profile_PFVLosLoros,45.82,0.0,0.0,0.0,False
LUNA DE VERANO_FV,NuevaMaitencillo500,Profile_PV_NuevaMaitencillo500,82.0,0.0,0.0,0.0,False
LUZ_DEL_NORTE_FV,Cumbre500,Profile_LuzdelNorte,141.0,0.0,0.0,0.0,False
La Calera 012 I,Quillota500,Profile_ElDivisadero,20.45844063,0.0,0.0,0.0,False
La Esperanza 13.2 I,Polpaico500,Profile_PV_Polpaico500,14.61317188,0.0,0.0,0.0,False
La Manga 13.2 I,Polpaico500,Profile_PV_Polpaico500,28.15471115,0.0,0.0,0.0,False
La Negra 023 I,Kimal220,Profile_CERRODOMINADOR,8.767903126,0.0,0.0,0.0,False
La Negra 023 II,Kimal220,Profile_CERRODOMINADOR,17.53580625,0.0,0.0,0.0,False
La Palma 13.2 I,Ancoa500,Profile_PV_Ancoa500,36.04582396,0.0,0.0,0.0,False
La Reina 012 I,NuevaPandeAzucar500,Profile_PV_NuevaPandeAzucar500,0.149054353,0.0,0.0,0.0,False
La Ronda 015 I,AltoJahuel500,Profile_ElPicurio,11.59311635,0.0,0.0,0.0,False
La Vega 023 I,Ancoa500,Profile_Cordillerilla,8.767903126,0.0,0.0,0.0,False
Lagunas 023 I,Lagunas220,Profile_SOLARELaGUILAI,8.767903126,0.0,0.0,0.0,False
Lagunas 023 II,Lagunas220,Profile_SOLARELaGUILAI,17.53580625,0.0,0.0,0.0,False
Lagunas 220 I,Lagunas220,Profile_SOLARELaGUILAI,8.767903126,0.0,0.0,0.0,False
Laja 13.8 I,Concepcion500,Profile_ElPitio,10.22922031,0.0,0.0,0.0,False
Lampa 023 I,Polpaico500,Profile_Cintac,0.974211458,0.0,0.0,0.0,False
Larqui 023 I,Concepcion500,Profile_ElPitio,11.6905375,0.0,0.0,0.0,False
Larqui 023 II,Concepcion500,Profile_ElPitio,20.45844063,0.0,0.0,0.0,False
Las Acacias 023 I,Polpaico500,Profile_Cintac,9.644693438,0.0,0.0,0.0,False
Las Ara�as 1 023 I,Concepcion500,Profile_ElPitio,11.39827406,0.0,0.0,0.0,False
Las Ara�as 1 13.2 I,AltoJahuel500,Profile_PV_AltoJahuel500,9.547272292,0.0,0.0,0.0,False
Las Cabras 015 I,AltoJahuel500,Profile_PV_AltoJahuel500,24.6475499,0.0,0.0,0.0,False
Las Compa�ias 13.2 I,NuevaPandeAzucar500,Profile_PV_NuevaPandeAzucar500,26.30370938,0.0,0.0,0.0,False
Las Vegas 012 I,Quillota500,Profile_PV_Quillota500,26.69339396,0.0,0.0,0.0,False
Lautaro 023 I,Mulchen500,Profile_PV_Mulchen500,8.767903126,0.0,0.0,0.0,False
Lautaro 13.2 I,Mulchen500,Profile_PV_Mulchen500,2.727792084,0.0,0.0,0.0,False
Leyda 13.2 I,Polpaico500,Profile_Cintac,8.573060834,0.0,0.0,0.0,False
Licanten 023 I,Ancoa500,Profile_Cordillerilla,8.767903126,0.0,0.0,0.0,False
Licanten 13.2 I,Ancoa500,Profile_Cordillerilla,5.84526875,0.0,0.0,0.0,False
Lihueimo 13.2 I,Polpaico500,Profile_PV_Polpaico500,14.12606615,0.0,0.0,0.0,False
Linares Norte 13.8 I,AltoJahuel500,Profile_PV_AltoJahuel500,27.76502656,0.0,0.0,0.0,False
Linares Norte 13.8 II,AltoJahuel500,Profile_PV_AltoJahuel500,36.53292969,0.0,0.0,0.0,False
Lo Aguirre 012 I,Polpaico500,Profile_Cintac,8.767903126,0.0,0.0,0.0,False
Lo Boza 012 I,Polpaico500,Profile_Cintac,8.767903126,0.0,0.0,0.0,False
Lo Boza 023 I,Polpaico500,Profile_PV_Polpaico500,32.92834729,0.0,0.0,0.0,False
Lo Boza 023 II,Polpaico500,Profile_PV_Polpaico500,41.69625042,0.0,0.0,0.0,False
Lo Miranda 015 I,AltoJahuel500,Profile_PV_AltoJahuel500,30.49281865,0.0,0.0,0.0,False
Loma Colorada 015 I,NuevaPandeAzucar500,Profile_SDGx01,2.825213229,0.0,0.0,0.0,False
Loma Los Colorados 110 I,Polpaico500,Profile_Cintac,1.04240626,0.0,0.0,0.0,False
Loncoche 023 I,Pichirropulli500,Profile_FV_Nuble_161,8.767903126,0.0,0.0,0.0,False
Loreto 015 I,AltoJahuel500,Profile_ElPicurio,11.00858948,0.0,0.0,0.0,False
Los Angeles B1 015 I,Concepcion500,Profile_ElPitio,29.22634375,0.0,0.0,0.0,False
Los Angeles B1 015 II,Concepcion500,Profile_ElPitio,32.14897813,0.0,0.0,0.0,False
Los Angeles B1 015 III,Concepcion500,Profile_ElPitio,40.91688125,0.0,0.0,0.0,False
Los Angeles B1 015 IV,Concepcion500,Profile_ElPitio,45.78793854,0.0,0.0,0.0,False
Los Angeles B2 015 I,Concepcion500,Profile_ElPitio,11.39827406,0.0,0.0,0.0,False
Los Angeles_SIC2 012 I,Quillota500,Profile_ElDivisadero,2.825213229,0.0,0.0,0.0,False
Los Loros 023 I,NuevaCardones500,Profile_PV_NuevaCardones500,17.84606061,0.0,0.0,0.0,False
Los Sauces 023 I,Concepcion500,Profile_ElPitio,2.922634375,0.0,0.0,0.0,False
Los Sauces 023 II,Concepcion500,Profile_ElPitio,8.767903126,0.0,0.0,0.0,False
Los Sauces 023 III,Concepcion500,Profile_ElPitio,11.6905375,0.0,0.0,0.0,False
Los Tambores 023 I,Pichirropulli500,Profile_FV_Nuble_161,2.922634375,0.0,0.0,0.0,False
Los Tambores 023 II,Pichirropulli500,Profile_FV_Nuble_161,5.84526875,0.0,0.0,0.0,False
Los Tilos 13.8 I,Concepcion500,Profile_ElPitio,11.59311635,0.0,0.0,0.0,False
Los Vilos 220 I,Quillota500,Profile_ElDivisadero,8.767903126,0.0,0.0,0.0,False
Los Vilos 220 II,Quillota500,Profile_ElDivisadero,17.53580625,0.0,0.0,0.0,False
MALGARIDA_II_ETAPA_II_FV,Cumbre500,Profile_FV_Kimal03,10.0,0.0,0.0,0.0,False
MALGARIDA_II_ETAPA_I_FV,Cumbre500,Profile_FV_Kimal03,162.7,0.0,0.0,0.0,False
MALGARIDA_I_FV,Cumbre500,Profile_FV_Kimal03,28.0,0.0,0.0,0.0,False
MARIA_ELENA_FV,Kimal220,Profile_MARIAELENAFV,67.714,0.0,0.0,0.0,False
MESETA_ DE_LOS_ANDES_FV,Polpaico500,Profile_Cintac,152.5,0.0,0.0,0.0,False
Machali 015 I,AltoJahuel500,Profile_ElPicurio,6.819480209,0.0,0.0,0.0,False
Machali 015 II,AltoJahuel500,Profile_ElPicurio,23.47849615,0.0,0.0,0.0,False
Maipu 012 I,Polpaico500,Profile_Cintac,2.435528646,0.0,0.0,0.0,False
Malloa 015 I,AltoJahuel500,Profile_ElPicurio,2.922634375,0.0,0.0,0.0,False
Malloa 015 II,AltoJahuel500,Profile_ElPicurio,5.455584167,0.0,0.0,0.0,False
Malloa 015 III,AltoJahuel500,Profile_ElPicurio,14.22348729,0.0,0.0,0.0,False
Malloco 012 I,AltoJahuel500,Profile_PV_AltoJahuel500,28.73923802,0.0,0.0,0.0,False
Malloco 012 II,AltoJahuel500,Profile_PV_AltoJahuel500,37.50714115,0.0,0.0,0.0,False
Malloco 012 III,AltoJahuel500,Profile_PV_AltoJahuel500,46.27504427,0.0,0.0,0.0,False
Malloco 023 I,Polpaico500,Profile_Cintac,34.48708563,0.0,0.0,0.0,False
Mandinga 13.2 I,Polpaico500,Profile_PV_Polpaico500,18.02291198,0.0,0.0,0.0,False
Manso de Velasco 015 I,Concepcion500,Profile_ElPitio,8.767903126,0.0,0.0,0.0,False
Manso de Velasco 015 II,Concepcion500,Profile_ElPitio,17.53580625,0.0,0.0,0.0,False
Mantos Blancos 023 I,Kimal220,Profile_CERRODOMINADOR,17.53580625,0.0,0.0,0.0,False
Mantos Blancos 023 II,Kimal220,Profile_CERRODOMINADOR,24.93981334,0.0,0.0,0.0,False
Marbella 13.2 I,Quillota500,Profile_ElDivisadero,2.825213229,0.0,0.0,0.0,False
Marchigue 023 I,Polpaico500,Profile_Cintac,11.6905375,0.0,0.0,0.0,False
Marchigue 13.2 I,Polpaico500,Profile_PV_Polpaico500,12.17764323,0.0,0.0,0.0,False
Marchigue 13.2 II,Polpaico500,Profile_PV_Polpaico500,15.58738333,0.0,0.0,0.0,False
Mariscal 012 I,AltoJahuel500,Profile_PV_AltoJahuel500,8.767903126,0.0,0.0,0.0,False
Marquesa 023 I,NuevaPandeAzucar500,Profile_SDGx01,20.45844063,0.0,0.0,0.0,False
Maule 13.8 I,Quillota500,Profile_PV_Quillota500,4.773636146,0.0,0.0,0.0,False
Mayaca 012 I,Quillota500,Profile_ElDivisadero,4.578793854,0.0,0.0,0.0,False
Mejillones 023 I,Kimal220,Profile_CERRODOMINADOR,17.53580625,0.0,0.0,0.0,False
Melipilla 13.2 I,AltoJahuel500,Profile_ElPicurio,17.53580625,0.0,0.0,0.0,False
Minera del Carmen 220 I,NuevaPandeAzucar500,Profile_SDGx01,17.53580625,0.0,0.0,0.0,False
Miraflores 012 I,Quillota500,Profile_ElDivisadero,0.487105729,0.0,0.0,0.0,False
Molina 13.2 I,Ancoa500,Profile_Cordillerilla,20.45844063,0.0,0.0,0.0,False
Monte Patria 023 I,Quillota500,Profile_ElDivisadero,14.41832958,0.0,0.0,0.0,False
Monte Patria 13.2 I,Quillota500,Profile_ElDivisadero,5.84526875,0.0,0.0,0.0,False
Monterrico 066 I,Concepcion500,Profile_ElPitio,8.767903126,0.0,0.0,0.0,False
NUEVO_QUILLAGUA_FV,Lagunas220,Profile_FV_Kimal03,100.0,0.0,0.0,0.0,False
Nahuelbuta 13.2 I,Concepcion500,Profile_ElPitio,5.84526875,0.0,0.0,0.0,False
Nahuelbuta 13.2 II,Concepcion500,Profile_ElPitio,14.61317188,0.0,0.0,0.0,False
Nancagua 13.2 I,AltoJahuel500,Profile_ElPicurio,15.58738333,0.0,0.0,0.0,False
Negrete 023 I,Concepcion500,Profile_ElPitio,2.435528646,0.0,0.0,0.0,False
Negrete 023 II,Concepcion500,Profile_ElPitio,5.358163021,0.0,0.0,0.0,False
Negrete 023 III,Concepcion500,Profile_ElPitio,7.891112813,0.0,0.0,0.0,False
Negrete 13.2 I,Concepcion500,Profile_ElPitio,2.532949792,0.0,0.0,0.0,False
Nirivilo 023 I,Ancoa500,Profile_Cordillerilla,5.796558177,0.0,0.0,0.0,False
Ovalle 023 I,NuevaPandeAzucar500,Profile_PV_NuevaPandeAzucar500,105.0687058,0.0,0.0,0.0,False
PAMPA_SOLAR_NORTE_FV,NuevaCardones500,Profile_PampaSolarNorte,69.0,0.0,0.0,0.0,False
PAMPA_TIGRE_FV,NuevaZaldivar220,Profile_FV_Kimal03,100.0,0.0,0.0,0.0,False
PARQUE FV EL PE�ON_FV,NuevaPandeAzucar500,Profile_PV_NuevaPandeAzucar500,8.767903126,0.0,0.0,0.0,False
PAS_3_FV,NuevaPozoAlmonte220,Profile_PV_NuevaPozoAlmonte220,16.0,0.0,0.0,0.0,False
PELDEHUE SOLAR_FV,Polpaico500,Profile_Cintac,109.7,0.0,0.0,0.0,False
PELICANO_FV,NuevaMaitencillo500,Profile_ElPelicano,100.0,0.0,0.0,0.0,False
PFV CACHIYUYO_FV,NuevaMaitencillo500,Profile_ElPelicano,50.0,0.0,0.0,0.0,False
PFV GABRIELA_FV,Kimal220,Profile_FVBOLERO,220.0,0.0,0.0,0.0,False
PFV SAN JUAN_FV,Concepcion500,Profile_PV_Concepcion500,8.767903126,0.0,0.0,0.0,False
PMGD_CHICHA SOLAR_FV,Quillota500,Profile_PV_Quillota500,8.767903126,0.0,0.0,0.0,False
PMGD_GAMMA SOLAR_FV,Mulchen500,Profile_PV_Mulchen500,7.793691667,0.0,0.0,0.0,False
PMGD_LAS LOICAS_FV,Concepcion500,Profile_PV_Concepcion500,2.922634375,0.0,0.0,0.0,False
PMGD_LIMACHINO_FV,Quillota500,Profile_PV_Quillota500,8.767903126,0.0,0.0,0.0,False
PMGD_MODENA SOLAR_FV,Quillota500,Profile_PV_Quillota500,8.767903126,0.0,0.0,0.0,False
PMGD_MONZA SOLAR_FV,AltoJahuel500,Profile_PV_AltoJahuel500,6.33237448,0.0,0.0,0.0,False
PMGD_PFV PICHIRROPULLI_FV,Pichirropulli500,Profile_FV_Nuble_167,5.84526875,0.0,0.0,0.0,False
PMGD_PSF LOS MAITENES_FV,AltoJahuel500,Profile_PV_AltoJahuel500,4.871057292,0.0,0.0,0.0,False
PMGD_PSF SAN RAMON_FV,AltoJahuel500,Profile_PV_AltoJahuel500,8.767903126,0.0,0.0,0.0,False
PUNTA_DEL_VIENTO_FV,NuevaPandeAzucar500,Profile_PuntadelViento,145.0,0.0,0.0,0.0,False
Padre Hurtado 023 I,AltoJahuel500,Profile_PV_AltoJahuel500,2.727792084,0.0,0.0,0.0,False
Pajaritos 023 I,Polpaico500,Profile_Cintac,2.3381075,0.0,0.0,0.0,False
Pajonales 023 I,Concepcion500,Profile_ElPitio,1.490543531,0.0,0.0,0.0,False
Panamericana 012 I,Polpaico500,Profile_Cintac,9.352430001,0.0,0.0,0.0,False
Panguilemo 015 I,Ancoa500,Profile_PV_Ancoa500,11.10601063,0.0,0.0,0.0,False
Paniahue 13.2 I,AltoJahuel500,Profile_PV_AltoJahuel500,21.0429675,0.0,0.0,0.0,False
Panimavida 13.8 I,Ancoa500,Profile_Cordillerilla,14.80801417,0.0,0.0,0.0,False
Panquehue 012 I,Quillota500,Profile_PV_Quillota500,8.767903126,0.0,0.0,0.0,False
Paranal 066 I,Cumbre500,Profile_CarreraPinto,8.767903126,0.0,0.0,0.0,False
Parinacota 220 I,Parinacota220,Profile_PV_Parinacota220,2.825213229,0.0,0.0,0.0,False
Parral 13.8 I,Ancoa500,Profile_Cordillerilla,25.7191825,0.0,0.0,0.0,False
Parral 13.8 II,Ancoa500,Profile_Cordillerilla,28.64181688,0.0,0.0,0.0,False
Parronal 13.2 I,AltoJahuel500,Profile_ElPicurio,2.825213229,0.0,0.0,0.0,False
Parronal 13.2 II,AltoJahuel500,Profile_ElPicurio,5.747847605,0.0,0.0,0.0,False
Paso Hondo 13.2 I,Ancoa500,Profile_Cordillerilla,11.39827406,0.0,0.0,0.0,False
Pelequen 015 I,AltoJahuel500,Profile_ElPicurio,2.922634375,0.0,0.0,0.0,False
Pelequen 015 II,AltoJahuel500,Profile_ElPicurio,11.6905375,0.0,0.0,0.0,False
Pe�ablanca 13.2 I,Quillota500,Profile_PV_Quillota500,9.936956876,0.0,0.0,0.0,False
Picoltue 023 I,Concepcion500,Profile_ElPitio,7.793691667,0.0,0.0,0.0,False
Picoltue 023 II,Concepcion500,Profile_ElPitio,16.56159479,0.0,0.0,0.0,False
Piduco 015 I,Ancoa500,Profile_PV_Ancoa500,19.58165031,0.0,0.0,0.0,False
Pirque 13.2 I,AltoJahuel500,Profile_PV_AltoJahuel500,8.378218542,0.0,0.0,0.0,False
Pitrufquen 023 I,Concepcion500,Profile_ElPitio,2.922634375,0.0,0.0,0.0,False
Placeres 110 I,Quillota500,Profile_ElDivisadero,0.194842292,0.0,0.0,0.0,False
Placilla SIC2 012 I,Quillota500,Profile_ElDivisadero,8.767903126,0.0,0.0,0.0,False
Plantas 13.8 I,AltoJahuel500,Profile_PV_AltoJahuel500,2.922634375,0.0,0.0,0.0,False
Plantas 13.8 II,AltoJahuel500,Profile_PV_AltoJahuel500,11.6905375,0.0,0.0,0.0,False
Polpaico Chilectra 023 I,Polpaico500,Profile_PV_Polpaico500,14.32090844,0.0,0.0,0.0,False
Portezuelo 023 I,Polpaico500,Profile_PV_Polpaico500,20.26359833,0.0,0.0,0.0,False
Pozo Almonte 023 I,NuevaPozoAlmonte220,Profile_LOSPUQUIOS,5.84526875,0.0,0.0,0.0,False
Pozo Almonte 023 II,NuevaPozoAlmonte220,Profile_LOSPUQUIOS,14.61317188,0.0,0.0,0.0,False
Pozo Almonte 023 III,NuevaPozoAlmonte220,Profile_LOSPUQUIOS,23.381075,0.0,0.0,0.0,False
Pozo Almonte 110 I,NuevaPozoAlmonte220,Profile_LOSPUQUIOS,16.07448906,0.0,0.0,0.0,False
Pueblo Seco 023 I,Concepcion500,Profile_ElPitio,17.53580625,0.0,0.0,0.0,False
Puente Alto CMPC B 044 I,Polpaico500,Profile_Cintac,8.767903126,0.0,0.0,0.0,False
Pukara 13.8 I,Lagunas220,Profile_SOLARELaGUILAI,8.767903126,0.0,0.0,0.0,False
Pukara 13.8 II,Lagunas220,Profile_SOLARELaGUILAI,17.53580625,0.0,0.0,0.0,False
Punitaqui 13.2 I,Quillota500,Profile_ElDivisadero,20.45844063,0.0,0.0,0.0,False
Punta de Peuco 110 I,Polpaico500,Profile_PV_Polpaico500,11.6905375,0.0,0.0,0.0,False
QUILAPILUN_FV,Polpaico500,Profile_Cintac,103.2,0.0,0.0,0.0,False
QUILLAGUA_II_FV,Lagunas220,Profile_Granja_Solar,105.0,0.0,0.0,0.0,False
Quelentaro 110 I,Polpaico500,Profile_Cintac,5.553005313,0.0,0.0,0.0,False
Quereo 023 I,Quillota500,Profile_PV_Quillota500,28.25213229,0.0,0.0,0.0,False
Quiani 13.8 I,Lagunas220,Profile_SOLARELaGUILAI,28.93408031,0.0,0.0,0.0,False
Quilapilun 220 I,Polpaico500,Profile_Cintac,6.916901355,0.0,0.0,0.0,False
Quillota 110 I,Quillota500,Profile_ElDivisadero,8.767903126,0.0,0.0,0.0,False
Quilmo 033 I,Concepcion500,Profile_ElPitio,8.767903126,0.0,0.0,0.0,False
Quilpue 012 I,Quillota500,Profile_PV_Quillota500,5.84526875,0.0,0.0,0.0,False
Quinquimo 023 I,Quillota500,Profile_PV_Quillota500,26.10886709,0.0,0.0,0.0,False
Quinta de Tilcoco 015 I,AltoJahuel500,Profile_ElPicurio,7.793691667,0.0,0.0,0.0,False
Quintero 012 I,Quillota500,Profile_ElDivisadero,11.6905375,0.0,0.0,0.0,False
Quintero 012 II,Quillota500,Profile_ElDivisadero,14.41832958,0.0,0.0,0.0,False
Quirihue 13.2 I,Concepcion500,Profile_ElPitio,8.280797396,0.0,0.0,0.0,False
RIO_ESCONDIDO_FV,NuevaCardones500,Profile_Escondido,145.0,0.0,0.0,0.0,False
Ranguili 13.2 I,Ancoa500,Profile_PV_Ancoa500,7.404007084,0.0,0.0,0.0,False
Ranguili 13.2 II,Ancoa500,Profile_PV_Ancoa500,10.22922031,0.0,0.0,0.0,False
Rauqu�n 13.2 I,AltoJahuel500,Profile_PV_AltoJahuel500,37.99424688,0.0,0.0,0.0,False
Recinto 023 I,Concepcion500,Profile_ElPitio,2.922634375,0.0,0.0,0.0,False
Rengo 015 I,AltoJahuel500,Profile_PV_AltoJahuel500,32.92834729,0.0,0.0,0.0,False
Rengo 066 I,AltoJahuel500,Profile_ElPicurio,7.793691667,0.0,0.0,0.0,False
Re�aca 012 I,Quillota500,Profile_PV_Quillota500,2.630370938,0.0,0.0,0.0,False
Rosario 015 I,AltoJahuel500,Profile_ElPicurio,22.3094424,0.0,0.0,0.0,False
Rucue 220 I,Concepcion500,Profile_ElPitio,2.630370938,0.0,0.0,0.0,False
Rungue 023 I,Quillota500,Profile_ElDivisadero,14.12606615,0.0,0.0,0.0,False
SALVADOR_FV,Cumbre500,Profile_PVSalvador,68.0,0.0,0.0,0.0,False
SANTA_ISABEL_ETAPA_I_FV,Kimal220,Profile_SantaIsabelEtapaI_FaseI,158.7,0.0,0.0,0.0,False
SANTIAGO_SOLAR_FV,Quillota500,Profile_SantiagoSolar,98.0,0.0,0.0,0.0,False
SAN_ANDRES_FV,NuevaCardones500,Profile_SolarSanAndres,50.6,0.0,0.0,0.0,False
SAN_PEDRO_NORTE_FV,Kimal220,Profile_FV_Kimal03,106.0,0.0,0.0,0.0,False
SOCOMPA_FV,NuevaZaldivar220,Profile_ANDESSOLAR,250.0,0.0,0.0,0.0,False
SOL DEL VALLE HERMOSO_FV,AltoJahuel500,Profile_PV_AltoJahuel500,8.767903126,0.0,0.0,0.0,False
SOL_DEL_DESIERTO_FASE_II_FV,Kimal220,Profile_PV_Kimal220,55.0,0.0,0.0,0.0,False
SOL_DEL_DESIERTO_FASE_I_FV,Kimal220,Profile_FV_Kimal03,175.0,0.0,0.0,0.0,False
SOL_DEL_LILA_FV,NuevaZaldivar220,Profile_PV_NuevaZaldivar220,152.0,0.0,0.0,0.0,False
SOL_DE_ATACAMA_FV,Cumbre500,Profile_FV_Kimal03,80.8,0.0,0.0,0.0,False
SOL_DE_LOS_ANDES_FV,Cumbre500,Profile_FV_Kimal03,89.4,0.0,0.0,0.0,False
SOL_DE_VALLENAR_FASE_II_FV,NuevaMaitencillo500,Profile_PFV_Sol_de_Vallenar,150.0,0.0,0.0,0.0,False
SOL_DE_VALLENAR_FV,NuevaMaitencillo500,Profile_PFV_Sol_de_Vallenar,100.0,0.0,0.0,0.0,False
SOL_DE_VARAS_FV,Cumbre500,Profile_PV_Cumbre500,100.8,0.0,0.0,0.0,False
Salamanca 023 I,Quillota500,Profile_PV_Quillota500,23.26416963,0.0,0.0,0.0,False
Salamanca 023 II,Quillota500,Profile_PV_Quillota500,26.08938286,0.0,0.0,0.0,False
San Antonio 012 I,NuevaPandeAzucar500,Profile_SDGx01,17.53580625,0.0,0.0,0.0,False
San Antonio 023 I,AltoJahuel500,Profile_ElPicurio,2.922634375,0.0,0.0,0.0,False
San Antonio 023 II,AltoJahuel500,Profile_ElPicurio,11.6905375,0.0,0.0,0.0,False
San Antonio 023 III,AltoJahuel500,Profile_ElPicurio,20.45844063,0.0,0.0,0.0,False
San Bernardo 012 I,AltoJahuel500,Profile_ElPicurio,9.742114584,0.0,0.0,0.0,False
San Bernardo 012 II,AltoJahuel500,Profile_ElPicurio,18.51001771,0.0,0.0,0.0,False
San Clemente Transnet 13.2 I,Ancoa500,Profile_Cordillerilla,24.84239219,0.0,0.0,0.0,False
San Felipe 012 I,Quillota500,Profile_PV_Quillota500,43.39235257,0.0,0.0,0.0,False
San Fernando 015 I,AltoJahuel500,Profile_ElPicurio,2.922634375,0.0,0.0,0.0,False
San Francisco de Mostazal 015 I,AltoJahuel500,Profile_PV_AltoJahuel500,26.10886709,0.0,0.0,0.0,False
San Gregorio 13.8 I,Ancoa500,Profile_Cordillerilla,11.6905375,0.0,0.0,0.0,False
San Javier 023 I,Ancoa500,Profile_Cordillerilla,4.871057292,0.0,0.0,0.0,False
San Javier 023 II,Ancoa500,Profile_Cordillerilla,13.63896042,0.0,0.0,0.0,False
San Jeronimo 012 I,Quillota500,Profile_ElDivisadero,5.84526875,0.0,0.0,0.0,False
San Joaquin CGET 13.2 I,NuevaPandeAzucar500,Profile_SDGx01,2.922634375,0.0,0.0,0.0,False
San Miguel 015 I,Ancoa500,Profile_Cordillerilla,4.871057292,0.0,0.0,0.0,False
San Pedro 012 I,Quillota500,Profile_ElDivisadero,29.12892261,0.0,0.0,0.0,False
San Pedro 012 II,Quillota500,Profile_ElDivisadero,31.85671469,0.0,0.0,0.0,False
San Rafael 012 I,Polpaico500,Profile_PV_Polpaico500,25.91402479,0.0,0.0,0.0,False
San Rafael 012 II,Polpaico500,Profile_PV_Polpaico500,34.68192792,0.0,0.0,0.0,False
San Rafael 023 I,Quillota500,Profile_PV_Quillota500,14.61317188,0.0,0.0,0.0,False
San Vicente 066 I,Concepcion500,Profile_ElPitio,5.455584167,0.0,0.0,0.0,False
San Vicente TT 015 I,AltoJahuel500,Profile_PV_AltoJahuel500,44.13177907,0.0,0.0,0.0,False
San Vicente TT 015 II,AltoJahuel500,Profile_PV_AltoJahuel500,52.89968219,0.0,0.0,0.0,False
Santa Elisa 023 I,Concepcion500,Profile_ElPitio,2.727792084,0.0,0.0,0.0,False
Santa Elisa 023 II,Concepcion500,Profile_ElPitio,5.650426459,0.0,0.0,0.0,False
Santa Elvira 015 I,AltoJahuel500,Profile_PV_AltoJahuel500,34.58450677,0.0,0.0,0.0,False
Santa Elvira 015 II,Ancoa500,Profile_PV_Ancoa500,43.3524099,0.0,0.0,0.0,False
Santa Marta 023 I,Polpaico500,Profile_PV_Polpaico500,20.26359833,0.0,0.0,0.0,False
Santa Marta 023 II,Polpaico500,Profile_PV_Polpaico500,29.03150146,0.0,0.0,0.0,False
Santa Rosa 023 I,Polpaico500,Profile_PV_Polpaico500,29.03150146,0.0,0.0,0.0,False
Santa Rosa 023 II,Polpaico500,Profile_PV_Polpaico500,31.95413584,0.0,0.0,0.0,False
TAGUA_TAGUA_FV,Polpaico500,Profile_PV_Polpaico500,176.0,0.0,0.0,0.0,False
TAMANGO_FV,Ancoa500,Profile_Cordillerilla,40.0,0.0,0.0,0.0,False
TAMARICO_FV,NuevaMaitencillo500,Profile_PFV_Sol_de_Vallenar,144.7,0.0,0.0,0.0,False
TAMAYA_SOLAR_FV,Kimal220,Profile_PV_Kimal220,114.0,0.0,0.0,0.0,False
TIRANA_OESTE_FV,NuevaPozoAlmonte220,Profile_FV_PozoAlmonte01,120.4,0.0,0.0,0.0,False
TOCOPILLA_FV,Kimal220,Profile_MARIAELENAFV,200.3,0.0,0.0,0.0,False
Talca 1 015 I,Ancoa500,Profile_Cordillerilla,17.53580625,0.0,0.0,0.0,False
Talca 1 13.8 I,Ancoa500,Profile_Cordillerilla,2.922634375,0.0,0.0,0.0,False
Talca 1 13.8 II,Ancoa500,Profile_Cordillerilla,11.6905375,0.0,0.0,0.0,False
Talca 2 015 I,Ancoa500,Profile_Cordillerilla,17.53580625,0.0,0.0,0.0,False
Tamarugal 023 I,NuevaPozoAlmonte220,Profile_LOSPUQUIOS,14.71059302,0.0,0.0,0.0,False
Tap Longavi 13.2 I,NuevaPandeAzucar500,Profile_SDGx01,29.22634375,0.0,0.0,0.0,False
Tap Quinta 13.8 I,Quillota500,Profile_PV_Quillota500,10.03437802,0.0,0.0,0.0,False
Tap Retiro 13.2 I,Ancoa500,Profile_Cordillerilla,5.84526875,0.0,0.0,0.0,False
Tap San Carlos 13.2 I,Concepcion500,Profile_PV_Concepcion500,28.44697459,0.0,0.0,0.0,False
Tap San Carlos 13.2 II,Concepcion500,Profile_PV_Concepcion500,37.21487771,0.0,0.0,0.0,False
Tap San Rafael CGE 13.2 I,AltoJahuel500,Profile_ElPicurio,11.6905375,0.0,0.0,0.0,False
Tap San Rafael CGE 13.2 II,AltoJahuel500,Profile_ElPicurio,14.61317188,0.0,0.0,0.0,False
Teno 13.2 I,AltoJahuel500,Profile_PV_AltoJahuel500,38.96845834,0.0,0.0,0.0,False
Teno 13.2 II,AltoJahuel500,Profile_PV_AltoJahuel500,41.89109271,0.0,0.0,0.0,False
Teno 13.2 III,AltoJahuel500,Profile_PV_AltoJahuel500,56.50426459,0.0,0.0,0.0,False
Travesia 110 I,NuevaCardones500,Profile_PampaSolarNorte,14.61317188,0.0,0.0,0.0,False
Tres Esquinas 13.8 I,Concepcion500,Profile_ElPitio,17.14612167,0.0,0.0,0.0,False
Tuniche 015 I,AltoJahuel500,Profile_PV_AltoJahuel500,39.84524865,0.0,0.0,0.0,False
URIBE_SOLAR_FV,Kimal220,Profile_URIBESOLAR,52.8,0.0,0.0,0.0,False
USYA_FV,NuevaZaldivar220,Profile_FV_Kimal03,52.4,0.0,0.0,0.0,False
Uribe 023 I,Kimal220,Profile_CERRODOMINADOR,17.53580625,0.0,0.0,0.0,False
VALLELAND_FV,NuevaMaitencillo500,Profile_PFV_Sol_de_Vallenar,67.0,0.0,0.0,0.0,False
VALLE_DEL_SOL_FV,Kimal220,Profile_PV_Kimal220,149.9,0.0,0.0,0.0,False
VALLE_ESCONDIDO_FV,NuevaCardones500,Profile_Escondido,105.0,0.0,0.0,0.0,False
VICTOR_JARA,NuevaPozoAlmonte220,Profile_FV_PozoAlmonte01,200.0,0.0,0.0,0.0,False
Vallenar 13.8 I,NuevaMaitencillo500,Profile_ElPelicano,26.30370938,0.0,0.0,0.0,False
Victoria 13.2 I,Mulchen500,Profile_PV_Mulchen500,5.455584167,0.0,0.0,0.0,False
Vicu�a 023 I,NuevaPandeAzucar500,Profile_PV_NuevaPandeAzucar500,40.18270467,0.0,0.0,0.0,False
Villa Alegre 13.2 I,Ancoa500,Profile_Cordillerilla,8.767903126,0.0,0.0,0.0,False
Villa Prat 13.2 I,Ancoa500,Profile_PV_Ancoa500,5.319194563,0.0,0.0,0.0,False
WILLKA_FV,Parinacota220,Profile_PV_Parinacota220,98.0,0.0,0.0,0.0,False
Yerbas Buenas 13.2 I,Ancoa500,Profile_PV_Ancoa500,31.56445125,0.0,0.0,0.0,False
ZALDIVAR_FV,Kimal220,Profile_URIBESOLAR,250.0,0.0,0.0,0.0,False
