name,busbar,connected,pmax,pmin,heatrate_avg,vomc_avg,rampup,rampdn,minuptime,mindntime,startcost,shutdncost,uc_linear,faststart,fuel_name,co2_emission,unavailability,is_ncre,forced_commit,initialstate,initialtime,control_areas,auxserv,voltage
ALMENDRADO,NuevaPuertoMontt500,True,2.955,0.0,0.241463722,22.54208196,100.0,100.0,0,0,0.0,0.0,False,False,Fuel_ALMENDRADO_Diesel,0.58,0.000834805,False,False,off,0.0,SEN,0.0,500.0
ANCALI_1,Concepcion500,True,1.56,0.0,1.356509042,19.665,100.0,100.0,0,0,0.0,0.0,False,False,Fuel_ANCALI_1_Biogas,0.0,0.624538562,False,False,off,0.0,SEN,0.0,500.0
ANDES_U1_DIE,Cumbre500,True,7.039,0.0,0.221015763,9.78,100.0,100.0,0,0,0.0,0.0,False,False,Fuel_ANDES_U1_DIE_Diesel,0.41,0.0,False,False,off,0.0,SEN,0.0,500.0
ANDES_U2_DIE,Cumbre500,True,7.039,0.0,0.221015763,9.78,100.0,100.0,0,0,0.0,0.0,False,False,Fuel_ANDES_U2_DIE_Diesel,0.29,0.0,False,False,off,0.0,SEN,0.0,500.0
ANDES_U3_DIE,Cumbre500,True,7.121,0.0,0.211849383,13.54,100.0,100.0,0,0,0.0,0.0,False,False,Fuel_ANDES_U3_DIE_Diesel,0.0,0.0,False,False,off,0.0,SEN,0.0,500.0
ANDES_U4_DIE,Cumbre500,True,12.899,0.0,0.207416817,11.5,100.0,100.0,0,0,0.0,0.0,False,False,Fuel_ANDES_U4_DIE_Diesel,0.36,0.0,False,False,off,0.0,SEN,0.0,500.0
ANTILHUE_U1,Pichirropulli500,True,46.432,0.0,0.225934693,29.49,100.0,100.0,0,0,0.0,0.0,False,False,Fuel_ANTILHUE_U1_Diesel,0.0,0.07822374,False,False,off,0.0,SEN,0.0,500.0
ANTILHUE_U2,Pichirropulli500,True,47.971,0.0,0.229493663,29.49,100.0,100.0,0,0,0.0,0.0,False,False,Fuel_ANTILHUE_U2_Diesel,0.58,0.019755489,False,False,off,0.0,SEN,0.0,500.0
ARAUCO,Concepcion500,True,24.0,0.0,1.3514251,0.0,100.0,100.0,0,0,0.0,0.0,False,False,Fuel_ARAUCO_Biomasa,0.0,0.015116648,False,False,off,0.0,SEN,0.0,500.0
BIO_CRUZ,Quillota500,True,5.2,0.0,0.267752854,6.94,100.0,100.0,0,0,0.0,0.0,False,False,Fuel_BIO_CRUZ_GN,0.36,0.0,False,False,off,0.0,SEN,0.0,500.0
CALLECALLE,Pichirropulli500,True,11.6,0.0,0.222257955,21.68600997,100.0,100.0,0,0,0.0,0.0,False,False,Fuel_CALLECALLE_Diesel,0.35,0.05434,False,False,off,0.0,SEN,0.0,500.0
CAMPICHE,Quillota500,True,248.59,120.17,0.354550024,7.81,100.0,100.0,0,0,0.0,0.0,False,False,Fuel_CAMPICHE_Carbon,0.4,0.060682639,False,True,off,0.0,SEN,0.0,220.0
CANETE,Concepcion500,True,4.4,0.0,0.24,19.78,100.0,100.0,0,0,0.0,0.0,False,False,Fuel_CANETE_Diesel,0.77,0.0,False,False,off,0.0,SEN,0.0,500.0
CARDONES,NuevaCardones500,True,148.677,0.0,0.241560279,24.41,100.0,100.0,0,0,0.0,0.0,False,False,Fuel_CARDONES_Diesel,0.81,0.008429926,False,False,off,0.0,SEN,0.0,500.0
CASABLANCA_1,Quillota500,True,1.6,0.0,0.311,36.71,100.0,100.0,0,0,0.0,0.0,False,False,Fuel_CASABLANCA_1_Diesel,0.76,0.0,False,False,off,0.0,SEN,0.0,500.0
CASABLANCA_2,Quillota500,True,0.9,0.0,0.311,30.1,100.0,100.0,0,0,0.0,0.0,False,False,Fuel_CASABLANCA_2_Diesel,0.63,0.0,False,False,off,0.0,SEN,0.0,500.0
CELCO_BL1,Ancoa500,True,5.0,0.0,1.341907838,0.0,100.0,100.0,0,0,0.0,0.0,False,False,Fuel_CELCO_BL1_Biomasa,0.48,0.11665751,False,False,off,0.0,SEN,0.0,500.0
CELCO_BL2,Ancoa500,True,3.0,0.0,0.31,0.0,100.0,100.0,0,0,0.0,0.0,False,False,Fuel_CELCO_BL2_fuel_oil,0.75,0.11665751,False,False,off,0.0,SEN,0.0,500.0
CEMENTOS_BIOBIO_DIE,AltoJahuel500,True,12.078724,0.0,0.345966818,16.84,100.0,100.0,0,0,0.0,0.0,False,False,Fuel_CEMENTOS_BIOBIO_DIE_Diesel,0.6,0.05434,False,False,off,0.0,SEN,0.0,500.0
CENIZAS,NuevaCardones500,True,4.937,0.0,0.243169091,13.811,100.0,100.0,0,0,0.0,0.0,False,False,Fuel_CENIZAS_Diesel,0.38,0.05434,False,False,off,0.0,SEN,0.0,500.0
CORTES,Quillota500,True,2.97,0.0,0.194066667,54.89,100.0,100.0,0,0,0.0,0.0,False,False,Fuel_CORTES_Diesel,0.0,0.0,False,False,off,0.0,SEN,0.0,500.0
AGNI,Polpaico500,True,2.97,0.0,0.201166667,45.55,100.0,100.0,0,0,0.0,0.0,False,False,Fuel_AGNI_Diesel,0.0,0.0,False,False,off,0.0,SEN,0.0,500.0
CERN_LEPANTO,AltoJahuel500,True,2.0,0.0,0.241463722,22.54208196,100.0,100.0,0,0,0.0,0.0,False,False,Fuel_CERN_LEPANTO_Diesel,0.37,0.05434,False,False,off,0.0,SEN,0.0,220.0
CHILE_GENERACION,Ancoa500,True,1.1004,0.0,0.241463722,22.54208196,100.0,100.0,0,0,0.0,0.0,False,False,Fuel_CHILE_GENERACION_Diesel,0.26,0.007179896,False,False,off,0.0,SEN,0.0,220.0
CHILOE,NuevaPuertoMontt500,True,9.0,0.0,0.2138,57.22,100.0,100.0,0,0,0.0,0.0,False,False,Fuel_CHILOE_Diesel,0.31,0.03840328,False,False,off,0.0,SEN,0.0,220.0
CHOLGUAN_BL1,Concepcion500,True,9.0,0.0,1.427737379,0.0,100.0,100.0,0,0,0.0,0.0,False,False,Fuel_CHOLGUAN_BL1_Biomasa,0.33,0.009184266,False,False,off,0.0,SEN,0.0,220.0
CHOLGUAN_BL2,Concepcion500,True,4.0,0.0,0.32,0.0,100.0,100.0,0,0,0.0,0.0,False,False,Fuel_CHOLGUAN_BL2_Diesel,0.8,0.009184266,False,False,off,0.0,SEN,0.0,220.0
CHUFKEN,Mulchen500,True,2.4,0.0,0.24,19.17,100.0,100.0,0,0,0.0,0.0,False,False,Fuel_CHUFKEN_Diesel,0.8,0.0,False,False,off,0.0,SEN,0.0,220.0
CHUYACA,Pichirropulli500,True,11.3,0.0,0.248163636,21.6319321,100.0,100.0,0,0,0.0,0.0,False,False,Fuel_CHUYACA_Diesel,0.0,0.406633042,False,False,off,0.0,SEN,0.0,220.0
CMPC_SANTA_FE,Concepcion500,True,5.0,0.0,5.59,5.0,100.0,100.0,0,0,0.0,0.0,False,False,Fuel_CMPC_SANTA_FE_Biomasa,0.0,0.02204225,False,False,off,0.0,SEN,0.0,220.0
CMPC_TISSUE,AltoJahuel500,True,3.9,0.0,0.247836038,4.088721769,100.0,100.0,0,0,0.0,0.0,False,False,Fuel_CMPC_TISSUE_GN,0.85,0.009621774,False,False,off,0.0,SEN,0.0,220.0
COELEMU,Concepcion500,True,5.89016,0.0,0.241463722,22.54208196,100.0,100.0,0,0,0.0,0.0,False,False,Fuel_COELEMU_Diesel,0.85,0.066532277,False,False,off,0.0,SEN,0.0,220.0
COLIHUES_U1_HFO,Ancoa500,True,9.563409563,0.0,0.214,22.18,100.0,100.0,0,0,0.0,0.0,False,False,Fuel_COLIHUES_U1_HFO_fuel_oil,1.0,0.508912831,False,False,off,0.0,SEN,0.0,220.0
COLIHUES_U2_HFO,Ancoa500,True,9.563409563,0.0,0.214,22.18,100.0,100.0,0,0,0.0,0.0,False,False,Fuel_COLIHUES_U2_HFO_fuel_oil,1.07,0.578828114,False,False,off,0.0,SEN,0.0,220.0
COMBARBALA,NuevaPandeAzucar500,True,75.97,0.0,0.2178,45.16,100.0,100.0,0,0,0.0,0.0,False,False,Fuel_COMBARBALA_Diesel,0.85,5.41e-05,False,False,off,0.0,SEN,0.0,220.0
CONSTITUCION-EGEN,Ancoa500,True,9.0,0.0,0.217428028,38.39,100.0,100.0,0,0,0.0,0.0,False,False,Fuel_CONSTITUCION-EGEN_Diesel,0.85,0.041640454,False,False,off,0.0,SEN,0.0,220.0
CONTULMO,Concepcion500,True,0.83,0.0,0.241463722,22.54208196,100.0,100.0,0,0,0.0,0.0,False,False,Fuel_CONTULMO_Diesel,1.01,0.05434,False,False,off,0.0,SEN,0.0,220.0
CURACAUTIN,Mulchen500,True,2.4,0.0,0.22,19.49,100.0,100.0,0,0,0.0,0.0,False,False,Fuel_CURACAUTIN_Diesel,1.03,0.0,False,False,off,0.0,SEN,0.0,220.0
CURAUMA,Quillota500,True,2.5,0.0,0.311,37.08,100.0,100.0,0,0,0.0,0.0,False,False,Fuel_CURAUMA_Diesel,0.0,0.0,False,False,off,0.0,SEN,0.0,220.0
DANISCO,NuevaPuertoMontt500,True,0.8,0.0,0.217074,19.29,100.0,100.0,0,0,0.0,0.0,False,False,Fuel_DANISCO_Diesel,0.66,0.05434,False,False,off,0.0,SEN,0.0,220.0
DEGAN,NuevaPuertoMontt500,True,36.0,0.0,0.217909091,45.52,100.0,100.0,0,0,0.0,0.0,False,False,Fuel_DEGAN_Diesel,0.52,0.0,False,False,off,0.0,SEN,0.0,220.0
DEGAN_2_NAVE4,NuevaPuertoMontt500,True,9.36,0.0,0.217909091,45.52,100.0,100.0,0,0,0.0,0.0,False,False,Fuel_DEGAN_2_NAVE4_Diesel,0.86,0.0,False,False,off,0.0,SEN,0.0,220.0
DEGAN_2_NAVE5,NuevaPuertoMontt500,True,5.268,0.0,0.254272727,57.01,100.0,100.0,0,0,0.0,0.0,False,False,Fuel_DEGAN_2_NAVE5_Diesel,0.463846154,0.0,False,False,off,0.0,SEN,0.017105887,220.0
DIEGO_DE_ALMAGRO,Cumbre500,True,23.6691,0.0,0.337,6.63,100.0,100.0,0,0,0.0,0.0,False,False,Fuel_DIEGO_DE_ALMAGRO_Diesel,0.83,0.014738308,False,False,off,0.0,SEN,0.0,220.0
EL_CAMPESINO_BIOGAS,Polpaico500,True,1.005050505,0.0,1.356509042,19.665,100.0,100.0,0,0,0.0,0.0,False,False,Fuel_EL_CAMPESINO_BIOGAS_Biogas,0.0,0.269679963,False,False,off,0.0,SEN,0.0,220.0
EL_CANELO_1,NuevaPuertoMontt500,True,3.0,0.0,0.2965,35.0,100.0,100.0,0,0,0.0,0.0,False,False,Fuel_EL_CANELO_1_Diesel,0.0,0.0,False,False,off,0.0,SEN,0.0,220.0
EL_CANELO_2,NuevaPuertoMontt500,True,3.0,0.0,0.2965,35.0,100.0,100.0,0,0,0.0,0.0,False,False,Fuel_EL_CANELO_2_Diesel,0.0,0.0,False,False,off,0.0,SEN,0.0,220.0
EL_MOLLE,Quillota500,True,4.1456,0.0,0.241463722,22.54208196,100.0,100.0,0,0,0.0,0.0,False,False,Fuel_EL_MOLLE_Diesel,0.81,0.000285926,False,False,off,0.0,SEN,0.0,220.0
EL_NOGAL,AltoJahuel500,True,3.0,0.0,0.2353,38.9,100.0,100.0,0,0,0.0,0.0,False,False,Fuel_EL_NOGAL_Diesel,0.0,0.0,False,False,off,0.0,SEN,0.0,220.0
EL_PENON,NuevaPandeAzucar500,True,80.838,0.0,0.2193,37.28,100.0,100.0,0,0,0.0,0.0,False,False,Fuel_EL_PENON_Diesel,0.94,0.000648601,False,False,off,0.0,SEN,0.0,220.0
EL_SALVADOR,Cumbre500,True,17.702,0.0,0.340379624,15.99,100.0,100.0,0,0,0.0,0.0,False,False,Fuel_EL_SALVADOR_Diesel,0.84,0.159833893,False,False,off,0.0,SEN,0.0,220.0
EMELDA_U1,Cumbre500,True,36.243,0.0,0.265454545,11.77,100.0,100.0,0,0,0.0,0.0,False,False,Fuel_EMELDA_U1_Diesel,0.72,0.0,False,False,off,0.0,SEN,0.0,220.0
EMELDA_U2,Cumbre500,True,34.04,0.0,0.27571604,12.38,100.0,100.0,0,0,0.0,0.0,False,False,Fuel_EMELDA_U2_Diesel,1.67,0.0,False,False,off,0.0,SEN,0.0,220.0
ENERGIA_PACIFICO,AltoJahuel500,True,14.3052,0.0,1.5625,9.83,100.0,100.0,0,0,0.0,0.0,False,False,Fuel_ENERGIA_PACIFICO_Biomasa,1.62,0.094350992,False,False,off,0.0,SEN,0.0,220.0
ERMITANO,Polpaico500,True,3.0,0.0,0.2353,37.9,100.0,100.0,0,0,0.0,0.0,False,False,Fuel_ERMITANO_Diesel,0.72,0.0,False,False,off,0.0,SEN,0.0,220.0
ESCUADRON,Concepcion500,True,12.45409836,0.0,1.85,4.8,100.0,100.0,0,0,0.0,0.0,False,False,Fuel_ESCUADRON_Biomasa,0.61,0.082370976,False,False,off,0.0,SEN,0.0,220.0
ESPERANZA_TG1,Ancoa500,True,18.612,0.0,0.34543572,9.1,100.0,100.0,0,0,0.0,0.0,False,False,Fuel_ESPERANZA_TG1_Diesel,0.56,0.0,False,False,off,0.0,SEN,0.0,220.0
ESPERANZA_DS1,Ancoa500,True,1.5392,0.0,0.2301,28.2,100.0,100.0,0,0,0.0,0.0,False,False,Fuel_ESPERANZA_DS1_Diesel,0.0,0.006790548,False,False,off,0.0,SEN,0.0,220.0
ESPERANZA_DS2,Ancoa500,True,1.791,0.0,0.202936364,25.7,100.0,100.0,0,0,0.0,0.0,False,False,Fuel_ESPERANZA_DS2_Diesel,0.0,0.002283474,False,False,off,0.0,SEN,0.0,220.0
ESPINOS_BL1,Quillota500,True,100.0,0.0,0.208698864,26.4,100.0,100.0,0,0,0.0,0.0,False,False,Fuel_ESPINOS_BL1_Diesel,0.0,0.009662277,False,False,off,0.0,SEN,0.0,220.0
ESPINOS_BL2,Quillota500,True,24.0,0.0,0.205294318,67.8,100.0,100.0,0,0,0.0,0.0,False,False,Fuel_ESPINOS_BL2_Diesel,0.0,0.009512934,False,False,off,0.0,SEN,0.0,220.0
ESTANCILLA,AltoJahuel500,True,3.0,0.0,0.228,39.2,100.0,100.0,0,0,0.0,0.0,False,False,Fuel_ESTANCILLA_Diesel,0.0,0.0,False,False,off,0.0,SEN,0.0,220.0
GUACOLDA_1,NuevaMaitencillo500,True,142.31,43.49,0.398761931,5.311111111,100.0,100.0,0,0,0.0,0.0,False,False,Fuel_GUACOLDA_1_Carbon,0.0,0.021523217,False,True,off,0.0,SEN,0.0,220.0
GUACOLDA_2,NuevaMaitencillo500,True,133.83,43.49,0.432946452,4.866666667,100.0,100.0,0,0,0.0,0.0,False,False,Fuel_GUACOLDA_2_Carbon,0.69,0.046618594,False,True,off,0.0,SEN,0.0,220.0
GUACOLDA_3,NuevaMaitencillo500,True,140.6,33.37,0.366685837,3.246666667,100.0,100.0,0,0,0.0,0.0,False,False,Fuel_GUACOLDA_3_Carbon,0.0,0.048198211,False,True,off,0.0,SEN,0.0,220.0
GUACOLDA_4,NuevaMaitencillo500,True,142.31,27.41,0.377070666,5.753333333,100.0,100.0,0,0,0.0,0.0,False,False,Fuel_GUACOLDA_4_Carbon,0.0,0.04226337,False,True,off,0.0,SEN,0.0,220.0
GUACOLDA_5,NuevaMaitencillo500,True,142.673,26.78,0.381255393,4.13,100.0,100.0,0,0,0.0,0.0,False,False,Fuel_GUACOLDA_5_Carbon,0.76,0.016586079,False,True,off,0.0,SEN,0.0,500.0
HBS,Concepcion500,True,1.1,0.0,0.256236443,6.94,100.0,100.0,0,0,0.0,0.0,False,False,Fuel_HBS_GN,0.0,0.0,False,False,off,0.0,SEN,0.0,500.0
HBS_GNL,Concepcion500,True,3.3822985,0.0,0.256236443,6.94,100.0,100.0,0,0,0.0,0.0,False,False,Fuel_HBS_GNL_GN,0.0,0.0,False,False,off,0.0,SEN,0.0,500.0
HORCONES_DIE,Concepcion500,True,24.3,0.0,0.324881818,10.0,100.0,100.0,0,0,0.0,0.0,False,False,Fuel_HORCONES_DIE_Diesel,0.0,0.140608466,False,False,off,0.0,SEN,0.0,500.0
HUASCO-TG_U1_DIE,NuevaMaitencillo500,True,19.22366667,0.0,0.348,7.86,100.0,100.0,0,0,0.0,0.0,False,False,Fuel_HUASCO-TG_U1_DIE_Diesel,0.0,0.540048544,False,False,off,0.0,SEN,0.0,500.0
HUASCO-TG_U2_DIE,NuevaMaitencillo500,True,19.22366667,0.0,0.348,7.86,100.0,100.0,0,0,0.0,0.0,False,False,Fuel_HUASCO-TG_U2_DIE_Diesel,0.0,0.646547981,False,False,off,0.0,SEN,0.0,500.0
HUASCO-TG_U3_DIE,NuevaMaitencillo500,True,19.22366667,0.0,0.348,7.86,100.0,100.0,0,0,0.0,0.0,False,False,Fuel_HUASCO-TG_U3_DIE_Diesel,0.71,0.643398012,False,False,off,0.0,SEN,0.0,500.0
LAJA-EVE_1,Concepcion500,True,7.917,0.0,2.66,3.403263712,100.0,100.0,0,0,0.0,0.0,False,False,Fuel_LAJA-EVE_1_Biomasa,0.0,0.016267335,False,False,off,0.0,SEN,0.0,500.0
LAJA-EVE_2,Concepcion500,True,3.549,0.0,0.0,0.0,100.0,100.0,0,0,0.0,0.0,False,False,Fuel_LAJA-EVE_2_Biomasa,0.0,0.026547449,False,False,off,0.0,SEN,0.0,500.0
CMPC_LAJA_BL1,Concepcion500,True,5.0,0.0,1.0572,0.0,100.0,100.0,0,0,0.0,0.0,False,False,Fuel_CMPC_LAJA_BL1_Biomasa,0.7,0.006814439,False,False,off,0.0,SEN,0.0,500.0
CMPC_LAJA_BL2,Concepcion500,True,9.581821744,0.0,1.0572,0.0,100.0,100.0,0,0,0.0,0.0,False,False,Fuel_CMPC_LAJA_BL2_Biomasa,0.66,0.006814439,False,False,off,0.0,SEN,0.0,500.0
CMPC_LAJA_BL3,Concepcion500,True,9.581821744,0.0,1.0572,0.0,100.0,100.0,0,0,0.0,0.0,False,False,Fuel_CMPC_LAJA_BL3_Biomasa,0.81,0.006197172,False,False,off,0.0,SEN,0.0,500.0
LAS_VEGAS,Quillota500,True,2.09895,0.0,0.220581012,25.4,100.0,100.0,0,0,0.0,0.0,False,False,Fuel_LAS_VEGAS_Diesel,0.77,0.004492795,False,False,off,0.0,SEN,0.0,500.0
LAUTARO_1_BL1,Concepcion500,True,20.0,0.0,2.952,9.7,100.0,100.0,0,0,0.0,0.0,False,False,Fuel_LAUTARO_1_BL1_Biomasa,0.76,0.11115431,False,False,off,0.0,SEN,0.0,500.0
LAUTARO_1_BL2,Concepcion500,True,4.0,0.0,2.682,9.7,100.0,100.0,0,0,0.0,0.0,False,False,Fuel_LAUTARO_1_BL2_Biomasa,0.85,0.11115431,False,False,off,0.0,SEN,0.0,500.0
LAUTARO_2_BL1,Concepcion500,True,13.22,0.0,1.36,9.8,100.0,100.0,0,0,0.0,0.0,False,False,Fuel_LAUTARO_2_BL1_Biomasa,0.0,0.117551414,False,False,off,0.0,SEN,0.0,500.0
LAUTARO_2_BL2,Concepcion500,True,5.52,0.0,1.36,9.8,100.0,100.0,0,0,0.0,0.0,False,False,Fuel_LAUTARO_2_BL2_Biomasa,0.0,0.117551414,False,False,off,0.0,SEN,0.0,500.0
LEBU,Concepcion500,True,2.4,0.0,0.24,17.43,100.0,100.0,0,0,0.0,0.0,False,False,Fuel_LEBU_Diesel,0.0,0.0,False,False,off,0.0,SEN,0.0,500.0
LINARES,Ancoa500,True,0.5,0.0,0.206454545,21.61,100.0,100.0,0,0,0.0,0.0,False,False,Fuel_LINARES_Diesel,0.0,0.051798942,False,False,off,0.0,SEN,0.0,500.0
LONQUIMAY,Mulchen500,True,1.2,0.0,0.27,25.02,100.0,100.0,0,0,0.0,0.0,False,False,Fuel_LONQUIMAY_Diesel,0.72,0.0,False,False,off,0.0,SEN,0.0,500.0
LOS_ALAMOS,Concepcion500,True,0.8,0.0,0.24,25.45,100.0,100.0,0,0,0.0,0.0,False,False,Fuel_LOS_ALAMOS_Diesel,0.61,0.0,False,False,off,0.0,SEN,0.0,500.0
LOMA_LOS_COLORADOS_1,Polpaico500,True,1.8,0.0,1.6543,11.57,100.0,100.0,0,0,0.0,0.0,False,False,Fuel_LOMA_LOS_COLORADOS_1_Biogas,0.76,0.04768,False,False,off,0.0,SEN,0.0,500.0
LOMA_LOS_COLORADOS_2,Polpaico500,True,18.2,0.0,1.356509042,24.33,100.0,100.0,0,0,0.0,0.0,False,False,Fuel_LOMA_LOS_COLORADOS_2_Biogas,0.0,0.00746942,False,False,off,0.0,SEN,0.0,500.0
LOS_GUINDOS,Concepcion500,True,134.043,0.0,0.253202579,13.65,100.0,100.0,0,0,0.0,0.0,False,False,Fuel_LOS_GUINDOS_Diesel,1.06,0.009474246,False,False,off,0.0,SEN,0.0,500.0
LOS_GUINDOS_2,Concepcion500,True,136.88,0.0,0.242266271,13.71,100.0,100.0,0,0,0.0,0.0,False,False,Fuel_LOS_GUINDOS_2_Diesel,0.9,0.050396102,False,False,off,0.0,SEN,0.0,500.0
LOS_PINOS,Concepcion500,True,102.845478,0.0,0.188055396,4.5,100.0,100.0,0,0,0.0,0.0,False,False,Fuel_LOS_PINOS_Diesel,0.0,0.024218282,False,False,off,0.0,SEN,0.0,500.0
LOS_PINOS_BIOGAS-ETAPA_1,Concepcion500,True,3.0,0.0,1.356509042,19.665,100.0,100.0,0,0,0.0,0.0,False,False,Fuel_LOS_PINOS_BIOGAS-ETAPA_1_Biogas,0.0,0.018505893,False,False,off,0.0,SEN,0.0,500.0
LOUISIANA_PACIFIC,Pichirropulli500,True,3.0,0.0,0.22,21.49,100.0,100.0,0,0,0.0,0.0,False,False,Fuel_LOUISIANA_PACIFIC_Diesel,0.75,0.0,False,False,off,0.0,SEN,0.0,500.0
LOUISIANA_PACIFIC_2,Mulchen500,True,3.0,0.0,0.22,21.49,100.0,100.0,0,0,0.0,0.0,False,False,Fuel_LOUISIANA_PACIFIC_2_Diesel,0.3,0.0,False,False,off,0.0,SEN,0.0,500.0
MASISA,Concepcion500,True,11.0,0.0,1.467579026,3.4,100.0,100.0,0,0,0.0,0.0,False,False,Fuel_MASISA_Biomasa,0.0,0.102647756,False,False,off,0.0,SEN,0.0,500.0
MAULE,Ancoa500,True,6.0,0.0,0.222209697,57.59,100.0,100.0,0,0,0.0,0.0,False,False,Fuel_MAULE_Diesel,0.18,0.099312193,False,False,off,0.0,SEN,0.0,500.0
MOLINA,Ancoa500,True,0.7,0.0,1.356509042,19.665,100.0,100.0,0,0,0.0,0.0,False,False,Fuel_MOLINA_Biogas,0.0,0.0,False,False,off,0.0,SEN,0.0,500.0
MONTE_PATRIA,Quillota500,True,9.0,0.0,0.28,39.27,100.0,100.0,0,0,0.0,0.0,False,False,Fuel_MONTE_PATRIA_Diesel,0.67,0.0,False,False,off,0.0,SEN,0.0,500.0
MULTIEXPORT_I,NuevaPuertoMontt500,True,1.6,0.0,0.22,19.29,100.0,100.0,0,0,0.0,0.0,False,False,Fuel_MULTIEXPORT_I_Diesel,0.0,0.0,False,False,off,0.0,SEN,0.0,500.0
MULTIEXPORT_II,NuevaPuertoMontt500,True,0.8,0.0,0.22,19.29,100.0,100.0,0,0,0.0,0.0,False,False,Fuel_MULTIEXPORT_II_Diesel,0.76,0.618586189,False,False,off,0.0,SEN,0.0,500.0
NUEVA_ALDEA_1_BL1,Concepcion500,True,7.0,0.0,1.3948825,0.0,100.0,100.0,0,0,0.0,0.0,False,False,Fuel_NUEVA_ALDEA_1_BL1_Biomasa,0.8,0.152171579,False,False,off,0.0,SEN,0.0,500.0
NUEVA_ALDEA_1_BL2,Concepcion500,True,7.0,0.0,1.33,0.0,100.0,100.0,0,0,0.0,0.0,False,False,Fuel_NUEVA_ALDEA_1_BL2_Biomasa,0.69,0.152171579,False,False,off,0.0,SEN,0.0,500.0
NUEVA_ALDEA_2,Concepcion500,True,10.0,0.0,0.29521642,12.0,100.0,100.0,0,0,0.0,0.0,False,False,Fuel_NUEVA_ALDEA_2_Diesel,0.66,0.095602948,False,False,off,0.0,SEN,0.0,500.0
NUEVA_ALDEA_3,Concepcion500,True,37.0,0.0,1.3948825,0.0,100.0,100.0,0,0,0.0,0.0,False,False,Fuel_NUEVA_ALDEA_3_Biomasa,0.69,0.032924282,False,False,off,0.0,SEN,0.0,500.0
NUEVA_VENTANAS,Quillota500,True,244.0648,131.09,0.371814659,8.24,100.0,100.0,0,0,0.0,0.0,False,False,Fuel_NUEVA_VENTANAS_Carbon,0.69,0.091515975,False,True,off,0.0,SEN,0.0,500.0
OLIVOS_BL1,Quillota500,True,90.0,0.0,0.218893939,30.4,100.0,100.0,0,0,0.0,0.0,False,False,Fuel_OLIVOS_BL1_Diesel,0.7,0.037590542,False,False,off,0.0,SEN,0.0,500.0
OLIVOS_BL2,Quillota500,True,25.2,0.0,0.218045455,69.7,100.0,100.0,0,0,0.0,0.0,False,False,Fuel_OLIVOS_BL2_Diesel,0.0,0.025689352,False,False,off,0.0,SEN,0.0,500.0
ORAFTI,Concepcion500,True,0.5,0.0,1.480093926,2.68110879,100.0,100.0,0,0,0.0,0.0,False,False,Fuel_ORAFTI_Biomasa,0.0,0.0,False,False,off,0.0,SEN,0.0,500.0
CMPC_PACIFICO_BL1,Concepcion500,True,11.2442901,0.0,1.18,0.0,100.0,100.0,0,0,0.0,0.0,False,False,Fuel_CMPC_PACIFICO_BL1_Biomasa,1.07,0.0159752,False,False,off,0.0,SEN,0.0,500.0
CMPC_PACIFICO_BL2,Concepcion500,True,10.56575535,0.0,1.18,0.0,100.0,100.0,0,0,0.0,0.0,False,False,Fuel_CMPC_PACIFICO_BL2_Biomasa,0.0,0.016121813,False,False,off,0.0,SEN,0.0,500.0
CMPC_PACIFICO_BL3,Concepcion500,True,10.17802121,0.0,0.271340206,0.0,100.0,100.0,0,0,0.0,0.0,False,False,Fuel_CMPC_PACIFICO_BL3_fuel_oil,0.76,0.010878222,False,False,off,0.0,SEN,0.0,500.0
PAJONALES,NuevaMaitencillo500,True,98.82,0.0,0.224863636,45.16,100.0,100.0,0,0,0.0,0.0,False,False,Fuel_PAJONALES_Diesel,0.76,4.04e-05,False,False,off,0.0,SEN,0.0,500.0
PETROPOWER,Concepcion500,True,20.5,0.0,0.45,3.9,100.0,100.0,0,0,0.0,0.0,False,False,Fuel_PETROPOWER_Petcoke,0.0,0.09204951,False,False,off,0.0,SEN,0.0,500.0
PLACILLA,Quillota500,True,2.373,0.0,0.199454545,26.87,100.0,100.0,0,0,0.0,0.0,False,False,Fuel_PLACILLA_Diesel,0.74,0.025946166,False,False,off,0.0,SEN,0.0,500.0
PMGD_CONCHALI,Quillota500,True,3.0,0.0,0.2353,37.9,100.0,100.0,0,0,0.0,0.0,False,False,Fuel_PMGD_CONCHALI_Diesel,0.67,0.0,False,False,off,0.0,SEN,0.0,500.0
PRIME_LOS_CONDORES,Quillota500,True,102.1888831,0.0,0.214545455,44.86,100.0,100.0,0,0,0.0,0.0,False,False,Fuel_PRIME_LOS_CONDORES_Diesel,1.06,0.05434,False,False,off,0.0,SEN,0.0,500.0
PUNITAQUI,Quillota500,True,9.0,0.0,0.28,39.27,100.0,100.0,0,0,0.0,0.0,False,False,Fuel_PUNITAQUI_Diesel,0.92,0.0,False,False,off,0.0,SEN,0.0,500.0
PUNTA_COLORADA_DIE,NuevaPandeAzucar500,True,16.78607984,0.0,0.190272727,28.9,100.0,100.0,0,0,0.0,0.0,False,False,Fuel_PUNTA_COLORADA_DIE_Diesel,0.0,0.127406932,False,False,off,0.0,SEN,0.0,500.0
QUELLON_2,NuevaPuertoMontt500,True,7.0,0.0,0.200818182,34.71,100.0,100.0,0,0,0.0,0.0,False,False,Fuel_QUELLON_2_Diesel,0.0,0.05434,False,False,off,0.0,SEN,0.0,500.0
QUINTAY,Quillota500,True,2.9,0.0,0.20916752,29.02,100.0,100.0,0,0,0.0,0.0,False,False,Fuel_QUINTAY_Diesel,0.74,0.18609699,False,False,off,0.0,SEN,0.0,500.0
RAMADILLA,Quillota500,True,3.0,0.0,0.2353,37.9,100.0,100.0,0,0,0.0,0.0,False,False,Fuel_RAMADILLA_Diesel,0.0,0.0,False,False,off,0.0,SEN,0.0,500.0
RASO_POWER,Ancoa500,True,2.68,0.0,0.327,22.54208196,100.0,100.0,0,0,0.0,0.0,False,False,Fuel_RASO_POWER_Diesel,0.71,0.0,False,False,off,0.0,SEN,0.0,500.0
RASO_POWER_AMPL,Ancoa500,True,2.0,0.0,0.327,22.54208196,100.0,100.0,0,0,0.0,0.0,False,False,Fuel_RASO_POWER_AMPL_Diesel,0.0,0.0,False,False,off,0.0,SEN,0.0,500.0
RASO_POWER_AMPL_3Y4,Ancoa500,True,2.46,0.0,0.327,22.54208196,100.0,100.0,0,0,0.0,0.0,False,False,Fuel_RASO_POWER_AMPL_3Y4_Diesel,0.0,0.0,False,False,off,0.0,SEN,0.0,500.0
RENCA_U1,Polpaico500,True,48.043,0.0,0.365,3.64,100.0,100.0,0,0,0.0,0.0,False,False,Fuel_RENCA_U1_Diesel,0.56,0.05434,False,False,off,0.0,SEN,0.0,500.0
RENCA_U2,Polpaico500,True,47.679,0.0,0.365,3.64,100.0,100.0,0,0,0.0,0.0,False,False,Fuel_RENCA_U2_Diesel,0.0,0.05434,False,False,off,0.0,SEN,0.0,500.0
REY_EX_CORRAL,Pichirropulli500,True,0.8,0.0,0.22,23.92,100.0,100.0,0,0,0.0,0.0,False,False,Fuel_REY_EX_CORRAL_Diesel,0.73,0.0,False,False,off,0.0,SEN,0.0,500.0
SALMOFOOD_I,Pichirropulli500,True,1.6,0.0,0.241463722,22.54208196,100.0,100.0,0,0,0.0,0.0,False,False,Fuel_SALMOFOOD_I_Diesel,1.05,0.0,False,False,off,0.0,SEN,0.0,500.0
SALMOFOOD_II,Pichirropulli500,True,1.6,0.0,0.241463722,22.54208196,100.0,100.0,0,0,0.0,0.0,False,False,Fuel_SALMOFOOD_II_Diesel,1.05,0.0,False,False,off,0.0,SEN,0.0,500.0
SAN_GREGORIO,Ancoa500,True,0.5,0.0,0.213727273,23.76,100.0,100.0,0,0,0.0,0.0,False,False,Fuel_SAN_GREGORIO_Diesel,0.87,0.201797455,False,False,off,0.0,SEN,0.0,500.0
SAN_JAVIER_ETAPA_I,Ancoa500,True,25.51108,0.0,0.211963636,44.84,100.0,100.0,0,0,0.0,0.0,False,False,Fuel_SAN_JAVIER_ETAPA_I_Diesel,1.02,0.0,False,False,off,0.0,SEN,0.0,500.0
SAN_JAVIER_ETAPA_II,Ancoa500,True,25.4338,0.0,0.2144,44.95,100.0,100.0,0,0,0.0,0.0,False,False,Fuel_SAN_JAVIER_ETAPA_II_Diesel,0.94,0.0,False,False,off,0.0,SEN,0.0,500.0
SAN_LORENZO_U1,Cumbre500,True,29.03,0.0,0.342,34.89,100.0,100.0,0,0,0.0,0.0,False,False,Fuel_SAN_LORENZO_U1_Diesel,0.0,0.0,False,False,off,0.0,SEN,0.0,500.0
SAN_LORENZO_U2,Cumbre500,True,25.86,0.0,0.3804,39.16,100.0,100.0,0,0,0.0,0.0,False,False,Fuel_SAN_LORENZO_U2_Diesel,0.27,0.0,False,False,off,0.0,SEN,0.0,500.0
SAN_LORENZO_U3,Cumbre500,True,7.35,0.0,0.289,46.07,100.0,100.0,0,0,0.0,0.0,False,False,Fuel_SAN_LORENZO_U3_Diesel,1.13,0.0,False,False,off,0.0,SEN,0.0,500.0
SANTA_FE_BL1,Concepcion500,True,17.0,0.0,2.293292183,5.0,100.0,100.0,0,0,0.0,0.0,False,False,Fuel_SANTA_FE_BL1_Biomasa,1.27,0.041955177,False,False,off,0.0,SEN,0.0,500.0
SANTA_FE_BL2,Concepcion500,True,18.8,0.0,1.616762826,5.0,100.0,100.0,0,0,0.0,0.0,False,False,Fuel_SANTA_FE_BL2_Biomasa,0.0,0.041955177,False,False,off,0.0,SEN,0.0,500.0
SANTA_FE_BL3,Concepcion500,True,16.1,0.0,1.517065028,5.0,100.0,100.0,0,0,0.0,0.0,False,False,Fuel_SANTA_FE_BL3_Biomasa,0.0,0.041955177,False,False,off,0.0,SEN,0.0,500.0
SANTA_FE_BL4,Concepcion500,True,10.8,0.0,1.522353415,5.0,100.0,100.0,0,0,0.0,0.0,False,False,Fuel_SANTA_FE_BL4_Biomasa,0.0,0.041955177,False,False,off,0.0,SEN,0.0,500.0
SANTA_LIDIA,Concepcion500,True,140.88,0.0,0.244415652,20.45,100.0,100.0,0,0,0.0,0.0,False,False,Fuel_SANTA_LIDIA_Diesel,0.0,0.022019418,False,False,off,0.0,SEN,0.0,500.0
SANTA_MARIA,Concepcion500,True,344.52,162.27,0.32614536,3.506364913,100.0,100.0,0,0,0.0,0.0,False,False,Fuel_SANTA_MARIA_Carbon,0.0,0.038505872,False,True,off,0.0,SEN,0.0,500.0
SANTA_MARTA,AltoJahuel500,True,15.399988,0.0,0.271643585,15.0,100.0,100.0,0,0,0.0,0.0,False,False,Fuel_SANTA_MARTA_Biogas,0.0,0.001138712,False,False,off,0.0,SEN,0.0,500.0
SEPULTURA,Polpaico500,True,3.0,0.0,0.2353,37.9,100.0,100.0,0,0,0.0,0.0,False,False,Fuel_SEPULTURA_Diesel,0.0,0.0,False,False,off,0.0,SEN,0.0,500.0
TAMM,AltoJahuel500,True,0.1815,0.0,0.241463722,22.54208196,100.0,100.0,0,0,0.0,0.0,False,False,Fuel_TAMM_Diesel,0.75,0.009204122,False,False,off,0.0,SEN,0.0,500.0
TAPIHUE,Quillota500,True,6.4,0.0,0.293,51.06,100.0,100.0,0,0,0.0,0.0,False,False,Fuel_TAPIHUE_GN,0.0,0.0,False,False,off,0.0,SEN,0.0,500.0
TENO,Ancoa500,True,58.882,0.0,0.2193,36.93,100.0,100.0,0,0,0.0,0.0,False,False,Fuel_TENO_Diesel,0.0,0.00470905,False,False,off,0.0,SEN,0.0,500.0
TERMOPACIFICO,NuevaCardones500,True,86.05755,0.0,0.243354545,17.67,100.0,100.0,0,0,0.0,0.0,False,False,Fuel_TERMOPACIFICO_Diesel,0.0,0.0,False,False,off,0.0,SEN,0.0,500.0
TIRUA,Concepcion500,True,0.8,0.0,0.27,29.83,100.0,100.0,0,0,0.0,0.0,False,False,Fuel_TIRUA_Diesel,0.0,0.0,False,False,off,0.0,SEN,0.0,500.0
TOMAVAL_1,Quillota500,True,1.7,0.0,0.267752854,6.94,100.0,100.0,0,0,0.0,0.0,False,False,Fuel_TOMAVAL_1_GN,0.77,0.002418714,False,False,off,0.0,SEN,0.0,500.0
TOMAVAL_2,Quillota500,True,1.2,0.0,0.267752854,6.94,100.0,100.0,0,0,0.0,0.0,False,False,Fuel_TOMAVAL_2_GN,0.7,0.002418714,False,False,off,0.0,SEN,0.0,500.0
EL_TOTORAL,Quillota500,True,3.0,0.0,0.200090909,28.06,100.0,100.0,0,0,0.0,0.0,False,False,Fuel_EL_TOTORAL_Diesel,0.8,0.049025709,False,False,off,0.0,SEN,0.0,500.0
TRAPEN,NuevaPuertoMontt500,True,80.838,0.0,0.2193,37.38,100.0,100.0,0,0,0.0,0.0,False,False,Fuel_TRAPEN_Diesel,0.77,0.001196997,False,False,off,0.0,SEN,0.0,500.0
TREBAL_MAPOCHO,Polpaico500,True,5.484,0.0,1.356509042,19.665,100.0,100.0,0,0,0.0,0.0,False,False,Fuel_TREBAL_MAPOCHO_Biogas,0.0,0.025703512,False,False,off,0.0,SEN,0.0,500.0
TRONGOL,Concepcion500,True,2.8,0.0,0.2296,19.49,100.0,100.0,0,0,0.0,0.0,False,False,Fuel_TRONGOL_Diesel,0.0,0.0,False,False,off,0.0,SEN,0.0,500.0
VALDIVIA_BL1_PINO,Pichirropulli500,True,17.0,0.0,1.63,0.0,100.0,100.0,0,0,0.0,0.0,False,False,Fuel_VALDIVIA_BL1_PINO_Biomasa,0.78,0.024143984,False,False,off,0.0,SEN,0.0,500.0
VALDIVIA_BL2_PINO,Pichirropulli500,True,10.0,0.0,1.1968041,0.0,100.0,100.0,0,0,0.0,0.0,False,False,Fuel_VALDIVIA_BL2_PINO_Biomasa,0.76,0.024143984,False,False,off,0.0,SEN,0.0,500.0
VALDIVIA_BL3_PINO,Pichirropulli500,True,15.0,0.0,1.1968041,0.0,100.0,100.0,0,0,0.0,0.0,False,False,Fuel_VALDIVIA_BL3_PINO_Biomasa,0.62,0.024143984,False,False,off,0.0,SEN,0.0,500.0
VALDIVIA_BL4_PINO,Pichirropulli500,True,19.0,0.0,0.27,0.0,100.0,100.0,0,0,0.0,0.0,False,False,Fuel_VALDIVIA_BL4_PINO_fuel_oil,0.0,0.024143984,False,False,off,0.0,SEN,0.0,500.0
VENTANAS_2,Quillota500,True,193.459,107.51,0.400671551,4.97,100.0,100.0,0,0,0.0,0.0,False,False,Fuel_VENTANAS_2_Carbon,0.63,0.06113,False,True,off,0.0,SEN,0.0,500.0
VINALES_BL1,Ancoa500,True,10.0,0.0,1.353010893,0.0,100.0,100.0,0,0,0.0,0.0,False,False,Fuel_VINALES_BL1_Biomasa,0.0,0.013578571,False,False,off,0.0,SEN,0.0,500.0
VINALES_BL2,Ancoa500,True,12.0,0.0,1.353010893,0.0,100.0,100.0,0,0,0.0,0.0,False,False,Fuel_VINALES_BL2_Biomasa,0.0,0.013578571,False,False,off,0.0,SEN,0.0,500.0
YUNGAY_U1_DIE,Concepcion500,True,52.26,0.0,0.240222941,22.7,100.0,100.0,0,0,0.0,0.0,False,False,Fuel_YUNGAY_U1_DIE_Diesel,0.71,0.007305195,False,False,off,0.0,SEN,0.0,500.0
YUNGAY_U2_DIE,Concepcion500,True,54.56,0.0,0.237709236,22.7,100.0,100.0,0,0,0.0,0.0,False,False,Fuel_YUNGAY_U2_DIE_Diesel,0.0,0.033295533,False,False,off,0.0,SEN,0.0,500.0
YUNGAY_U3_DIE,Concepcion500,True,54.16,0.0,0.235255477,22.7,100.0,100.0,0,0,0.0,0.0,False,False,Fuel_YUNGAY_U3_DIE_Diesel,0.88,0.02140894,False,False,off,0.0,SEN,0.0,500.0
YUNGAY_U4_DIE,Concepcion500,True,36.6,0.0,0.265866491,57.8,100.0,100.0,0,0,0.0,0.0,False,False,Fuel_YUNGAY_U4_DIE_Diesel,0.58,0.171346292,False,False,off,0.0,SEN,0.0,500.0
CHORRILLOS,Polpaico500,True,2.99,0.0,0.241463722,22.54208196,100.0,100.0,0,0,0.0,0.0,False,False,Fuel_CHORRILLOS_Diesel,0.0,0.001320036,False,False,off,0.0,SEN,0.0,500.0
MIMBRE,AltoJahuel500,True,2.985,0.0,0.241463722,22.54208196,100.0,100.0,0,0,0.0,0.0,False,False,Fuel_MIMBRE_Diesel,0.0,0.000229572,False,False,off,0.0,SEN,0.0,500.0
AMPLIACION_CENTRAL_QUELLON,NuevaPuertoMontt500,True,8.0,0.0,0.241463722,22.54208196,100.0,100.0,0,0,0.0,0.0,False,False,Fuel_AMPLIACION_CENTRAL_QUELLON_Diesel,0.0,0.05434,False,False,off,0.0,SEN,0.0,500.0
COPIULEMU,Concepcion500,True,0.95,0.0,1.356509042,19.665,100.0,100.0,0,0,0.0,0.0,False,False,Fuel_COPIULEMU_Biogas,0.91,0.148431105,False,False,off,0.0,SEN,0.0,500.0
ZAPALLAR,Ancoa500,True,0.4975,0.0,0.241463722,22.54208196,100.0,100.0,0,0,0.0,0.0,False,False,Fuel_ZAPALLAR_Diesel,0.0,0.000229572,False,False,off,0.0,SEN,0.0,500.0
LLANOS_BLANCOS,NuevaPandeAzucar500,True,150.0,0.0,0.205128522,45.24,100.0,100.0,0,0,0.0,0.0,False,False,Fuel_LLANOS_BLANCOS_Diesel,0.81,0.0,False,False,off,0.0,SEN,0.0,500.0
CENTRAL_DE_RESPALDO_MAITENCILLO,NuevaMaitencillo500,True,67.84,0.0,0.218392727,42.54,100.0,100.0,0,0,0.0,0.0,False,False,Fuel_CENTRAL_DE_RESPALDO_MAITENCILLO_Diesel,0.74,0.008901,False,False,off,0.0,SEN,0.0,500.0
YUMBEL,Concepcion500,True,3.0,0.0,0.241463722,22.54208196,100.0,100.0,0,0,0.0,0.0,False,False,Fuel_YUMBEL_Diesel,0.0,0.000918286,False,False,off,0.0,SEN,0.0,500.0
GAMI,Pichirropulli500,True,2.868,0.0,0.241463722,22.54208196,100.0,100.0,0,0,0.0,0.0,False,False,Fuel_GAMI_Diesel,0.72,0.000928721,False,False,off,0.0,SEN,0.0,500.0
PICOLTUE,Concepcion500,True,5.97,0.0,0.241463722,22.54208196,100.0,100.0,0,0,0.0,0.0,False,False,Fuel_PICOLTUE_Diesel,0.0,0.000918286,False,False,off,0.0,SEN,0.0,500.0
TREBAL_MAPOCHO_AMPL,Polpaico500,True,4.5,0.0,1.356509042,19.665,100.0,100.0,0,0,0.0,0.0,False,False,Fuel_TREBAL_MAPOCHO_AMPL_Biogas,0.0,0.025703512,False,False,off,0.0,SEN,0.0,500.0
CALFUCO,NuevaPuertoMontt500,True,0.4893,0.0,0.241463722,22.54208196,100.0,100.0,0,0,0.0,0.0,False,False,Fuel_CALFUCO_Diesel,0.0,0.001278296,False,False,off,0.0,SEN,0.0,500.0
RIO_AZUL,NuevaPuertoMontt500,True,2.9898,0.0,0.241463722,22.54208196,100.0,100.0,0,0,0.0,0.0,False,False,Fuel_RIO_AZUL_Diesel,0.91,0.001252208,False,False,off,0.0,SEN,0.0,500.0
CENTRAL_DE_RESPALDO_CIRUELILLO,NuevaPuertoMontt500,True,2.955,0.0,0.241463722,22.54208196,100.0,100.0,0,0,0.0,0.0,False,False,Fuel_CENTRAL_DE_RESPALDO_CIRUELILLO_Diesel,0.99,0.001653958,False,False,off,0.0,SEN,0.0,500.0
MAPA,Concepcion500,True,166.0,0.0,1.480093926,2.68110879,100.0,100.0,0,0,0.0,0.0,False,False,Fuel_MAPA_Biomasa,0.74,0.0,False,False,off,0.0,SEN,0.0,500.0
CALAFATE,NuevaPuertoMontt500,True,2.99,0.0,0.241463722,22.54208196,100.0,100.0,0,0,0.0,0.0,False,False,Fuel_CALAFATE_Diesel,0.74,0.001873095,False,False,off,0.0,SEN,0.0,500.0
ALERCE,NuevaPuertoMontt500,True,2.99,0.0,0.241463722,22.54208196,100.0,100.0,0,0,0.0,0.0,False,False,Fuel_ALERCE_Diesel,0.76,0.001836572,False,False,off,0.0,SEN,0.0,500.0
DONA_JAVIERA,Polpaico500,True,1.9,0.0,0.241463722,22.54208196,100.0,100.0,0,0,0.0,0.0,False,False,Fuel_DONA_JAVIERA_Diesel,0.88,0.001721786,False,False,off,0.0,SEN,0.0,500.0
CHUYACA_AMP,Pichirropulli500,True,5.0,0.0,0.248163636,21.6319321,100.0,100.0,0,0,0.0,0.0,False,False,Fuel_CHUYACA_AMP_Diesel,0.66,0.406633042,False,False,off,0.0,SEN,0.0,500.0
AROMOS,Concepcion500,True,2.991,0.0,0.241463722,22.54208196,100.0,100.0,0,0,0.0,0.0,False,False,Fuel_AROMOS_Diesel,0.8,0.002629637,False,False,off,0.0,SEN,0.0,500.0
BOLDOS,Concepcion500,True,2.991,0.0,0.241463722,22.54208196,100.0,100.0,0,0,0.0,0.0,False,False,Fuel_BOLDOS_Diesel,0.74,0.002634855,False,False,off,0.0,SEN,0.0,500.0
EL_FARO,Quillota500,True,3.0,0.0,0.241463722,22.54208196,100.0,100.0,0,0,0.0,0.0,False,False,Fuel_EL_FARO_Diesel,0.74,0.003328787,False,False,off,0.0,SEN,0.0,500.0
ETERSOL,Polpaico500,True,0.73,0.0,0.241463722,22.54208196,100.0,100.0,0,0,0.0,0.0,False,False,Fuel_ETERSOL_Diesel,0.75,0.767578143,False,False,off,0.0,SEN,0.0,500.0
AGGREKO_01,Polpaico500,True,3.0,0.0,0.241463722,22.54208196,100.0,100.0,0,0,0.0,0.0,False,False,Fuel_AGGREKO_01_Diesel,0.0,0.006015817,False,False,off,0.0,SEN,0.0,500.0
DEUCO_II,RioMalleco500,True,2.879923463,0.0,0.241463722,22.54208196,100.0,100.0,0,0,0.0,0.0,False,False,Fuel_DEUCO_II_Diesel,0.0,0.003104433,False,False,off,0.0,SEN,0.0,500.0
BLUEGATE,NuevaPuertoMontt500,True,3.0,0.0,0.241463722,22.54208196,100.0,100.0,0,0,0.0,0.0,False,False,Fuel_BLUEGATE_Diesel,1.14,0.003360092,False,False,off,0.0,SEN,0.0,500.0
DON_PEDRO,Concepcion500,True,2.88,0.0,0.241463722,22.54208196,100.0,100.0,0,0,0.0,0.0,False,False,Fuel_DON_PEDRO_Diesel,0.0,0.00452882,False,False,off,0.0,SEN,0.0,500.0
CHILLAN,Concepcion500,True,2.9,0.0,0.241463722,22.54208196,100.0,100.0,0,0,0.0,0.0,False,False,Fuel_CHILLAN_Diesel,0.69,0.003944456,False,False,off,0.0,SEN,0.0,500.0
RAPACO,Pichirropulli500,True,2.99,0.0,0.241463722,22.54208196,100.0,100.0,0,0,0.0,0.0,False,False,Fuel_RAPACO_Diesel,0.75,0.00344879,False,False,off,0.0,SEN,0.0,500.0
ALDEA,Pichirropulli500,True,2.99,0.0,0.241463722,22.54208196,100.0,100.0,0,0,0.0,0.0,False,False,Fuel_ALDEA_Diesel,0.0,0.003433138,False,False,off,0.0,SEN,0.0,500.0
LOS_NEGROS,Pichirropulli500,True,2.99,0.0,0.241463722,22.54208196,100.0,100.0,0,0,0.0,0.0,False,False,Fuel_LOS_NEGROS_Diesel,0.0,0.00342792,False,False,off,0.0,SEN,0.0,500.0
TAMBORES,Pichirropulli500,True,2.99,0.0,0.241463722,22.54208196,100.0,100.0,0,0,0.0,0.0,False,False,Fuel_TAMBORES_Diesel,0.76,0.00336531,False,False,off,0.0,SEN,0.0,500.0
CHIFIN,NuevaPuertoMontt500,True,2.99,0.0,0.241463722,22.54208196,100.0,100.0,0,0,0.0,0.0,False,False,Fuel_CHIFIN_Diesel,0.76,0.003360092,False,False,off,0.0,SEN,0.0,500.0
DREAMS_VALDIVIA_II,Pichirropulli500,True,1.6,0.0,0.241463722,22.54208196,100.0,100.0,0,0,0.0,0.0,False,False,Fuel_DREAMS_VALDIVIA_II_Diesel,1.12,0.05434,False,False,off,0.0,SEN,0.0,500.0
EL_ATAJO,Concepcion500,True,2.4,0.0,0.241463722,22.54208196,100.0,100.0,0,0,0.0,0.0,False,False,Fuel_EL_ATAJO_Diesel,0.0,0.05434,False,False,off,0.0,SEN,0.0,500.0
CAMPING,AltoJahuel500,True,3.0,0.0,0.241463722,22.54208196,100.0,100.0,0,0,0.0,0.0,False,False,Fuel_CAMPING_Diesel,0.0,0.004763609,False,False,off,0.0,SEN,0.0,500.0
PINARES_DIE,Ancoa500,True,8.6,0.0,0.241463722,22.54208196,100.0,100.0,0,0,0.0,0.0,False,False,Fuel_PINARES_DIE_Diesel,0.0,0.004017501,False,False,off,0.0,SEN,0.0,500.0
DAGOBERTO_DIE,Mulchen500,True,2.88001029,0.0,0.241463722,22.54208196,100.0,100.0,0,0,0.0,0.0,False,False,Fuel_DAGOBERTO_DIE_Diesel,0.0,0.005227969,False,False,off,0.0,SEN,0.0,500.0
LAS_QUEMAS_DIE,Pichirropulli500,True,9.0,0.0,0.241463722,22.54208196,100.0,100.0,0,0,0.0,0.0,False,False,Fuel_LAS_QUEMAS_DIE_Diesel,0.0,0.004617518,False,False,off,0.0,SEN,0.0,500.0
LAGUNITAS_DIE,NuevaPuertoMontt500,True,2.5,0.0,0.241463722,22.54208196,100.0,100.0,0,0,0.0,0.0,False,False,Fuel_LAGUNITAS_DIE_Diesel,0.0,0.006381044,False,False,off,0.0,SEN,0.0,500.0
EGIDO_DIE,Quillota500,True,3.0,0.0,0.241463722,22.54208196,100.0,100.0,0,0,0.0,0.0,False,False,Fuel_EGIDO_DIE_Diesel,0.84,0.006328869,False,False,off,0.0,SEN,0.0,500.0
HOLLEY_DIE,AltoJahuel500,True,0.8,0.0,0.241463722,22.54208196,100.0,100.0,0,0,0.0,0.0,False,False,Fuel_HOLLEY_DIE_Diesel,0.93,0.05434,False,False,off,0.0,SEN,0.0,500.0
BELLET_DIE,AltoJahuel500,True,0.5,0.0,0.241463722,22.54208196,100.0,100.0,0,0,0.0,0.0,False,False,Fuel_BELLET_DIE_Diesel,0.0,0.05434,False,False,off,0.0,SEN,0.0,500.0
CEREZO_DIE,AltoJahuel500,True,3.0,0.0,0.241463722,22.54208196,100.0,100.0,0,0,0.0,0.0,False,False,Fuel_CEREZO_DIE_Diesel,0.74,0.005003615,False,False,off,0.0,SEN,0.0,500.0
JARDIN_DIE,NuevaPuertoMontt500,True,3.0,0.0,0.241463722,22.54208196,100.0,100.0,0,0,0.0,0.0,False,False,Fuel_JARDIN_DIE_Diesel,0.0,0.009522,False,False,off,0.0,SEN,0.0,500.0
CAMPING_C_DIE,AltoJahuel500,True,3.0,0.0,0.241463722,22.54208196,100.0,100.0,0,0,0.0,0.0,False,False,Fuel_CAMPING_C_DIE_Diesel,0.5,0.0,False,False,off,0.0,SEN,0.0,500.0
EXEQUIEL_FERNANDEZ_DIE,AltoJahuel500,True,0.5,0.0,0.241463722,22.54208196,100.0,100.0,0,0,0.0,0.0,False,False,Fuel_EXEQUIEL_FERNANDEZ_DIE_Diesel,0.7,0.05434,False,False,off,0.0,SEN,0.0,500.0
PMGD_COYA_DIE,AltoJahuel500,True,3.0,0.0,0.241463722,22.54208196,100.0,100.0,0,0,0.0,0.0,False,False,Fuel_PMGD_COYA_DIE_Diesel,0.71,0.009522,False,False,off,0.0,SEN,0.0,500.0
LAS_DALIAS_DIE,NuevaPuertoMontt500,True,3.000067,0.0,0.241463722,22.54208196,100.0,100.0,0,0,0.0,0.0,False,False,Fuel_LAS_DALIAS_DIE_Diesel,0.85,0.009522,False,False,off,0.0,SEN,0.0,500.0
BERLIOZ_DIE,Polpaico500,True,3.0,0.0,0.241463722,22.54208196,100.0,100.0,0,0,0.0,0.0,False,False,Fuel_BERLIOZ_DIE_Diesel,1.0,0.007168892,False,False,off,0.0,SEN,0.0,500.0
LA_GLORIA-21_BIOMASA,NuevaCharrua500,True,3.1,0.0,1.480093926,2.68110879,100.0,100.0,0,0,0.0,0.0,False,False,Fuel_LA_GLORIA-21_BIOMASA_Biomasa,0.0,0.0,False,False,off,0.0,SEN,0.0,500.0
CMPC_LAJA_BL4,Concepcion500,True,11.49818609,0.0,1.0572,0.0,100.0,100.0,0,0,0.0,0.0,False,False,Fuel_CMPC_LAJA_BL4_Biomasa,0.74,0.006197172,False,False,off,0.0,SEN,0.0,500.0
CMPC_LAJA_BL5,Concepcion500,True,3.0,0.0,0.617790476,0.0,100.0,100.0,0,0,0.0,0.0,False,False,Fuel_CMPC_LAJA_BL5_fuel_oil,0.65,0.0,False,False,off,0.0,SEN,0.0,500.0
Las Mercedes,AltoJahuel500,True,3.0,0.0,0.241463722,22.54208196,100.0,100.0,0,0,0.0,0.0,False,False,Fuel_Las Mercedes_Diesel,0.0,0.05434,False,False,off,0.0,SEN,0.0,500.0
Chocalan 1,AltoJahuel500,True,3.0,0.0,0.241463722,22.54208196,100.0,100.0,0,0,0.0,0.0,False,False,Fuel_Chocalan 1_Diesel,0.73,0.05434,False,False,off,0.0,SEN,0.0,500.0
Los Arrayanes,Polpaico500,True,3.0,0.0,0.241463722,22.54208196,100.0,100.0,0,0,0.0,0.0,False,False,Fuel_Los Arrayanes_Diesel,0.0,0.05434,False,False,off,0.0,SEN,0.0,500.0
MAYOR POWER_DIE,AltoJahuel500,True,3.0,0.0,0.241463722,22.54208196,100.0,100.0,0,0,0.0,0.0,False,False,Fuel_MAYOR POWER_DIE_Diesel,0.0,0.05434,False,False,off,0.0,SEN,0.0,500.0
DO�A LUZMA_DIE,AltoJahuel500,True,40.0,0.0,0.241463722,22.54208196,100.0,100.0,0,0,0.0,0.0,False,False,Fuel_DO�A LUZMA_DIE_Diesel,0.0,0.05434,False,False,off,0.0,SEN,0.0,500.0
AGGREKO RM QUILICURA_DIE,Polpaico500,True,3.0,0.0,0.241463722,22.54208196,100.0,100.0,0,0,0.0,0.0,False,False,Fuel_AGGREKO RM QUILICURA_DIE_Diesel,0.0,0.0,False,False,off,0.0,SEN,0.0,500.0
PMGD_ANDES 1_GN,Polpaico500,True,3.0,0.0,0.247836038,4.088721769,100.0,100.0,0,0,0.0,0.0,False,False,Fuel_PMGD_ANDES 1_GN_GN,0.92,0.0,False,False,off,0.0,SEN,0.0,500.0
PMGD_LAS MERCEDES I_DIE,Quillota500,True,2.9,0.0,0.241463722,22.54208196,100.0,100.0,0,0,0.0,0.0,False,False,Fuel_PMGD_LAS MERCEDES I_DIE_Diesel,0.0,0.0,False,False,off,0.0,SEN,0.0,500.0
PMGD_COLACO PARGUA_DIE,NuevaPuertoMontt500,True,3.0,0.0,0.241463722,22.54208196,100.0,100.0,0,0,0.0,0.0,False,False,Fuel_PMGD_COLACO PARGUA_DIE_Diesel,0.0,0.05434,False,False,off,0.0,SEN,0.0,500.0
AMPLIACION_TENO GAS,Ancoa500,True,10.0,0.0,0.217690909,18.59,100.0,100.0,0,0,0.0,0.0,False,False,Fuel_AMPLIACION_TENO GAS_GLP,0.88,0.004967025,False,False,off,0.0,SEN,0.0,500.0
CALA MORRITOS_DIE,NuevaPandeAzucar500,True,200.0,0.0,0.247169948,10.2,100.0,100.0,0,0,0.0,0.0,False,False,Fuel_CALA MORRITOS_DIE_Diesel,0.0,0.05434,False,False,off,0.0,SEN,0.0,500.0
CENIZAS_AMP_DIE,NuevaCardones500,True,9.0,0.0,0.243169091,13.811,100.0,100.0,0,0,0.0,0.0,False,False,Fuel_CENIZAS_AMP_DIE_Diesel,0.0,0.05434,False,False,off,0.0,SEN,0.0,500.0
MARVER_DIE,NuevaPozoAlmonte220,True,9.0,0.0,0.241463722,22.54208196,100.0,100.0,0,0,0.0,0.0,False,False,Fuel_MARVER_DIE_Diesel,0.0,0.0,False,False,off,0.0,SEN,0.0,500.0
QUETALMAHUE_DIE,NuevaAncud500,True,3.0,0.0,0.241463722,22.54208196,100.0,100.0,0,0,0.0,0.0,False,False,Fuel_QUETALMAHUE_DIE_Diesel,0.76,0.0,False,False,off,0.0,SEN,0.0,500.0
CANDELARIA_1_GNL_C,Candelaria500,True,124.1,0.0,0.32886864,2.8,100.0,100.0,0,0,0.0,0.0,False,False,Fuel_CANDELARIA_1_GNL_C_GN,0.69,0.078965252,False,False,off,0.0,SEN,0.0,500.0
CANDELARIA_2_GNL_C,Candelaria500,True,123.82,0.0,0.318417277,2.8,100.0,100.0,0,0,0.0,0.0,False,False,Fuel_CANDELARIA_2_GNL_C_GN,0.0,0.047947124,False,False,off,0.0,SEN,0.0,500.0
NEHUENCO_1-TG+TV_GNL_C,Quillota500,True,326.81,0.0,0.191604988,4.54,100.0,100.0,0,0,0.0,0.0,False,False,Fuel_NEHUENCO_1-TG+TV_GNL_C_GN,0.18,0.021734738,False,False,off,0.0,SEN,0.0,500.0
NEHUENCO_2-TG+TV_GNL_C,Quillota500,True,405.562,0.0,0.187845798,3.75,100.0,100.0,0,0,0.0,0.0,False,False,Fuel_NEHUENCO_2-TG+TV_GNL_C_GN,0.69,0.03412592,False,False,off,0.0,SEN,0.0,500.0
NEHUENCO_9B_DIE,Quillota500,True,91.82,0.0,0.2808234,4.3,100.0,100.0,0,0,0.0,0.0,False,False,Fuel_NEHUENCO_9B_DIE_Diesel,0.0,0.142223988,False,False,off,0.0,SEN,0.0,500.0
NUEVA_RENCA-TG+TV_GNL_A,Polpaico500,True,320.72,0.0,0.198582099,3.034,100.0,100.0,0,0,0.0,0.0,False,False,Fuel_NUEVA_RENCA-TG+TV_GNL_A_GN,0.0,0.042110049,False,False,off,0.0,SEN,0.0,500.0
NUEVA_RENCA-FA_GLP,Polpaico500,True,35.43,0.0,0.239909091,0.0,100.0,100.0,0,0,0.0,0.0,False,False,Fuel_NUEVA_RENCA-FA_GLP_GLP,0.0,0.042110049,False,False,off,0.0,SEN,0.0,500.0
QUINTERO_1A_GNL_E,Quillota500,True,114.3336,0.0,0.319381095,3.799578549,100.0,100.0,0,0,0.0,0.0,False,False,Fuel_QUINTERO_1A_GNL_E_GN,0.0,0.005517792,False,False,off,0.0,SEN,0.0,500.0
QUINTERO_1B_GNL_E,Quillota500,True,121.293,0.0,0.317997861,3.799578549,100.0,100.0,0,0,0.0,0.0,False,False,Fuel_QUINTERO_1B_GNL_E_GN,0.0,0.030960796,False,False,off,0.0,SEN,0.0,500.0
SAN_ISIDRO-TG+TV_GNL_E,Quillota500,True,374.24,0.0,0.186772085,5.52,100.0,100.0,0,0,0.0,0.0,False,False,Fuel_SAN_ISIDRO-TG+TV_GNL_E_GN,0.0,0.029751034,False,False,off,0.0,SEN,0.0,500.0
SAN_ISIDRO_2-TG+TV_GNL_E,Quillota500,True,381.65,0.0,0.184954139,3.83,100.0,100.0,0,0,0.0,0.0,False,False,Fuel_SAN_ISIDRO_2-TG+TV_GNL_E_GN,0.0,0.01377201,False,False,off,0.0,SEN,0.0,500.0
MEJILLONES_3-TG+TV_GNL_B,Kimal220,True,234.673,0.0,0.207232082,2.86,100.0,100.0,0,0,0.0,0.0,False,False,Fuel_MEJILLONES_3-TG+TV_GNL_B_GN,0.0,0.042150571,False,False,off,0.0,SEN,0.0,500.0
TALTAL_1_DIE,Cumbre500,True,120.639,0.0,0.26993263,12.82375662,100.0,100.0,0,0,0.0,0.0,False,False,Fuel_TALTAL_1_DIE_Diesel,0.0,0.162917951,False,False,off,0.0,SEN,0.0,500.0
TALTAL_2_DIE,Cumbre500,True,120.7066,0.0,0.269386901,12.82375662,100.0,100.0,0,0,0.0,0.0,False,False,Fuel_TALTAL_2_DIE_Diesel,0.0,0.108352279,False,False,off,0.0,SEN,0.0,500.0
TENO50_GLP,AltoJahuel500,True,43.68,0.0,0.217690909,16.93,100.0,100.0,0,0,0.0,0.0,False,False,Fuel_TENO50_GLP_GLP,0.0,0.004967025,False,False,off,0.0,SEN,0.0,500.0
COLMITO_DIE,Quillota500,True,57.329,0.0,0.200568437,14.3,100.0,100.0,0,0,0.0,0.0,False,False,Fuel_COLMITO_DIE_Diesel,0.0,0.030126042,False,False,off,0.0,SEN,0.0,500.0
CORONEL_DIE,Concepcion500,True,41.132,0.0,0.221633092,17.22512293,100.0,100.0,0,0,0.0,0.0,False,False,Fuel_CORONEL_DIE_Diesel,0.91,0.098300652,False,False,off,0.0,SEN,0.0,500.0
CONCON_DIE,Quillota500,True,2.3,0.0,0.207782516,32.46,100.0,100.0,0,0,0.0,0.0,False,False,Fuel_CONCON_DIE_Diesel,0.3,0.0,False,False,off,0.0,SEN,0.0,500.0
LOS_VIENTOS_AUM_GN_A,Quillota500,True,133.355,0.0,0.300279313,6.97,100.0,100.0,0,0,0.0,0.0,False,False,Fuel_LOS_VIENTOS_AUM_GN_A_GN,0.0,0.048741119,False,False,off,0.0,SEN,0.0,500.0
NEWEN_DIE,Concepcion500,True,13.217,0.0,0.254971405,7.49,100.0,100.0,0,0,0.0,0.0,False,False,Fuel_NEWEN_DIE_Diesel,0.0,0.376818638,False,False,off,0.0,SEN,0.0,500.0
COGENERADORA_ACONCAGUA,Quillota500,True,27.31,0.0,0.303687821,0.0,100.0,100.0,0,0,0.0,0.0,False,False,Fuel_COGENERADORA_ACONCAGUA_Cogeneracion,0.0,0.088764763,False,False,off,0.0,SEN,0.0,500.0
ATA-TG1A+TG1B+TV1C_DIE,Kimal220,True,370.456,0.0,0.175268819,7.83,100.0,100.0,0,0,0.0,0.0,False,False,Fuel_ATA-TG1A+TG1B+TV1C_DIE_Diesel,0.0,0.015754986,False,False,off,0.0,SEN,0.0,500.0
ATA-TG2A+TG2B+TV2C_DIE,Kimal220,True,345.93,0.0,0.1779691,7.83,100.0,100.0,0,0,0.0,0.0,False,False,Fuel_ATA-TG2A+TG2B+TV2C_DIE_Diesel,0.91,0.04884917,False,False,off,0.0,SEN,0.0,500.0
KELAR-TG1+TG2+TV_GNL_D,LosChangos220,True,517.04,0.0,0.182361996,1.69,100.0,100.0,0,0,0.0,0.0,False,False,Fuel_KELAR-TG1+TG2+TV_GNL_D_GN,0.91,0.009644821,False,False,off,0.0,SEN,0.0,500.0
TOCOPILLA_U16-TG+TV_GNL_B,Kimal220,True,351.52,0.0,0.189063279,5.0,100.0,100.0,0,0,0.0,0.0,False,False,Fuel_TOCOPILLA_U16-TG+TV_GNL_B_GN,0.91,0.08350599,False,False,off,0.0,SEN,0.0,500.0
ANGAMOS_1,Kimal220,True,240.5854,57.57,0.370525276,4.18,100.0,100.0,0,0,0.0,0.0,False,False,Fuel_ANGAMOS_1_CARBON,0.91,0.061366662,False,True,off,0.0,SEN,0.0,500.0
ANGAMOS_2,Kimal220,True,244.6114,57.47,0.371225191,4.18,100.0,100.0,0,0,0.0,0.0,False,False,Fuel_ANGAMOS_2_CARBON,0.91,0.073665896,False,True,off,0.0,SEN,0.0,500.0
CERRO_PABELLON_U1,Kimal220,True,26.95,0.0,0.0,0.0,100.0,100.0,0,0,0.0,0.0,False,False,Fuel_CERRO_PABELLON_U1_Geo,0.91,0.016997741,False,False,off,0.0,SEN,0.0,500.0
CERRO_PABELLON_U2,Kimal220,True,24.45,0.0,0.0,0.0,100.0,100.0,0,0,0.0,0.0,False,False,Fuel_CERRO_PABELLON_U2_Geo,0.91,0.018189191,False,False,off,0.0,SEN,0.0,500.0
COCHRANE_1,Kimal220,True,244.862,87.51,0.373166497,6.36,100.0,100.0,0,0,0.0,0.0,False,False,Fuel_COCHRANE_1_CARBON,0.91,0.031972555,False,True,off,0.0,SEN,0.0,500.0
COCHRANE_2,Kimal220,True,244.742,87.51,0.369266369,6.33,100.0,100.0,0,0,0.0,0.0,False,False,Fuel_COCHRANE_2_CARBON,0.91,0.020257375,False,True,off,0.0,SEN,0.0,500.0
ANDINA,Kimal220,True,152.7146,59.22,0.375895325,9.19,100.0,100.0,0,0,0.0,0.0,False,False,Fuel_ANDINA_CARBON,0.91,0.089278325,False,True,off,0.0,SEN,0.0,500.0
HORNITOS,Kimal220,True,153.719,59.2,0.381577321,9.36,100.0,100.0,0,0,0.0,0.0,False,False,Fuel_HORNITOS_CARBON,0.91,0.159300034,False,True,off,0.0,SEN,0.0,500.0
MEJILLONES_1,Kimal220,True,140.8386,52.63,0.420869349,8.9829,100.0,100.0,0,0,0.0,0.0,False,False,Fuel_MEJILLONES_1_CARBON,0.91,0.286208989,False,True,off,0.0,SEN,0.0,500.0
MEJILLONES_2,Kimal220,True,147.0569,52.31,0.410544796,8.4266,100.0,100.0,0,0,0.0,0.0,False,False,Fuel_MEJILLONES_2_CARBON,0.91,0.300818406,False,True,off,0.0,SEN,0.0,500.0
CUMMINS,Kimal220,True,1.0,0.0,0.241463722,22.54208196,100.0,100.0,0,0,0.0,0.0,False,False,Fuel_CUMMINS_Diesel,0.91,0.0,False,False,off,0.0,SEN,0.0,500.0
DEUTZ,Kimal220,True,2.0,0.0,0.241463722,22.54208196,100.0,100.0,0,0,0.0,0.0,False,False,Fuel_DEUTZ_Diesel,0.91,0.0,False,False,off,0.0,SEN,0.0,500.0
ESTANDARTES_13,Lagunas220,True,1.5,0.0,0.241463722,17.28,100.0,100.0,0,0,0.0,0.0,False,False,Fuel_ESTANDARTES_13_Diesel,0.91,5.39e-05,False,False,off,0.0,SEN,0.0,500.0
ESTANDARTES_7-12,Lagunas220,True,4.8,0.0,0.240993524,21.9204534,100.0,100.0,0,0,0.0,0.0,False,False,Fuel_ESTANDARTES_7-12_Diesel,0.91,5.39e-05,False,False,off,0.0,SEN,0.0,500.0
ARICA_GM,Lagunas220,True,8.63636,0.0,0.249655859,9.2,100.0,100.0,0,0,0.0,0.0,False,False,Fuel_ARICA_GM_Diesel,0.91,0.252201796,False,False,off,0.0,SEN,0.0,500.0
IE_MEJILLONES,LosChangos220,True,347.95,118.0,0.347838319,3.98,100.0,100.0,0,0,0.0,0.0,False,False,Fuel_IE_MEJILLONES_CARBON,0.91,0.037471034,False,True,off,0.0,SEN,0.0,500.0
IE_MEJILLONES_GNL_A,LosChangos220,True,355.0,118.0,0.247836038,4.088721769,100.0,100.0,0,0,0.0,0.0,False,False,Fuel_IE_MEJILLONES_GNL_A_GN,0.91,0.0,False,False,off,0.0,SEN,0.0,500.0
INACAL,Kimal220,True,5.9034,0.0,0.235,9.06,100.0,100.0,0,0,0.0,0.0,False,False,Fuel_INACAL_Diesel,0.91,0.05434,False,False,off,0.0,SEN,0.0,500.0
AGUAS_BLANCAS,Kimal220,True,1.827,0.0,0.233769697,14.15,100.0,100.0,0,0,0.0,0.0,False,False,Fuel_AGUAS_BLANCAS_Diesel,0.91,0.050113922,False,False,off,0.0,SEN,0.0,500.0
ARICA_M1,Lagunas220,True,2.352,0.0,0.247624094,9.2,100.0,100.0,0,0,0.0,0.0,False,False,Fuel_ARICA_M1_Diesel,0.91,0.017946241,False,False,off,0.0,SEN,0.0,500.0
ARICA_M2,Lagunas220,True,1.332,0.0,0.2416079,9.2,100.0,100.0,0,0,0.0,0.0,False,False,Fuel_ARICA_M2_Diesel,0.91,0.025983356,False,False,off,0.0,SEN,0.0,500.0
MANTOS_BLANCOS,Kimal220,True,24.969,0.0,0.221670368,22.56777778,100.0,100.0,0,0,0.0,0.0,False,False,Fuel_MANTOS_BLANCOS_Diesel,0.91,0.0,False,False,off,0.0,SEN,0.0,500.0
PAS_MEJILLONES,Kimal220,True,20.0682,0.0,0.0,0.0,100.0,100.0,0,0,0.0,0.0,False,False,Fuel_PAS_MEJILLONES_Cogeneracion,0.91,0.032006467,False,False,off,0.0,SEN,0.0,500.0
NUEVA_TOCOPILLA_1,Kimal220,True,130.419,48.33,0.432951685,4.22,100.0,100.0,0,0,0.0,0.0,False,False,Fuel_NUEVA_TOCOPILLA_1_CARBON,0.91,0.06113,False,True,off,0.0,SEN,0.0,500.0
NUEVA_TOCOPILLA_2,Kimal220,True,131.87,47.2,0.405569572,3.61,100.0,100.0,0,0,0.0,0.0,False,False,Fuel_NUEVA_TOCOPILLA_2_CARBON,0.91,0.06113,False,True,off,0.0,SEN,0.0,500.0
LA_PORTADA,Kimal220,True,2.9524,0.0,0.216366667,16.07,100.0,100.0,0,0,0.0,0.0,False,False,Fuel_LA_PORTADA_Diesel,0.0,0.05434,False,False,off,0.0,SEN,0.0,500.0
TOCOPILLA-TG1,Kimal220,True,19.571,0.0,0.328964762,0.99,100.0,100.0,0,0,0.0,0.0,False,False,Fuel_TOCOPILLA-TG1_Diesel,0.0,0.534072409,False,False,off,0.0,SEN,0.0,500.0
TOCOPILLA-TG2,Kimal220,True,19.858,0.0,0.317424146,0.99,100.0,100.0,0,0,0.0,0.0,False,False,Fuel_TOCOPILLA-TG2_Diesel,0.91,0.960705635,False,False,off,0.0,SEN,0.0,500.0
TOCOPILLA-TG3_DIE,Kimal220,True,35.7936,0.0,0.265018745,0.99,100.0,100.0,0,0,0.0,0.0,False,False,Fuel_TOCOPILLA-TG3_DIE_Diesel,0.91,0.549878988,False,False,off,0.0,SEN,0.0,500.0
TARAPACA-TG_DIE,Lagunas220,True,18.6053,0.0,0.410005609,0.41,100.0,100.0,0,0,0.0,0.0,False,False,Fuel_TARAPACA-TG_DIE_Diesel,0.91,0.646821022,False,False,off,0.0,SEN,0.0,500.0
UJINA_U1_DIE,Lagunas220,True,6.3,0.0,0.246272727,19.1,100.0,100.0,0,0,0.0,0.0,False,False,Fuel_UJINA_U1_DIE_Diesel,0.91,0.157427671,False,False,off,0.0,SEN,0.0,500.0
UJINA_U2_DIE,Lagunas220,True,6.36,0.0,0.257727273,19.1,100.0,100.0,0,0,0.0,0.0,False,False,Fuel_UJINA_U2_DIE_Diesel,0.91,0.056812656,False,False,off,0.0,SEN,0.0,500.0
UJINA_U3_DIE,Lagunas220,True,6.15,0.0,0.257181818,19.1,100.0,100.0,0,0,0.0,0.0,False,False,Fuel_UJINA_U3_DIE_Diesel,0.91,0.025808757,False,False,off,0.0,SEN,0.0,500.0
UJINA_U4_DIE,Lagunas220,True,6.15,0.0,0.254545455,19.1,100.0,100.0,0,0,0.0,0.0,False,False,Fuel_UJINA_U4_DIE_Diesel,0.91,0.035980202,False,False,off,0.0,SEN,0.0,500.0
UJINA_U5_HFO,Lagunas220,True,8.9,0.0,0.205,19.1,100.0,100.0,0,0,0.0,0.0,False,False,Fuel_UJINA_U5_HFO_fuel_oil,0.91,0.05,False,False,off,0.0,SEN,0.0,500.0
UJINA_U6_HFO,Lagunas220,True,8.695432836,0.0,0.169238095,17.55,100.0,100.0,0,0,0.0,0.0,False,False,Fuel_UJINA_U6_HFO_fuel_oil,0.91,0.118486795,False,False,off,0.0,SEN,0.0,500.0
ZOFRI_1,Lagunas220,True,0.409122807,0.0,0.2234,19.39,100.0,100.0,0,0,0.0,0.0,False,False,Fuel_ZOFRI_1_Diesel,0.91,5.08e-05,False,False,off,0.0,SEN,0.0,500.0
ZOFRI_2-5,Lagunas220,True,5.011754386,0.0,0.2208,17.51,100.0,100.0,0,0,0.0,0.0,False,False,Fuel_ZOFRI_2-5_Diesel,0.91,5.08e-05,False,False,off,0.0,SEN,0.0,500.0
ZOFRI_6,Lagunas220,True,0.409122807,0.0,0.1962,19.39,100.0,100.0,0,0,0.0,0.0,False,False,Fuel_ZOFRI_6_Diesel,0.91,5.08e-05,False,False,off,0.0,SEN,0.0,500.0
Biomasa_Ancoa,NuevaCharrua500,False,6.25,0.0,1.0,3.19165625,100.0,100.0,0,0,0.0,0.0,False,False,Fuel_CNE_BIOMASA,0.003809524,0.054794521,True,False,off,0.0,SEN,0.055061448,500.0
Biomasa_Cautin,RioMalleco500,False,61.69,0.0,1.0,3.19165625,100.0,100.0,0,0,0.0,0.0,False,False,Fuel_CNE_BIOMASA,0.003809524,0.054794521,True,False,off,0.0,SEN,0.055061448,500.0
Biomasa_Charrua,NuevaCharrua500,False,39.93,0.0,1.0,3.19165625,100.0,100.0,0,0,0.0,0.0,False,False,Fuel_CNE_BIOMASA,0.003809524,0.054794521,True,False,off,0.0,SEN,0.055061448,500.0
Biomasa_Concepcion,Concepcion500,False,63.36,0.0,1.0,3.19165625,100.0,100.0,0,0,0.0,0.0,False,False,Fuel_CNE_BIOMASA,0.003809524,0.054794521,True,False,off,0.0,SEN,0.055061448,500.0
Biomasa_Mulchen,Mulchen500,False,19.9,0.0,1.0,3.19165625,100.0,100.0,0,0,0.0,0.0,False,False,Fuel_CNE_BIOMASA,0.003809524,0.054794521,True,False,off,0.0,SEN,0.055061448,500.0
Biomasa_Valdivia,Pichirropulli500,False,9.98,0.0,1.0,3.19165625,100.0,100.0,0,0,0.0,0.0,False,False,Fuel_CNE_BIOMASA,0.003809524,0.054794521,True,False,off,0.0,SEN,0.055061448,500.0
GNL_CA_Paposo,Parinas500,False,10000.0,0.0,0.371,6.94,100.0,100.0,0,0,0.0,0.0,False,False,Fuel_CNE_GNL,0.463846154,0.032876712,False,False,off,0.0,SEN,0.017105887,220.0
GNL_CA_Andes,NuevaZaldivar220,False,10000.0,0.0,0.371,6.94,100.0,100.0,0,0,0.0,0.0,False,False,Fuel_CNE_GNL,0.463846154,0.032876712,False,False,off,0.0,SEN,0.017105887,220.0
GNL_CA_Atacama,Kimal220,False,10000.0,0.0,0.371,6.94,100.0,100.0,0,0,0.0,0.0,False,False,Fuel_CNE_GNL,0.463846154,0.032876712,False,False,off,0.0,SEN,0.017105887,500.0
GNL_CA_Cardones,NuevaCardones500,False,10000.0,0.0,0.371,6.94,100.0,100.0,0,0,0.0,0.0,False,False,Fuel_CNE_GNL,0.463846154,0.032876712,False,False,off,0.0,SEN,0.017105887,500.0
GNL_CA_Chacaya,LosChangos500,False,10000.0,0.0,0.371,6.94,100.0,100.0,0,0,0.0,0.0,False,False,Fuel_CNE_GNL,0.463846154,0.032876712,False,False,off,0.0,SEN,0.017105887,500.0
GNL_CA_Charrua,NuevaCharrua500,False,10000.0,0.0,0.371,6.94,100.0,100.0,0,0,0.0,0.0,False,False,Fuel_CNE_GNL,0.463846154,0.032876712,False,False,off,0.0,SEN,0.017105887,500.0
GNL_CA_Concepcion,Concepcion500,False,10000.0,0.0,0.371,6.94,100.0,100.0,0,0,0.0,0.0,False,False,Fuel_CNE_GNL,0.463846154,0.032876712,False,False,off,0.0,SEN,0.017105887,220.0
GNL_CA_Encuentro,Kimal220,False,10000.0,0.0,0.371,6.94,100.0,100.0,0,0,0.0,0.0,False,False,Fuel_CNE_GNL,0.463846154,0.032876712,False,False,off,0.0,SEN,0.017105887,500.0
GNL_CA_Laberinto,Kimal500,False,10000.0,0.0,0.371,6.94,100.0,100.0,0,0,0.0,0.0,False,False,Fuel_CNE_GNL,0.463846154,0.032876712,False,False,off,0.0,SEN,0.017105887,500.0
GNL_CA_Mulchen,Mulchen500,False,10000.0,0.0,0.371,6.94,100.0,100.0,0,0,0.0,0.0,False,False,Fuel_CNE_GNL,0.463846154,0.032876712,False,False,off,0.0,SEN,0.017105887,220.0
GNL_CA_NZaldivar,NuevaZaldivar220,False,10000.0,0.0,0.371,6.94,100.0,100.0,0,0,0.0,0.0,False,False,Fuel_CNE_GNL,0.463846154,0.032876712,False,False,off,0.0,SEN,0.017105887,500.0
GNL_CA_Cumbres,Cumbre500,False,10000.0,0.0,0.371,6.94,100.0,100.0,0,0,0.0,0.0,False,False,Fuel_CNE_GNL,0.463846154,0.032876712,False,False,off,0.0,SEN,0.017105887,500.0
GNL_CA_Dalmagro,Cumbre500,False,10000.0,0.0,0.371,6.94,100.0,100.0,0,0,0.0,0.0,False,False,Fuel_CNE_GNL,0.463846154,0.032876712,False,False,off,0.0,SEN,0.017105887,220.0
GNL_CC_Andes,NuevaZaldivar220,False,10000.0,0.0,0.243,6.94,100.0,100.0,0,0,0.0,0.0,False,False,Fuel_CNE_GNL,0.35125,0.065753425,False,False,off,0.0,SEN,0.029342421,220.0
GNL_CC_Atacama,Kimal220,False,10000.0,0.0,0.243,6.94,100.0,100.0,0,0,0.0,0.0,False,False,Fuel_CNE_GNL,0.35125,0.065753425,False,False,off,0.0,SEN,0.029342421,500.0
GNL_CC_Cardones,NuevaCardones500,False,10000.0,0.0,0.243,6.94,100.0,100.0,0,0,0.0,0.0,False,False,Fuel_CNE_GNL,0.35125,0.065753425,False,False,off,0.0,SEN,0.029342421,500.0
GNL_CC_Dalmagro,Cumbre500,False,10000.0,0.0,0.243,6.94,100.0,100.0,0,0,0.0,0.0,False,False,Fuel_CNE_GNL,0.35125,0.065753425,False,False,off,0.0,SEN,0.029342421,500.0
GNL_CC_Paposo,Parinas500,False,10000.0,0.0,0.243,6.94,100.0,100.0,0,0,0.0,0.0,False,False,Fuel_CNE_GNL,0.35125,0.065753425,False,False,off,0.0,SEN,0.029342421,500.0
GNL_CC_Chacaya,LosChangos500,False,10000.0,0.0,0.243,6.94,100.0,100.0,0,0,0.0,0.0,False,False,Fuel_CNE_GNL,0.35125,0.065753425,False,False,off,0.0,SEN,0.029342421,500.0
GNL_CC_Charrua,NuevaCharrua500,False,10000.0,0.0,0.243,6.94,100.0,100.0,0,0,0.0,0.0,False,False,Fuel_CNE_GNL,0.35125,0.065753425,False,False,off,0.0,SEN,0.029342421,500.0
GNL_CC_Concepcion,Concepcion500,False,10000.0,0.0,0.243,6.94,100.0,100.0,0,0,0.0,0.0,False,False,Fuel_CNE_GNL,0.35125,0.065753425,False,False,off,0.0,SEN,0.029342421,220.0
GNL_CC_Encuentro,Kimal220,False,10000.0,0.0,0.243,6.94,100.0,100.0,0,0,0.0,0.0,False,False,Fuel_CNE_GNL,0.35125,0.065753425,False,False,off,0.0,SEN,0.029342421,500.0
GNL_CC_Laberinto,Kimal500,False,10000.0,0.0,0.243,6.94,100.0,100.0,0,0,0.0,0.0,False,False,Fuel_CNE_GNL,0.35125,0.065753425,False,False,off,0.0,SEN,0.029342421,500.0
GNL_CC_Mulchen,Mulchen500,False,10000.0,0.0,0.243,6.94,100.0,100.0,0,0,0.0,0.0,False,False,Fuel_CNE_GNL,0.35125,0.065753425,False,False,off,0.0,SEN,0.029342421,220.0
GNL_CC_NZaldivar,NuevaZaldivar220,False,10000.0,0.0,0.243,6.94,100.0,100.0,0,0,0.0,0.0,False,False,Fuel_CNE_GNL,0.35125,0.065753425,False,False,off,0.0,SEN,0.029342421,500.0
GNL_CC_Cumbres,Cumbre500,False,10000.0,0.0,0.243,6.94,100.0,100.0,0,0,0.0,0.0,False,False,Fuel_CNE_GNL,0.35125,0.065753425,False,False,off,0.0,SEN,0.029342421,500.0
GNLCCS_Cardones,NuevaCardones500,False,10000.0,0.0,0.243,6.94,100.0,100.0,0,0,0.0,0.0,False,False,Fuel_CNE_GNL,0.035125,0.065753425,False,False,off,0.0,SEN,0.029342421,500.0
GNLCCS_Chacaya,LosChangos500,False,10000.0,0.0,0.243,6.94,100.0,100.0,0,0,0.0,0.0,False,False,Fuel_CNE_GNL,0.035125,0.065753425,False,False,off,0.0,SEN,0.029342421,500.0
GNLCCS_Concepcion,Concepcion500,False,10000.0,0.0,0.243,6.94,100.0,100.0,0,0,0.0,0.0,False,False,Fuel_CNE_GNL,0.035125,0.065753425,False,False,off,0.0,SEN,0.029342421,220.0
Diesel_Encuentro,Kimal220,False,10000.0,0.0,0.254,20.0645524,100.0,100.0,0,0,0.0,0.0,False,False,Fuel_CNE_DIESEL,0.838928571,0.043835616,False,False,off,0.0,SEN,0.019159795,220.0
Diesel_Palmonte,NuevaPozoAlmonte220,False,10000.0,0.0,0.254,20.0645524,100.0,100.0,0,0,0.0,0.0,False,False,Fuel_CNE_DIESEL,0.838928571,0.043835616,False,False,off,0.0,SEN,0.019159795,500.0
Diesel_Pazucar,NuevaPandeAzucar500,False,10000.0,0.0,0.254,20.0645524,100.0,100.0,0,0,0.0,0.0,False,False,Fuel_CNE_DIESEL,0.838928571,0.043835616,False,False,off,0.0,SEN,0.019159795,500.0
Diesel_Pmontt,NuevaAncud500,False,10000.0,0.0,0.254,20.0645524,100.0,100.0,0,0,0.0,0.0,False,False,Fuel_CNE_DIESEL,0.838928571,0.043835616,False,False,off,0.0,SEN,0.019159795,500.0
Geo01_Ancoa,NuevaCharrua500,False,288.51,7.5,1.0,1.136499367,100.0,100.0,0,0,0.0,0.0,False,False,Comb_Geo01_Ancoa,0.0,0.021917808,True,True,off,0.0,SEN,0.127272727,220.0
Geo01_Andes,NuevaZaldivar220,False,228.11,17.25,1.0,1.136499367,100.0,100.0,0,0,0.0,0.0,False,False,Comb_Geo01_Andes,0.0,0.021917808,True,True,off,0.0,SEN,0.127272727,220.0
Geo02_Andes,NuevaZaldivar220,False,158.76,12.0,1.0,1.136499367,100.0,100.0,0,0,0.0,0.0,False,False,Comb_Geo02_Andes,0.0,0.021917808,True,True,off,0.0,SEN,0.127272727,500.0
Geo01_Candelaria,Candelaria500,False,198.46,7.5,1.0,1.136499367,100.0,100.0,0,0,0.0,0.0,False,False,Comb_Geo01_Candelaria,0.0,0.021917808,True,True,off,0.0,SEN,0.127272727,500.0
Geo01_Cautin,RioMalleco500,False,99.17,0.0,1.0,1.136499367,100.0,100.0,0,0,0.0,0.0,False,False,Comb_Geo01_Cautin,0.0,0.021917808,True,False,off,0.0,SEN,0.127272727,500.0
Geo01_Charrua,NuevaCharrua500,False,26.82,0.0,1.0,1.136499367,100.0,100.0,0,0,0.0,0.0,False,False,Comb_Geo01_Charrua,0.0,0.021917808,True,False,off,0.0,SEN,0.127272727,500.0
Geo01_Chuquicamata,Kimal500,False,138.93,10.5,1.0,1.136499367,100.0,100.0,0,0,0.0,0.0,False,False,Comb_Geo01_Chuquicamata,0.0,0.021917808,True,True,off,0.0,SEN,0.127272727,500.0
Geo01_Mulchen,Mulchen500,False,71.51,0.0,1.0,1.136499367,100.0,100.0,0,0,0.0,0.0,False,False,Comb_Geo01_Mulchen,0.0,0.021917808,True,False,off,0.0,SEN,0.127272727,220.0
Geo01_PAlmonte,NuevaPozoAlmonte220,False,125.94,9.6,1.0,1.136499367,100.0,100.0,0,0,0.0,0.0,False,False,Comb_Geo01_PAlmonte,0.0,0.021917808,True,True,off,0.0,SEN,0.127272727,220.0
Geo01_Parinacota,Parinacota220,False,197.65,15.0,1.0,1.136499367,100.0,100.0,0,0,0.0,0.0,False,False,Comb_Geo01_Parinacota,0.0,0.021917808,True,True,off,0.0,SEN,0.127272727,220.0
Geo02_Parinacota,Parinacota220,False,148.29,11.25,1.0,1.136499367,100.0,100.0,0,0,0.0,0.0,False,False,Comb_Geo02_Parinacota,0.0,0.021917808,True,True,off,0.0,SEN,0.127272727,500.0
COCHRANE_CCH1_gas,Kimal500,False,219.936,60.8,1.0,6.94,100.0,100.0,48,48,33360.0,0.0,False,False,Fuel_CNE_GNL,0.85,0.076712329,False,True,off,0.0,SEN,0.10933442,500.0
COCHRANE_CCH2_gas,Kimal500,False,219.84,60.8,1.0,6.94,100.0,100.0,48,48,33360.0,0.0,False,False,Fuel_CNE_GNL,0.85,0.076712329,False,True,off,0.0,SEN,0.109391887,500.0
SantaMaria_gas,Concepcion500,False,296.0,177.44,1.0,6.94,100.0,100.0,120,48,257646.0,0.0,False,False,Fuel_CNE_GNL,0.93,0.076712329,False,True,off,0.0,SEN,0.0757,500.0
GuacoldaU3_gas,NuevaMaitencillo500,False,121.6,45.12,1.0,6.94,100.0,100.0,4,4,24995.0,0.0,False,False,Fuel_CNE_GNL,0.87,0.076712329,False,True,off,0.0,SEN,0.098,500.0
GuacoldaU4_gas,NuevaMaitencillo500,False,121.6,45.12,1.0,6.94,100.0,100.0,4,4,25875.0,0.0,False,False,Fuel_CNE_GNL,1.02,0.076712329,False,True,off,0.0,SEN,0.085,500.0
GuacoldaU5_gas,NuevaMaitencillo500,False,124.976,45.12,1.0,6.94,100.0,100.0,4,4,25896.0,0.0,False,False,Fuel_CNE_GNL,0.94,0.076712329,False,True,off,0.0,SEN,0.086688218,500.0
