name,start_time,end_time,report,coordinates,busbar,connected,control_areas,ess_associated_generators,pmax,ess_pmaxc,pmin,ess_pminc,rpmax_up,rpmax_down,rsmax_up,rsmax_down,rtmax_up,rtmax_down,pcost_rp_up,pcost_rs_up,pcost_rt_up,pcost_rp_down,pcost_rs_down,pcost_rt_down,vomc_avg,auxserv,flex,uc_linear,ess_type,ess_eini,ess_emax,ess_emin,ess_effn,ess_intrastage_balance,ess_effc,ess_effd,is_ncre,forced_commit,unavailability,candidate,gen_recourse,gen_recourse_start_time,dimensioned,gen_inv_cost,initial_investment,recog_pot,forced_outage_rate,fom_cost,lifetime,inertia,voltage,owner
"LA_CABA�A_ETAPA_2_BESS",2024-03-01-00:00,2060-01-01-00:00,true,0,"NuevaPuertoMontt500",true,SEN,,32,32,0,0,0,0,0,0,0,0,0,0,0,0,0,0,0,0,other,false,energy_only,32,64,0,1,true,0.9,0.9,false,0,0.032876712,false,false,1970-01-01-00:00,false,0,0,1,0.02,0,50,0,500,None
"SOCOMPA_FV_BESS",2025-12-01-00:00,2060-01-01-00:00,true,0,"NuevaZaldivar220",false,SEN,,250,250,0,0,0,0,0,0,0,0,0,0,0,0,0,0,0,0,other,false,energy_only,160,1000,0,1,true,0.9,0.9,false,0,0.032876712,false,false,1970-01-01-00:00,false,0,0,1,0.02,0,50,0,220,None
"ARBOLEDA_FV_BESS",2025-12-01-00:00,2060-01-01-00:00,true,0,"AltoJahuel500",false,SEN,,80,80,0,0,0,0,0,0,0,0,0,0,0,0,0,0,0,0,other,false,energy_only,50,160,0,1,true,0.9,0.9,false,0,0.032876712,false,false,1970-01-01-00:00,false,0,0,1,0.02,0,50,0,500,None
"DIEGO_DE_ALMAGRO_SUR_FV_BESS",2018-01-01-00:00,2060-01-01-00:00,true,0,"NuevaCardones500",true,SEN,,8,8,0,0,0,0,0,0,0,0,0,0,0,0,0,0,0,0,other,false,energy_only,16,32,0,1,true,0.9,0.9,false,0,0.032876712,false,false,1970-01-01-00:00,false,0,0,1,0.02,0,50,0,500,None
"ANDES_IIB_FV_BESS",2018-01-01-00:00,2060-01-01-00:00,true,0,"NuevaZaldivar220",true,SEN,,112,112,0,0,0,0,0,0,0,0,0,0,0,0,0,0,0,0,other,false,energy_only,280,560,0,1,true,0.9,0.9,false,0,0.032876712,false,false,1970-01-01-00:00,false,0,0,1,0.02,0,50,0,220,None
"SAN_MARCOS_FV_BESS",2024-05-01-00:00,2060-01-01-00:00,true,0,"Parinacota220",true,SEN,,2.9,2.9,0,0,0,0,0,0,0,0,0,0,0,0,0,0,0,0,other,false,energy_only,1.15,2.299999999,0,1,true,0.9,0.9,false,0,0.032876712,false,false,1970-01-01-00:00,false,0,0,1,0.02,0,50,0,220,None
"ANDES_IV_FV_BESS",2018-01-01-00:00,2060-01-01-00:00,true,0,"NuevaZaldivar220",true,SEN,,130,130,0,0,0,0,0,0,0,0,0,0,0,0,0,0,0,0,other,false,energy_only,325,650,0,1,true,0.9,0.9,false,0,0.032876712,false,false,1970-01-01-00:00,false,0,0,1,0.02,0,50,0,220,None
"ANDES_SOLAR_IIB_AMP_FV_BESS",2018-01-01-00:00,2060-01-01-00:00,true,0,"NuevaZaldivar220",true,SEN,,17,17,0,0,0,0,0,0,0,0,0,0,0,0,0,0,0,0,other,false,energy_only,42.5,85,0,1,true,0.9,0.9,false,0,0.032876712,false,false,1970-01-01-00:00,false,0,0,1,0.02,0,50,0,220,None
"URIBE_SOLAR_BESS",2018-01-01-00:00,2060-01-01-00:00,true,0,"Kimal220",true,SEN,,2.5,2.5,0,0,0,0,0,0,0,0,0,0,0,0,0,0,0,0,other,false,energy_only,2.3,4.6,0,1,true,0.9,0.9,false,0,0.032876712,false,false,1970-01-01-00:00,false,0,0,1,0.02,0,50,0,220,None
"ZALDIVAR_BESS",2026-12-01-00:00,2060-01-01-00:00,true,0,"Kimal220",true,SEN,,35,35,0,0,0,0,0,0,0,0,0,0,0,0,0,0,0,0,other,false,energy_only,70,140,0,1,true,0.9,0.9,false,0,0.032876712,false,false,1970-01-01-00:00,false,0,0,1,0.02,0,50,0,220,None
"COYA_BESS",2018-01-01-00:00,2060-01-01-00:00,true,0,"Kimal220",true,SEN,,139,139,0,0,0,0,0,0,0,0,0,0,0,0,0,0,0,0,other,false,energy_only,319,638.0000001,0,1,true,0.9,0.9,false,0,0.032876712,false,false,1970-01-01-00:00,false,0,0,1,0.02,0,50,0,220,None
"SAN_ANDRES_FV_BESS",2024-02-01-00:00,2060-01-01-00:00,true,0,"NuevaCardones500",true,SEN,,35,35,0,0,0,0,0,0,0,0,0,0,0,0,0,0,0,0,other,false,energy_only,87.5,175,0,1,true,0.9,0.9,false,0,0.032876712,false,false,1970-01-01-00:00,false,0,0,1,0.02,0,50,0,500,None
"Alfalfal_VR1_DAM",2018-01-01-00:00,2060-01-01-00:00,true,0,"AltoJahuel500",true,SEN,,10,10,0,0,0,0,0,0,0,0,0,0,0,0,0,0,0,0,other,false,energy_only,25,50,0,1,true,0.9,0.9,false,0,0.032876712,false,false,1970-01-01-00:00,false,0,0,1,0.02,0,50,0,500,None
"Alfalfal_VR2_DAM",2018-01-01-00:00,2060-01-01-00:00,true,0,"AltoJahuel500",true,SEN,,49.25,49.25,0,0,0,0,0,0,0,0,0,0,0,0,0,0,0,0,other,false,energy_only,98.5,197,0,1,true,0.9,0.9,false,0,0.032876712,false,false,1970-01-01-00:00,false,0,0,1,0.02,0,50,0,500,None
"EL MANZANO_BESS",2024-04-01-00:00,2060-01-01-00:00,true,0,"Polpaico500",true,SEN,,60,60,0,0,0,0,0,0,0,0,0,0,0,0,0,0,0,0,other,false,energy_only,60,120,0,1,true,0.9,0.9,false,0,0.032876712,false,false,1970-01-01-00:00,false,0,0,1,0.02,0,50,0,500,None
"DON HUMBERTO_BESS",2024-06-01-00:00,2060-01-01-00:00,true,0,"Polpaico500",true,SEN,,60,60,0,0,0,0,0,0,0,0,0,0,0,0,0,0,0,0,other,false,energy_only,60,120,0,1,true,0.9,0.9,false,0,0.032876712,false,false,1970-01-01-00:00,false,0,0,1,0.02,0,50,0,500,None
"ANDES IIA_BESS",2024-09-01-00:00,2060-01-01-00:00,true,0,"NuevaZaldivar220",true,SEN,,80,80,0,0,0,0,0,0,0,0,0,0,0,0,0,0,0,0,other,false,energy_only,134.4,268.8,0,1,true,0.9,0.9,false,0,0.032876712,false,false,1970-01-01-00:00,false,0,0,1,0.02,0,50,0,220,None
"ALICANTO_BESS",2024-11-01-00:00,2060-01-01-00:00,true,0,"NuevaCardones500",false,SEN,,1.2,1.2,0,0,0,0,0,0,0,0,0,0,0,0,0,0,0,0,other,false,energy_only,4.8,9.6,0,1,true,0.9,0.9,false,0,0.032876712,false,false,1970-01-01-00:00,false,0,0,1,0.02,0,50,0,220,None
"TAMAYA_BESS",2024-11-01-00:00,2060-01-01-00:00,true,0,"Kimal220",true,SEN,,68.2,68.2,0,0,0,0,0,0,0,0,0,0,0,0,0,0,0,0,other,false,energy_only,210,420,0,1,true,0.9,0.9,false,0,0.032876712,false,false,1970-01-01-00:00,false,0,0,1,0.02,0,50,0,110,None
"CENTRAL DESIERTO DE ATACAMA_BESS",2024-12-01-00:00,2060-01-01-00:00,true,0,"NuevaCardones500",true,SEN,,110,110,0,0,0,0,0,0,0,0,0,0,0,0,0,0,0,0,other,false,energy_only,110,220,0,1,true,0.9,0.9,false,0,0.032876712,false,false,1970-01-01-00:00,false,0,0,1,0.02,0,50,0,500,None
"ANDES III_E1_BESS",2025-05-01-00:00,2060-01-01-00:00,true,0,"NuevaZaldivar220",true,SEN,,171.3,171.3,0,0,0,0,0,0,0,0,0,0,0,0,0,0,0,0,other,false,energy_only,256.95,513.9,0,1,true,0.9,0.9,false,0,0.032876712,false,false,1970-01-01-00:00,false,0,0,1,0.02,0,50,0,220,None
"SALVADOR_PV_BESS",2024-02-01-00:00,2060-01-01-00:00,true,0,"NuevaCardones500",true,SEN,,50,50,0,0,0,0,0,0,0,0,0,0,0,0,0,0,0,0,other,false,energy_only,125,250,0,1,true,0.9,0.9,false,0,0.032876712,false,false,1970-01-01-00:00,false,0,0,1,0.02,0,50,0,220,None
"GENERACION SOLAR_BESS",2024-05-01-00:00,2060-01-01-00:00,true,0,"Kimal220",true,SEN,,60.5,60.5,0,0,0,0,0,0,0,0,0,0,0,0,0,0,0,0,other,false,energy_only,60.5,121,0,1,true,0.9,0.9,false,0,0.032876712,false,false,1970-01-01-00:00,false,0,0,1,0.02,0,50,0,220,None
"CAPRICORNIO_BESS",2024-12-01-00:00,2060-01-01-00:00,true,0,"LosChangos220",true,SEN,,48,48,0,0,0,0,0,0,0,0,0,0,0,0,0,0,0,0,other,false,energy_only,132.096,264.192,0,1,true,0.9,0.9,false,0,0.032876712,false,false,1970-01-01-00:00,false,0,0,1,0.02,0,50,0,220,None
"QUILLAGUA 95_BESS",2025-01-01-00:00,2060-01-01-00:00,true,0,"Lagunas220",true,SEN,,95,95,0,0,0,0,0,0,0,0,0,0,0,0,0,0,0,0,other,false,energy_only,237.5,589,0,1,true,0.9,0.9,false,0,0.032876712,false,false,1970-01-01-00:00,false,0,0,1,0.02,0,50,0,220,None
"PILOTO_BESS",2024-03-01-00:00,2060-01-01-00:00,true,0,"NuevaPandeAzucar500",true,SEN,,3,3,0,0,0,0,0,0,0,0,0,0,0,0,0,0,0,0,other,false,energy_only,3,6,0,1,true,0.9,0.9,false,0,0.032876712,false,false,1970-01-01-00:00,false,0,0,1,0.02,0,50,0,500,None
"AMP_LA_CABA�A_BESS",2024-05-01-00:00,2060-01-01-00:00,true,0,"NuevaPuertoMontt500",true,SEN,,33,33,0,0,0,0,0,0,0,0,0,0,0,0,0,0,0,0,other,false,energy_only,32.7855,65.571,0,1,true,0.9,0.9,false,0,0.032876712,false,false,1970-01-01-00:00,false,0,0,1,0.02,0,50,0,500,None
"PFV_GABRIELA_BESS",2025-04-01-00:00,2060-01-01-00:00,true,0,"NuevaZaldivar220",true,SEN,,220,220,0,0,0,0,0,0,0,0,0,0,0,0,0,0,0,0,other,false,energy_only,550,1100,0,1,true,0.9,0.9,false,0,0.032876712,false,false,1970-01-01-00:00,false,0,0,1,0.02,0,50,0,220,None
"DEL_DESIERTO_BESS",2018-01-01-00:00,2060-01-01-00:00,true,0,"Kimal220",true,SEN,,200,200,0,0,0,0,0,0,0,0,0,0,0,0,0,0,0,0,other,false,energy_only,400,800,0,1,true,0.9,0.9,false,0,0.032876712,false,false,1970-01-01-00:00,false,0,0,1,0.02,0,50,0,220,None
"PFV VICTOR JARA_BESS",2025-10-01-00:00,2060-01-01-00:00,true,0,"NuevaPozoAlmonte220",true,SEN,,200,200,0,0,0,0,0,0,0,0,0,0,0,0,0,0,0,0,other,false,energy_only,650,1300,0,1,true,0.9,0.9,false,0,0.032876712,false,false,1970-01-01-00:00,false,0,0,1,0.02,0,50,0,220,None
"QUILLAGUA II_BESS",2025-10-01-00:00,2060-01-01-00:00,true,0,"Lagunas220",true,SEN,,105,105,0,0,0,0,0,0,0,0,0,0,0,0,0,0,0,0,other,false,energy_only,325.5,651,0,1,true,0.9,0.9,false,0,0.032876712,false,false,1970-01-01-00:00,false,0,0,1,0.02,0,50,0,220,None
"PS DOS PINOS_BESS",2025-08-01-00:00,2060-01-01-00:00,true,0,"NuevaPandeAzucar500",true,SEN,,3,3,0,0,0,0,0,0,0,0,0,0,0,0,0,0,0,0,other,false,energy_only,6,12,0,1,true,0.9,0.9,false,0,0.032876712,false,false,1970-01-01-00:00,false,0,0,1,0.02,0,50,0,220,None
"TOCOPILLA_BESS",2025-06-01-00:00,2060-01-01-00:00,true,0,"Kimal220",true,SEN,,116,116,0,0,0,0,0,0,0,0,0,0,0,0,0,0,0,0,other,false,energy_only,290,580,0,1,true,0.9,0.9,false,0,0.032876712,false,false,1970-01-01-00:00,false,0,0,1,0.02,0,50,0,220,None
"PMGD RIVAZZURRA_BESS",2025-08-01-00:00,2060-01-01-00:00,true,0,"AltoJahuel500",true,SEN,,9,9,0,0,0,0,0,0,0,0,0,0,0,0,0,0,0,0,other,false,energy_only,9.1,18.2,0,1,true,0.9,0.9,false,0,0.032876712,false,false,1970-01-01-00:00,false,0,0,1,0.02,0,50,0,220,None
"LUZ DEL NORTE_BESS",2025-03-01-00:00,2060-01-01-00:00,true,0,"Cumbre500",true,SEN,,141,141,0,0,0,0,0,0,0,0,0,0,0,0,0,0,0,0,other,false,energy_only,211.55,423.1,0,1,true,0.9,0.9,false,0,0.032876712,false,false,1970-01-01-00:00,false,0,0,1,0.02,0,50,0,220,None
"BOLERO_BESS",2025-07-01-00:00,2060-01-01-00:00,true,0,"NuevaZaldivar220",true,SEN,,146,146,0,0,0,0,0,0,0,0,0,0,0,0,0,0,0,0,other,false,energy_only,219,438,0,1,true,0.9,0.9,false,0,0.032876712,false,false,1970-01-01-00:00,false,0,0,1,0.02,0,50,0,220,None
"PMGD PFV FRAGATA_BESS",2025-07-01-00:00,2060-01-01-00:00,true,0,"Quillota500",true,SEN,,3,3,0,0,0,0,0,0,0,0,0,0,0,0,0,0,0,0,other,false,energy_only,3.6,7.2,0,1,true,0.9,0.9,false,0,0.032876712,false,false,1970-01-01-00:00,false,0,0,1,0.02,0,50,0,220,None
"HUATACONDO_BESS",2025-11-01-00:00,2060-01-01-00:00,true,0,"Lagunas220",true,SEN,,98,98,0,0,0,0,0,0,0,0,0,0,0,0,0,0,0,0,other,false,energy_only,245,490,0,1,true,0.9,0.9,false,0,0.032876712,false,false,1970-01-01-00:00,false,0,0,1,0.02,0,50,0,220,None
"PMGD PFV LIVORNO_BESS",2025-12-01-00:00,2060-01-01-00:00,true,0,"Kimal220",true,SEN,,5,5,0,0,0,0,0,0,0,0,0,0,0,0,0,0,0,0,other,false,energy_only,14.4,28.8,0,1,true,0.9,0.9,false,0,0.032876712,false,false,1970-01-01-00:00,false,0,0,1,0.02,0,50,0,220,None
"ARENALES_BESS",2025-11-01-00:00,2060-01-01-00:00,true,0,"NuevaZaldivar220",true,SEN,,300,300,0,0,0,0,0,0,0,0,0,0,0,0,0,0,0,0,other,false,energy_only,450,900,0,1,true,0.9,0.9,false,0,0.032876712,false,false,1970-01-01-00:00,false,0,0,1,0.02,0,50,0,220,None
"DON_CARLOS_FV_BESS",2025-12-01-00:00,2060-01-01-00:00,true,0,"NuevaMaitencillo500",false,SEN,,196,196,0,0,0,0,0,0,0,0,0,0,0,0,0,0,0,0,other,false,energy_only,490,980,0,1,true,0.9,0.9,false,0,0.032876712,false,false,1970-01-01-00:00,false,0,0,1,0.02,0,50,0,220,None
"ESTEPA SOLAR_BESS",2026-02-01-00:00,2060-01-01-00:00,true,0,"Kimal220",true,SEN,,188,188,0,0,0,0,0,0,0,0,0,0,0,0,0,0,0,0,other,false,energy_only,376,752,0,1,true,0.9,0.9,false,0,0.032876712,false,false,1970-01-01-00:00,false,0,0,1,0.02,0,50,0,220,None
"LIBELULA_BESS",2026-05-01-00:00,2060-01-01-00:00,true,0,"Polpaico500",true,SEN,,199.2,199.2,0,0,0,0,0,0,0,0,0,0,0,0,0,0,0,0,other,false,energy_only,480.05,960.1,0,1,true,0.9,0.9,false,0,0.032876712,false,false,1970-01-01-00:00,false,0,0,1,0.02,0,50,0,220,None
"PMGD MODENA_BESS",2026-10-01-00:00,2060-01-01-00:00,true,0,"AltoJahuel500",true,SEN,,9,9,0,0,0,0,0,0,0,0,0,0,0,0,0,0,0,0,other,false,energy_only,18,36,0,1,true,0.9,0.9,false,0,0.032876712,false,false,1970-01-01-00:00,false,0,0,1,0.02,0,50,0,220,None
"PELICANO_BESS",2025-12-01-00:00,2060-01-01-00:00,true,0,"NuevaMaitencillo500",true,SEN,,50,50,0,0,0,0,0,0,0,0,0,0,0,0,0,0,0,0,other,false,energy_only,100,200,0,1,true,0.9,0.9,false,0,0.032876712,false,false,1970-01-01-00:00,false,0,0,1,0.02,0,50,0,220,None
"PMGD MONZA_BESS",2026-01-01-00:00,2060-01-01-00:00,true,0,"AltoJahuel500",true,SEN,,6.5,6.5,0,0,0,0,0,0,0,0,0,0,0,0,0,0,0,0,other,false,energy_only,13,26,0,1,true,0.9,0.9,false,0,0.032876712,false,false,1970-01-01-00:00,false,0,0,1,0.02,0,50,0,220,None
"PMGD PICHIRROPULLI_BESS",2027-06-01-00:00,2060-01-01-00:00,true,0,"Pichirropulli500",true,SEN,,6,6,0,0,0,0,0,0,0,0,0,0,0,0,0,0,0,0,other,false,energy_only,15,30,0,1,true,0.9,0.9,false,0,0.032876712,false,false,1970-01-01-00:00,false,0,0,1,0.02,0,50,0,220,None
"CHACA_BESS",2025-11-01-00:00,2060-01-01-00:00,true,0,"Parinacota220",true,SEN,,228,228,0,0,0,0,0,0,0,0,0,0,0,0,0,0,0,0,other,false,energy_only,456,912,0,1,true,0.9,0.9,false,0,0.032876712,false,false,1970-01-01-00:00,false,0,0,1,0.02,0,50,0,220,None
"PMGD PSF LOS MAITENES_BESS",2025-08-01-00:00,2060-01-01-00:00,true,0,"AltoJahuel500",true,SEN,,5,5,0,0,0,0,0,0,0,0,0,0,0,0,0,0,0,0,other,false,energy_only,11,22,0,1,true,0.9,0.9,false,0,0.032876712,false,false,1970-01-01-00:00,false,0,0,1,0.02,0,50,0,220,None
"ARICA II_BESS",2026-02-01-00:00,2060-01-01-00:00,true,0,"Parinacota220",true,SEN,,30,30,0,0,0,0,0,0,0,0,0,0,0,0,0,0,0,0,other,false,energy_only,75,150,0,1,true,0.9,0.9,false,0,0.032876712,false,false,1970-01-01-00:00,false,0,0,1,0.02,0,50,0,220,None
"ELENA FASE I_BESS",2026-02-01-00:00,2060-01-01-00:00,true,0,"Kimal220",true,SEN,,485,485,0,0,0,0,0,0,0,0,0,0,0,0,0,0,0,0,other,false,energy_only,1576.25,3152.5,0,1,true,0.9,0.9,false,0,0.032876712,false,false,1970-01-01-00:00,false,0,0,1,0.02,0,50,0,220,None
"HIJUELA_BESS",2026-07-01-00:00,2060-01-01-00:00,true,0,"NuevaMaitencillo500",true,SEN,,9,9,0,0,0,0,0,0,0,0,0,0,0,0,0,0,0,0,other,false,energy_only,24.75,49.5,0,1,true,0.9,0.9,false,0,0.032876712,false,false,1970-01-01-00:00,false,0,0,1,0.02,0,50,0,220,None
"EL OLIVAR_BESS",2026-07-01-00:00,2060-01-01-00:00,true,0,"NuevaMaitencillo500",true,SEN,,9,9,0,0,0,0,0,0,0,0,0,0,0,0,0,0,0,0,other,false,energy_only,24.75,49.5,0,1,true,0.9,0.9,false,0,0.032876712,false,false,1970-01-01-00:00,false,0,0,1,0.02,0,50,0,220,None
"CHICHA SOLAR_BESS",2026-10-01-00:00,2060-01-01-00:00,true,0,"Polpaico500",true,SEN,,9,9,0,0,0,0,0,0,0,0,0,0,0,0,0,0,0,0,other,false,energy_only,22.5,45,0,1,true,0.9,0.9,false,0,0.032876712,false,false,1970-01-01-00:00,false,0,0,1,0.02,0,50,0,220,None
"SANTA MARTA_BESS",2025-06-01-00:00,2060-01-01-00:00,true,0,"AltoJahuel500",true,SEN,,10,10,0,0,0,0,0,0,0,0,0,0,0,0,0,0,0,0,other,false,energy_only,25,50,0,1,true,0.9,0.9,false,0,0.032876712,false,false,1970-01-01-00:00,false,0,0,1,0.02,0,50,0,220,None
"ARENA_BESS",2025-12-01-00:00,2060-01-01-00:00,true,0,"Parinas500",true,SEN,,220,220,0,0,0,0,0,0,0,0,0,0,0,0,0,0,0,0,other,false,energy_only,550,1100,0,1,true,0.9,0.9,false,0,0.032876712,false,false,1970-01-01-00:00,false,0,0,1,0.02,0,50,0,220,None
"LOS LOROS_BESS",2026-03-01-00:00,2060-01-01-00:00,true,0,"NuevaCardones500",true,SEN,,46,46,0,0,0,0,0,0,0,0,0,0,0,0,0,0,0,0,other,false,energy_only,115,230,0,1,true,0.9,0.9,false,0,0.032876712,false,false,1970-01-01-00:00,false,0,0,1,0.02,0,50,0,220,None
"LILE_BESS",2026-04-01-00:00,2060-01-01-00:00,true,0,"LosChangos220",true,SEN,,140,140,0,0,0,0,0,0,0,0,0,0,0,0,0,0,0,0,other,false,energy_only,399,798,0,1,true,0.9,0.9,false,0,0.032876712,false,false,1970-01-01-00:00,false,0,0,1,0.02,0,50,0,220,None
"LUNA DE VERANO_BESS",2026-09-01-00:00,2060-01-01-00:00,true,0,"NuevaMaitencillo500",true,SEN,,300,300,0,0,0,0,0,0,0,0,0,0,0,0,0,0,0,0,other,false,energy_only,300.05,600.1,0,1,true,0.9,0.9,false,0,0.032876712,false,false,1970-01-01-00:00,false,0,0,1,0.02,0,50,0,220,None
"BESS KALLPA_BESS",2026-07-01-00:00,2060-01-01-00:00,true,0,"Parinas500",true,SEN,,57,57,0,0,0,0,0,0,0,0,0,0,0,0,0,0,0,0,other,false,energy_only,142.5,285,0,1,true,0.9,0.9,false,0,0.032876712,false,false,1970-01-01-00:00,false,0,0,1,0.02,0,50,0,220,None
"PFV SAN JUAN_BESS",2026-08-01-00:00,2060-01-01-00:00,true,0,"NuevaCharrua500",true,SEN,,9,9,0,0,0,0,0,0,0,0,0,0,0,0,0,0,0,0,other,false,energy_only,22.5,45,0,1,true,0.9,0.9,false,0,0.032876712,false,false,1970-01-01-00:00,false,0,0,1,0.02,0,50,0,220,None
"SOL DEL VALLE HERMOSO_BESS",2026-12-01-00:00,2060-01-01-00:00,true,0,"Polpaico500",true,SEN,,9,9,0,0,0,0,0,0,0,0,0,0,0,0,0,0,0,0,other,false,energy_only,24.75,49.5,0,1,true,0.9,0.9,false,0,0.032876712,false,false,1970-01-01-00:00,false,0,0,1,0.02,0,50,0,220,None
"ESS_NuevaCharrua500_5h",2029-10-01-00:00,3000-01-01-00:00,true,0,"NuevaCharrua500",true,SEN,,2000,2000,0,0,0,0,0,0,0,0,0,0,0,0,0,0,0,0,other,false,energy_only,4000,10000,0,1,true,0.9,0.9,false,0,0.032876712,true,false,1970-01-01-00:00,true,920,0,1,0.02,13.8,25,0,500,None
"ESS_Cumbre500_5h",2029-10-01-00:00,3000-01-01-00:00,true,0,"Cumbre500",true,SEN,,5000,5000,0,0,0,0,0,0,0,0,0,0,0,0,0,0,0,0,other,false,energy_only,10000,25000,0,1,true,0.9,0.9,false,0,0.032876712,true,false,1970-01-01-00:00,true,920,0,1,0.02,13.8,25,0,500,None
"ESS_Pichirropulli500_5h",2029-10-01-00:00,3000-01-01-00:00,true,0,"Pichirropulli500",true,SEN,,2000,2000,0,0,0,0,0,0,0,0,0,0,0,0,0,0,0,0,other,false,energy_only,4000,10000,0,1,true,0.9,0.9,false,0,0.032876712,true,false,1970-01-01-00:00,true,920,0,1,0.02,13.8,25,0,500,None
"ESS_Polpaico500_5h",2029-10-01-00:00,3000-01-01-00:00,true,0,"Polpaico500",true,SEN,,2000,2000,0,0,0,0,0,0,0,0,0,0,0,0,0,0,0,0,other,false,energy_only,4000,10000,0,1,true,0.9,0.9,false,0,0.032876712,true,false,1970-01-01-00:00,true,920,0,1,0.02,13.8,25,0,500,None
"ESS_NuevaAncud500_5h",2029-10-01-00:00,3000-01-01-00:00,true,0,"NuevaAncud500",true,SEN,,2000,2000,0,0,0,0,0,0,0,0,0,0,0,0,0,0,0,0,other,false,energy_only,4000,10000,0,1,true,0.9,0.9,false,0,0.032876712,true,false,1970-01-01-00:00,true,920,0,1,0.02,13.8,25,0,500,None
"ESS_AltoJahuel500_5h",2029-10-01-00:00,3000-01-01-00:00,true,0,"AltoJahuel500",true,SEN,,2000,2000,0,0,0,0,0,0,0,0,0,0,0,0,0,0,0,0,other,false,energy_only,4000,10000,0,1,true,0.9,0.9,false,0,0.032876712,true,false,1970-01-01-00:00,true,920,0,1,0.02,13.8,25,0,500,None
"ESS_NuevaCardones500_5h",2029-10-01-00:00,3000-01-01-00:00,true,0,"NuevaCardones500",true,SEN,,5000,5000,0,0,0,0,0,0,0,0,0,0,0,0,0,0,0,0,other,false,energy_only,10000,25000,0,1,true,0.9,0.9,false,0,0.032876712,true,false,1970-01-01-00:00,true,920,0,1,0.02,13.8,25,0,500,None
"ESS_Ancoa500_5h",2029-10-01-00:00,3000-01-01-00:00,true,0,"Ancoa500",true,SEN,,2000,2000,0,0,0,0,0,0,0,0,0,0,0,0,0,0,0,0,other,false,energy_only,4000,10000,0,1,true,0.9,0.9,false,0,0.032876712,true,false,1970-01-01-00:00,true,920,0,1,0.02,13.8,25,0,500,None
"ESS_RioMalleco500_5h",2029-10-01-00:00,3000-01-01-00:00,true,0,"RioMalleco500",true,SEN,,2000,2000,0,0,0,0,0,0,0,0,0,0,0,0,0,0,0,0,other,false,energy_only,4000,10000,0,1,true,0.9,0.9,false,0,0.032876712,true,false,1970-01-01-00:00,true,920,0,1,0.02,13.8,25,0,500,None
"ESS_NuevaPandeAzucar500_5h",2029-10-01-00:00,3000-01-01-00:00,true,0,"NuevaPandeAzucar500",true,SEN,,2000,2000,0,0,0,0,0,0,0,0,0,0,0,0,0,0,0,0,other,false,energy_only,4000,10000,0,1,true,0.9,0.9,false,0,0.032876712,true,false,1970-01-01-00:00,true,920,0,1,0.02,13.8,25,0,500,None
"ESS_NuevaMaitencillo500_5h",2029-10-01-00:00,3000-01-01-00:00,true,0,"NuevaMaitencillo500",true,SEN,,2000,2000,0,0,0,0,0,0,0,0,0,0,0,0,0,0,0,0,other,false,energy_only,4000,10000,0,1,true,0.9,0.9,false,0,0.032876712,true,false,1970-01-01-00:00,true,920,0,1,0.02,13.8,25,0,500,None
"ESS_NuevaPuertoMontt500_5h",2029-10-01-00:00,3000-01-01-00:00,true,0,"NuevaPuertoMontt500",true,SEN,,2000,2000,0,0,0,0,0,0,0,0,0,0,0,0,0,0,0,0,other,false,energy_only,4000,10000,0,1,true,0.9,0.9,false,0,0.032876712,true,false,1970-01-01-00:00,true,920,0,1,0.02,13.8,25,0,500,None
"ESS_Parinas500_5h",2029-10-01-00:00,3000-01-01-00:00,true,0,"Parinas500",true,SEN,,5000,5000,0,0,0,0,0,0,0,0,0,0,0,0,0,0,0,0,other,false,energy_only,10000,25000,0,1,true,0.9,0.9,false,0,0.032876712,true,false,1970-01-01-00:00,true,920,0,1,0.02,13.8,25,0,500,None
"ESS_NuevaZaldivar220_5h",2029-10-01-00:00,3000-01-01-00:00,true,0,"NuevaZaldivar220",true,SEN,,5000,5000,0,0,0,0,0,0,0,0,0,0,0,0,0,0,0,0,other,false,energy_only,10000,25000,0,1,true,0.9,0.9,false,0,0.032876712,true,false,1970-01-01-00:00,true,920,0,1,0.02,13.8,25,0,220,None
"ESS_Kimal500_5h",2029-10-01-00:00,3000-01-01-00:00,true,0,"Kimal500",true,SEN,,5000,5000,0,0,0,0,0,0,0,0,0,0,0,0,0,0,0,0,other,false,energy_only,10000,25000,0,1,true,0.9,0.9,false,0,0.032876712,true,false,1970-01-01-00:00,true,920,0,1,0.02,13.8,25,0,500,None
"ESS_LosChangos500_5h",2029-10-01-00:00,3000-01-01-00:00,true,0,"LosChangos500",true,SEN,,5000,5000,0,0,0,0,0,0,0,0,0,0,0,0,0,0,0,0,other,false,energy_only,10000,25000,0,1,true,0.9,0.9,false,0,0.032876712,true,false,1970-01-01-00:00,true,920,0,1,0.02,13.8,25,0,500,None
"ESS_Lagunas220_5h",2029-10-01-00:00,3000-01-01-00:00,true,0,"Lagunas220",true,SEN,,5000,5000,0,0,0,0,0,0,0,0,0,0,0,0,0,0,0,0,other,false,energy_only,10000,25000,0,1,true,0.9,0.9,false,0,0.032876712,true,false,1970-01-01-00:00,true,920,0,1,0.02,13.8,25,0,220,None
"ESS_Kimal220_5h",2029-10-01-00:00,3000-01-01-00:00,true,0,"Kimal220",true,SEN,,5000,5000,0,0,0,0,0,0,0,0,0,0,0,0,0,0,0,0,other,false,energy_only,10000,25000,0,1,true,0.9,0.9,false,0,0.032876712,true,false,1970-01-01-00:00,true,920,0,1,0.02,13.8,25,0,220,None
"ESS_LosChangos220_5h",2029-10-01-00:00,3000-01-01-00:00,true,0,"LosChangos220",true,SEN,,5000,5000,0,0,0,0,0,0,0,0,0,0,0,0,0,0,0,0,other,false,energy_only,10000,25000,0,1,true,0.9,0.9,false,0,0.032876712,true,false,1970-01-01-00:00,true,920,0,1,0.02,13.8,25,0,220,None
"ESS_NuevaPozoAlmonte220_5h",2029-10-01-00:00,3000-01-01-00:00,true,0,"NuevaPozoAlmonte220",true,SEN,,5000,5000,0,0,0,0,0,0,0,0,0,0,0,0,0,0,0,0,other,false,energy_only,10000,25000,0,1,true,0.9,0.9,false,0,0.032876712,true,false,1970-01-01-00:00,true,920,0,1,0.02,13.8,25,0,220,None
"ESS_Parinacota220_5h",2029-10-01-00:00,3000-01-01-00:00,true,0,"Parinacota220",true,SEN,,5000,5000,0,0,0,0,0,0,0,0,0,0,0,0,0,0,0,0,other,false,energy_only,10000,25000,0,1,true,0.9,0.9,false,0,0.032876712,true,false,1970-01-01-00:00,true,920,0,1,0.02,13.8,25,0,220,None
"ESS_Quillota500_5h",2029-10-01-00:00,3000-01-01-00:00,true,0,"Quillota500",true,SEN,,2000,2000,0,0,0,0,0,0,0,0,0,0,0,0,0,0,0,0,other,false,energy_only,4000,10000,0,1,true,0.9,0.9,false,0,0.032876712,true,false,1970-01-01-00:00,true,920,0,1,0.02,13.8,25,0,500,None
"ESS_Candelaria500_5h",2029-10-01-00:00,3000-01-01-00:00,true,0,"Candelaria500",true,SEN,,2000,2000,0,0,0,0,0,0,0,0,0,0,0,0,0,0,0,0,other,false,energy_only,4000,10000,0,1,true,0.9,0.9,false,0,0.032876712,true,false,1970-01-01-00:00,true,920,0,1,0.02,13.8,25,0,500,None
"ESS_Rapel500_5h",2029-10-01-00:00,3000-01-01-00:00,true,0,"Rapel500",true,SEN,,2000,2000,0,0,0,0,0,0,0,0,0,0,0,0,0,0,0,0,other,false,energy_only,4000,10000,0,1,true,0.9,0.9,false,0,0.032876712,true,false,1970-01-01-00:00,true,920,0,1,0.02,13.8,25,0,500,None
"ESS_Concepcion500_5h",2029-10-01-00:00,3000-01-01-00:00,true,0,"Concepcion500",true,SEN,,2000,2000,0,0,0,0,0,0,0,0,0,0,0,0,0,0,0,0,other,false,energy_only,4000,10000,0,1,true,0.9,0.9,false,0,0.032876712,true,false,1970-01-01-00:00,true,920,0,1,0.02,13.8,25,0,500,None
"ESS_Mulchen500_5h",2029-10-01-00:00,3000-01-01-00:00,true,0,"Mulchen500",true,SEN,,2000,2000,0,0,0,0,0,0,0,0,0,0,0,0,0,0,0,0,other,false,energy_only,4000,10000,0,1,true,0.9,0.9,false,0,0.032876712,true,false,1970-01-01-00:00,true,920,0,1,0.02,13.8,25,0,500,None
"ESS_NuevaCharrua500_4h",2029-10-01-00:00,3000-01-01-00:00,true,0,"NuevaCharrua500",true,SEN,,2000,2000,0,0,0,0,0,0,0,0,0,0,0,0,0,0,0,0,other,false,energy_only,4000,8000,0,1,true,0.9,0.9,false,0,0.032876712,true,false,1970-01-01-00:00,true,814,0,1,0.02,12.21,25,0,500,None
"ESS_Cumbre500_4h",2029-10-01-00:00,3000-01-01-00:00,true,0,"Cumbre500",true,SEN,,5000,5000,0,0,0,0,0,0,0,0,0,0,0,0,0,0,0,0,other,false,energy_only,10000,20000,0,1,true,0.9,0.9,false,0,0.032876712,true,false,1970-01-01-00:00,true,814,0,1,0.02,12.21,25,0,500,None
"ESS_Pichirropulli500_4h",2029-10-01-00:00,3000-01-01-00:00,true,0,"Pichirropulli500",true,SEN,,2000,2000,0,0,0,0,0,0,0,0,0,0,0,0,0,0,0,0,other,false,energy_only,4000,8000,0,1,true,0.9,0.9,false,0,0.032876712,true,false,1970-01-01-00:00,true,814,0,1,0.02,12.21,25,0,500,None
"ESS_Polpaico500_4h",2029-10-01-00:00,3000-01-01-00:00,true,0,"Polpaico500",true,SEN,,2000,2000,0,0,0,0,0,0,0,0,0,0,0,0,0,0,0,0,other,false,energy_only,4000,8000,0,1,true,0.9,0.9,false,0,0.032876712,true,false,1970-01-01-00:00,true,814,0,1,0.02,12.21,25,0,500,None
"ESS_NuevaAncud500_4h",2029-10-01-00:00,3000-01-01-00:00,true,0,"NuevaAncud500",true,SEN,,2000,2000,0,0,0,0,0,0,0,0,0,0,0,0,0,0,0,0,other,false,energy_only,4000,8000,0,1,true,0.9,0.9,false,0,0.032876712,true,false,1970-01-01-00:00,true,814,0,1,0.02,12.21,25,0,500,None
"ESS_AltoJahuel500_4h",2029-10-01-00:00,3000-01-01-00:00,true,0,"AltoJahuel500",true,SEN,,2000,2000,0,0,0,0,0,0,0,0,0,0,0,0,0,0,0,0,other,false,energy_only,4000,8000,0,1,true,0.9,0.9,false,0,0.032876712,true,false,1970-01-01-00:00,true,814,0,1,0.02,12.21,25,0,500,None
"ESS_NuevaCardones500_4h",2029-10-01-00:00,3000-01-01-00:00,true,0,"NuevaCardones500",true,SEN,,5000,5000,0,0,0,0,0,0,0,0,0,0,0,0,0,0,0,0,other,false,energy_only,10000,20000,0,1,true,0.9,0.9,false,0,0.032876712,true,false,1970-01-01-00:00,true,814,0,1,0.02,12.21,25,0,500,None
"ESS_Ancoa500_4h",2029-10-01-00:00,3000-01-01-00:00,true,0,"Ancoa500",true,SEN,,2000,2000,0,0,0,0,0,0,0,0,0,0,0,0,0,0,0,0,other,false,energy_only,4000,8000,0,1,true,0.9,0.9,false,0,0.032876712,true,false,1970-01-01-00:00,true,814,0,1,0.02,12.21,25,0,500,None
"ESS_RioMalleco500_4h",2029-10-01-00:00,3000-01-01-00:00,true,0,"RioMalleco500",true,SEN,,2000,2000,0,0,0,0,0,0,0,0,0,0,0,0,0,0,0,0,other,false,energy_only,4000,8000,0,1,true,0.9,0.9,false,0,0.032876712,true,false,1970-01-01-00:00,true,814,0,1,0.02,12.21,25,0,500,None
"ESS_NuevaPandeAzucar500_4h",2029-10-01-00:00,3000-01-01-00:00,true,0,"NuevaPandeAzucar500",true,SEN,,2000,2000,0,0,0,0,0,0,0,0,0,0,0,0,0,0,0,0,other,false,energy_only,4000,8000,0,1,true,0.9,0.9,false,0,0.032876712,true,false,1970-01-01-00:00,true,814,0,1,0.02,12.21,25,0,500,None
"ESS_NuevaMaitencillo500_4h",2029-10-01-00:00,3000-01-01-00:00,true,0,"NuevaMaitencillo500",true,SEN,,2000,2000,0,0,0,0,0,0,0,0,0,0,0,0,0,0,0,0,other,false,energy_only,4000,8000,0,1,true,0.9,0.9,false,0,0.032876712,true,false,1970-01-01-00:00,true,814,0,1,0.02,12.21,25,0,500,None
"ESS_NuevaPuertoMontt500_4h",2029-10-01-00:00,3000-01-01-00:00,true,0,"NuevaPuertoMontt500",true,SEN,,2000,2000,0,0,0,0,0,0,0,0,0,0,0,0,0,0,0,0,other,false,energy_only,4000,8000,0,1,true,0.9,0.9,false,0,0.032876712,true,false,1970-01-01-00:00,true,814,0,1,0.02,12.21,25,0,500,None
"ESS_Parinas500_4h",2029-10-01-00:00,3000-01-01-00:00,true,0,"Parinas500",true,SEN,,5000,5000,0,0,0,0,0,0,0,0,0,0,0,0,0,0,0,0,other,false,energy_only,10000,20000,0,1,true,0.9,0.9,false,0,0.032876712,true,false,1970-01-01-00:00,true,814,0,1,0.02,12.21,25,0,500,None
"ESS_NuevaZaldivar220_4h",2029-10-01-00:00,3000-01-01-00:00,true,0,"NuevaZaldivar220",true,SEN,,5000,5000,0,0,0,0,0,0,0,0,0,0,0,0,0,0,0,0,other,false,energy_only,10000,20000,0,1,true,0.9,0.9,false,0,0.032876712,true,false,1970-01-01-00:00,true,814,0,1,0.02,12.21,25,0,220,None
"ESS_Kimal500_4h",2029-10-01-00:00,3000-01-01-00:00,true,0,"Kimal500",true,SEN,,5000,5000,0,0,0,0,0,0,0,0,0,0,0,0,0,0,0,0,other,false,energy_only,10000,20000,0,1,true,0.9,0.9,false,0,0.032876712,true,false,1970-01-01-00:00,true,814,0,1,0.02,12.21,25,0,500,None
"ESS_LosChangos500_4h",2029-10-01-00:00,3000-01-01-00:00,true,0,"LosChangos500",true,SEN,,5000,5000,0,0,0,0,0,0,0,0,0,0,0,0,0,0,0,0,other,false,energy_only,10000,20000,0,1,true,0.9,0.9,false,0,0.032876712,true,false,1970-01-01-00:00,true,814,0,1,0.02,12.21,25,0,500,None
"ESS_Lagunas220_4h",2029-10-01-00:00,3000-01-01-00:00,true,0,"Lagunas220",true,SEN,,5000,5000,0,0,0,0,0,0,0,0,0,0,0,0,0,0,0,0,other,false,energy_only,10000,20000,0,1,true,0.9,0.9,false,0,0.032876712,true,false,1970-01-01-00:00,true,814,0,1,0.02,12.21,25,0,220,None
"ESS_Kimal220_4h",2029-10-01-00:00,3000-01-01-00:00,true,0,"Kimal220",true,SEN,,5000,5000,0,0,0,0,0,0,0,0,0,0,0,0,0,0,0,0,other,false,energy_only,10000,20000,0,1,true,0.9,0.9,false,0,0.032876712,true,false,1970-01-01-00:00,true,814,0,1,0.02,12.21,25,0,220,None
"ESS_LosChangos220_4h",2029-10-01-00:00,3000-01-01-00:00,true,0,"LosChangos220",true,SEN,,5000,5000,0,0,0,0,0,0,0,0,0,0,0,0,0,0,0,0,other,false,energy_only,10000,20000,0,1,true,0.9,0.9,false,0,0.032876712,true,false,1970-01-01-00:00,true,814,0,1,0.02,12.21,25,0,220,None
"ESS_NuevaPozoAlmonte220_4h",2029-10-01-00:00,3000-01-01-00:00,true,0,"NuevaPozoAlmonte220",true,SEN,,5000,5000,0,0,0,0,0,0,0,0,0,0,0,0,0,0,0,0,other,false,energy_only,10000,20000,0,1,true,0.9,0.9,false,0,0.032876712,true,false,1970-01-01-00:00,true,814,0,1,0.02,12.21,25,0,220,None
"ESS_Parinacota220_4h",2029-10-01-00:00,3000-01-01-00:00,true,0,"Parinacota220",true,SEN,,5000,5000,0,0,0,0,0,0,0,0,0,0,0,0,0,0,0,0,other,false,energy_only,10000,20000,0,1,true,0.9,0.9,false,0,0.032876712,true,false,1970-01-01-00:00,true,814,0,1,0.02,12.21,25,0,220,None
"ESS_Quillota500_4h",2029-10-01-00:00,3000-01-01-00:00,true,0,"Quillota500",true,SEN,,2000,2000,0,0,0,0,0,0,0,0,0,0,0,0,0,0,0,0,other,false,energy_only,4000,8000,0,1,true,0.9,0.9,false,0,0.032876712,true,false,1970-01-01-00:00,true,814,0,1,0.02,12.21,25,0,500,None
"ESS_Candelaria500_4h",2029-10-01-00:00,3000-01-01-00:00,true,0,"Candelaria500",true,SEN,,2000,2000,0,0,0,0,0,0,0,0,0,0,0,0,0,0,0,0,other,false,energy_only,4000,8000,0,1,true,0.9,0.9,false,0,0.032876712,true,false,1970-01-01-00:00,true,814,0,1,0.02,12.21,25,0,500,None
"ESS_Rapel500_4h",2029-10-01-00:00,3000-01-01-00:00,true,0,"Rapel500",true,SEN,,2000,2000,0,0,0,0,0,0,0,0,0,0,0,0,0,0,0,0,other,false,energy_only,4000,8000,0,1,true,0.9,0.9,false,0,0.032876712,true,false,1970-01-01-00:00,true,814,0,1,0.02,12.21,25,0,500,None
"ESS_Concepcion500_4h",2029-10-01-00:00,3000-01-01-00:00,true,0,"Concepcion500",true,SEN,,2000,2000,0,0,0,0,0,0,0,0,0,0,0,0,0,0,0,0,other,false,energy_only,4000,8000,0,1,true,0.9,0.9,false,0,0.032876712,true,false,1970-01-01-00:00,true,814,0,1,0.02,12.21,25,0,500,None
"ESS_Mulchen500_4h",2029-10-01-00:00,3000-01-01-00:00,true,0,"Mulchen500",true,SEN,,2000,2000,0,0,0,0,0,0,0,0,0,0,0,0,0,0,0,0,other,false,energy_only,4000,8000,0,1,true,0.9,0.9,false,0,0.032876712,true,false,1970-01-01-00:00,true,814,0,1,0.02,12.21,25,0,500,None
"ESS_NuevaCharrua500_3h",2029-10-01-00:00,3000-01-01-00:00,true,0,"NuevaCharrua500",true,SEN,,2000,2000,0,0,0,0,0,0,0,0,0,0,0,0,0,0,0,0,other,false,energy_only,4000,6000,0,1,true,0.9,0.9,false,0,0.032876712,true,false,1970-01-01-00:00,true,751.5,0,1,0.02,11.2725,25,0,500,None
"ESS_Cumbre500_3h",2029-10-01-00:00,3000-01-01-00:00,true,0,"Cumbre500",true,SEN,,5000,5000,0,0,0,0,0,0,0,0,0,0,0,0,0,0,0,0,other,false,energy_only,10000,15000,0,1,true,0.9,0.9,false,0,0.032876712,true,false,1970-01-01-00:00,true,751.5,0,1,0.02,11.2725,25,0,500,None
"ESS_Pichirropulli500_3h",2029-10-01-00:00,3000-01-01-00:00,true,0,"Pichirropulli500",true,SEN,,2000,2000,0,0,0,0,0,0,0,0,0,0,0,0,0,0,0,0,other,false,energy_only,4000,6000,0,1,true,0.9,0.9,false,0,0.032876712,true,false,1970-01-01-00:00,true,751.5,0,1,0.02,11.2725,25,0,500,None
"ESS_Polpaico500_3h",2029-10-01-00:00,3000-01-01-00:00,true,0,"Polpaico500",true,SEN,,2000,2000,0,0,0,0,0,0,0,0,0,0,0,0,0,0,0,0,other,false,energy_only,4000,6000,0,1,true,0.9,0.9,false,0,0.032876712,true,false,1970-01-01-00:00,true,751.5,0,1,0.02,11.2725,25,0,500,None
"ESS_NuevaAncud500_3h",2029-10-01-00:00,3000-01-01-00:00,true,0,"NuevaAncud500",true,SEN,,2000,2000,0,0,0,0,0,0,0,0,0,0,0,0,0,0,0,0,other,false,energy_only,4000,6000,0,1,true,0.9,0.9,false,0,0.032876712,true,false,1970-01-01-00:00,true,751.5,0,1,0.02,11.2725,25,0,500,None
"ESS_AltoJahuel500_3h",2029-10-01-00:00,3000-01-01-00:00,true,0,"AltoJahuel500",true,SEN,,2000,2000,0,0,0,0,0,0,0,0,0,0,0,0,0,0,0,0,other,false,energy_only,4000,6000,0,1,true,0.9,0.9,false,0,0.032876712,true,false,1970-01-01-00:00,true,751.5,0,1,0.02,11.2725,25,0,500,None
"ESS_NuevaCardones500_3h",2029-10-01-00:00,3000-01-01-00:00,true,0,"NuevaCardones500",true,SEN,,5000,5000,0,0,0,0,0,0,0,0,0,0,0,0,0,0,0,0,other,false,energy_only,10000,15000,0,1,true,0.9,0.9,false,0,0.032876712,true,false,1970-01-01-00:00,true,751.5,0,1,0.02,11.2725,25,0,500,None
"ESS_Ancoa500_3h",2029-10-01-00:00,3000-01-01-00:00,true,0,"Ancoa500",true,SEN,,2000,2000,0,0,0,0,0,0,0,0,0,0,0,0,0,0,0,0,other,false,energy_only,4000,6000,0,1,true,0.9,0.9,false,0,0.032876712,true,false,1970-01-01-00:00,true,751.5,0,1,0.02,11.2725,25,0,500,None
"ESS_RioMalleco500_3h",2029-10-01-00:00,3000-01-01-00:00,true,0,"RioMalleco500",true,SEN,,2000,2000,0,0,0,0,0,0,0,0,0,0,0,0,0,0,0,0,other,false,energy_only,4000,6000,0,1,true,0.9,0.9,false,0,0.032876712,true,false,1970-01-01-00:00,true,751.5,0,1,0.02,11.2725,25,0,500,None
"ESS_NuevaPandeAzucar500_3h",2029-10-01-00:00,3000-01-01-00:00,true,0,"NuevaPandeAzucar500",true,SEN,,2000,2000,0,0,0,0,0,0,0,0,0,0,0,0,0,0,0,0,other,false,energy_only,4000,6000,0,1,true,0.9,0.9,false,0,0.032876712,true,false,1970-01-01-00:00,true,751.5,0,1,0.02,11.2725,25,0,500,None
"ESS_NuevaMaitencillo500_3h",2029-10-01-00:00,3000-01-01-00:00,true,0,"NuevaMaitencillo500",true,SEN,,2000,2000,0,0,0,0,0,0,0,0,0,0,0,0,0,0,0,0,other,false,energy_only,4000,6000,0,1,true,0.9,0.9,false,0,0.032876712,true,false,1970-01-01-00:00,true,751.5,0,1,0.02,11.2725,25,0,500,None
"ESS_NuevaPuertoMontt500_3h",2029-10-01-00:00,3000-01-01-00:00,true,0,"NuevaPuertoMontt500",true,SEN,,2000,2000,0,0,0,0,0,0,0,0,0,0,0,0,0,0,0,0,other,false,energy_only,4000,6000,0,1,true,0.9,0.9,false,0,0.032876712,true,false,1970-01-01-00:00,true,751.5,0,1,0.02,11.2725,25,0,500,None
"ESS_Parinas500_3h",2029-10-01-00:00,3000-01-01-00:00,true,0,"Parinas500",true,SEN,,5000,5000,0,0,0,0,0,0,0,0,0,0,0,0,0,0,0,0,other,false,energy_only,10000,15000,0,1,true,0.9,0.9,false,0,0.032876712,true,false,1970-01-01-00:00,true,751.5,0,1,0.02,11.2725,25,0,500,None
"ESS_NuevaZaldivar220_3h",2029-10-01-00:00,3000-01-01-00:00,true,0,"NuevaZaldivar220",true,SEN,,5000,5000,0,0,0,0,0,0,0,0,0,0,0,0,0,0,0,0,other,false,energy_only,10000,15000,0,1,true,0.9,0.9,false,0,0.032876712,true,false,1970-01-01-00:00,true,751.5,0,1,0.02,11.2725,25,0,220,None
"ESS_Kimal500_3h",2029-10-01-00:00,3000-01-01-00:00,true,0,"Kimal500",true,SEN,,5000,5000,0,0,0,0,0,0,0,0,0,0,0,0,0,0,0,0,other,false,energy_only,10000,15000,0,1,true,0.9,0.9,false,0,0.032876712,true,false,1970-01-01-00:00,true,751.5,0,1,0.02,11.2725,25,0,500,None
"ESS_LosChangos500_3h",2029-10-01-00:00,3000-01-01-00:00,true,0,"LosChangos500",true,SEN,,5000,5000,0,0,0,0,0,0,0,0,0,0,0,0,0,0,0,0,other,false,energy_only,10000,15000,0,1,true,0.9,0.9,false,0,0.032876712,true,false,1970-01-01-00:00,true,751.5,0,1,0.02,11.2725,25,0,500,None
"ESS_Lagunas220_3h",2029-10-01-00:00,3000-01-01-00:00,true,0,"Lagunas220",true,SEN,,5000,5000,0,0,0,0,0,0,0,0,0,0,0,0,0,0,0,0,other,false,energy_only,10000,15000,0,1,true,0.9,0.9,false,0,0.032876712,true,false,1970-01-01-00:00,true,751.5,0,1,0.02,11.2725,25,0,220,None
"ESS_Kimal220_3h",2029-10-01-00:00,3000-01-01-00:00,true,0,"Kimal220",true,SEN,,5000,5000,0,0,0,0,0,0,0,0,0,0,0,0,0,0,0,0,other,false,energy_only,10000,15000,0,1,true,0.9,0.9,false,0,0.032876712,true,false,1970-01-01-00:00,true,751.5,0,1,0.02,11.2725,25,0,220,None
"ESS_LosChangos220_3h",2029-10-01-00:00,3000-01-01-00:00,true,0,"LosChangos220",true,SEN,,5000,5000,0,0,0,0,0,0,0,0,0,0,0,0,0,0,0,0,other,false,energy_only,10000,15000,0,1,true,0.9,0.9,false,0,0.032876712,true,false,1970-01-01-00:00,true,751.5,0,1,0.02,11.2725,25,0,220,None
"ESS_NuevaPozoAlmonte220_3h",2029-10-01-00:00,3000-01-01-00:00,true,0,"NuevaPozoAlmonte220",true,SEN,,5000,5000,0,0,0,0,0,0,0,0,0,0,0,0,0,0,0,0,other,false,energy_only,10000,15000,0,1,true,0.9,0.9,false,0,0.032876712,true,false,1970-01-01-00:00,true,751.5,0,1,0.02,11.2725,25,0,220,None
"ESS_Parinacota220_3h",2029-10-01-00:00,3000-01-01-00:00,true,0,"Parinacota220",true,SEN,,5000,5000,0,0,0,0,0,0,0,0,0,0,0,0,0,0,0,0,other,false,energy_only,10000,15000,0,1,true,0.9,0.9,false,0,0.032876712,true,false,1970-01-01-00:00,true,751.5,0,1,0.02,11.2725,25,0,220,None
"ESS_Quillota500_3h",2029-10-01-00:00,3000-01-01-00:00,true,0,"Quillota500",true,SEN,,2000,2000,0,0,0,0,0,0,0,0,0,0,0,0,0,0,0,0,other,false,energy_only,4000,6000,0,1,true,0.9,0.9,false,0,0.032876712,true,false,1970-01-01-00:00,true,751.5,0,1,0.02,11.2725,25,0,500,None
"ESS_Candelaria500_3h",2029-10-01-00:00,3000-01-01-00:00,true,0,"Candelaria500",true,SEN,,2000,2000,0,0,0,0,0,0,0,0,0,0,0,0,0,0,0,0,other,false,energy_only,4000,6000,0,1,true,0.9,0.9,false,0,0.032876712,true,false,1970-01-01-00:00,true,751.5,0,1,0.02,11.2725,25,0,500,None
"ESS_Rapel500_3h",2029-10-01-00:00,3000-01-01-00:00,true,0,"Rapel500",true,SEN,,2000,2000,0,0,0,0,0,0,0,0,0,0,0,0,0,0,0,0,other,false,energy_only,4000,6000,0,1,true,0.9,0.9,false,0,0.032876712,true,false,1970-01-01-00:00,true,751.5,0,1,0.02,11.2725,25,0,500,None
"ESS_Concepcion500_3h",2029-10-01-00:00,3000-01-01-00:00,true,0,"Concepcion500",true,SEN,,2000,2000,0,0,0,0,0,0,0,0,0,0,0,0,0,0,0,0,other,false,energy_only,4000,6000,0,1,true,0.9,0.9,false,0,0.032876712,true,false,1970-01-01-00:00,true,751.5,0,1,0.02,11.2725,25,0,500,None
"ESS_Mulchen500_3h",2029-10-01-00:00,3000-01-01-00:00,true,0,"Mulchen500",true,SEN,,2000,2000,0,0,0,0,0,0,0,0,0,0,0,0,0,0,0,0,other,false,energy_only,4000,6000,0,1,true,0.9,0.9,false,0,0.032876712,true,false,1970-01-01-00:00,true,751.5,0,1,0.02,11.2725,25,0,500,None
"ESS_NuevaCharrua500_2h",2029-10-01-00:00,3000-01-01-00:00,true,0,"NuevaCharrua500",true,SEN,,2000,2000,0,0,0,0,0,0,0,0,0,0,0,0,0,0,0,0,other,false,energy_only,2000,4000,0,1,true,0.9,0.9,false,0,0.032876712,true,false,1970-01-01-00:00,true,689,0,1,0.02,10.335,25,0,500,None
"ESS_Cumbre500_2h",2029-10-01-00:00,3000-01-01-00:00,true,0,"Cumbre500",true,SEN,,5000,5000,0,0,0,0,0,0,0,0,0,0,0,0,0,0,0,0,other,false,energy_only,5000,10000,0,1,true,0.9,0.9,false,0,0.032876712,true,false,1970-01-01-00:00,true,689,0,1,0.02,10.335,25,0,500,None
"ESS_Pichirropulli500_2h",2029-10-01-00:00,3000-01-01-00:00,true,0,"Pichirropulli500",true,SEN,,2000,2000,0,0,0,0,0,0,0,0,0,0,0,0,0,0,0,0,other,false,energy_only,2000,4000,0,1,true,0.9,0.9,false,0,0.032876712,true,false,1970-01-01-00:00,true,689,0,1,0.02,10.335,25,0,500,None
"ESS_Polpaico500_2h",2029-10-01-00:00,3000-01-01-00:00,true,0,"Polpaico500",true,SEN,,2000,2000,0,0,0,0,0,0,0,0,0,0,0,0,0,0,0,0,other,false,energy_only,2000,4000,0,1,true,0.9,0.9,false,0,0.032876712,true,false,1970-01-01-00:00,true,689,0,1,0.02,10.335,25,0,500,None
"ESS_NuevaAncud500_2h",2029-10-01-00:00,3000-01-01-00:00,true,0,"NuevaAncud500",true,SEN,,2000,2000,0,0,0,0,0,0,0,0,0,0,0,0,0,0,0,0,other,false,energy_only,2000,4000,0,1,true,0.9,0.9,false,0,0.032876712,true,false,1970-01-01-00:00,true,689,0,1,0.02,10.335,25,0,500,None
"ESS_AltoJahuel500_2h",2029-10-01-00:00,3000-01-01-00:00,true,0,"AltoJahuel500",true,SEN,,2000,2000,0,0,0,0,0,0,0,0,0,0,0,0,0,0,0,0,other,false,energy_only,2000,4000,0,1,true,0.9,0.9,false,0,0.032876712,true,false,1970-01-01-00:00,true,689,0,1,0.02,10.335,25,0,500,None
"ESS_NuevaCardones500_2h",2029-10-01-00:00,3000-01-01-00:00,true,0,"NuevaCardones500",true,SEN,,5000,5000,0,0,0,0,0,0,0,0,0,0,0,0,0,0,0,0,other,false,energy_only,5000,10000,0,1,true,0.9,0.9,false,0,0.032876712,true,false,1970-01-01-00:00,true,689,0,1,0.02,10.335,25,0,500,None
"ESS_Ancoa500_2h",2029-10-01-00:00,3000-01-01-00:00,true,0,"Ancoa500",true,SEN,,2000,2000,0,0,0,0,0,0,0,0,0,0,0,0,0,0,0,0,other,false,energy_only,2000,4000,0,1,true,0.9,0.9,false,0,0.032876712,true,false,1970-01-01-00:00,true,689,0,1,0.02,10.335,25,0,500,None
"ESS_RioMalleco500_2h",2029-10-01-00:00,3000-01-01-00:00,true,0,"RioMalleco500",true,SEN,,2000,2000,0,0,0,0,0,0,0,0,0,0,0,0,0,0,0,0,other,false,energy_only,2000,4000,0,1,true,0.9,0.9,false,0,0.032876712,true,false,1970-01-01-00:00,true,689,0,1,0.02,10.335,25,0,500,None
"ESS_NuevaPandeAzucar500_2h",2029-10-01-00:00,3000-01-01-00:00,true,0,"NuevaPandeAzucar500",true,SEN,,2000,2000,0,0,0,0,0,0,0,0,0,0,0,0,0,0,0,0,other,false,energy_only,2000,4000,0,1,true,0.9,0.9,false,0,0.032876712,true,false,1970-01-01-00:00,true,689,0,1,0.02,10.335,25,0,500,None
"ESS_NuevaMaitencillo500_2h",2029-10-01-00:00,3000-01-01-00:00,true,0,"NuevaMaitencillo500",true,SEN,,2000,2000,0,0,0,0,0,0,0,0,0,0,0,0,0,0,0,0,other,false,energy_only,2000,4000,0,1,true,0.9,0.9,false,0,0.032876712,true,false,1970-01-01-00:00,true,689,0,1,0.02,10.335,25,0,500,None
"ESS_NuevaPuertoMontt500_2h",2029-10-01-00:00,3000-01-01-00:00,true,0,"NuevaPuertoMontt500",true,SEN,,2000,2000,0,0,0,0,0,0,0,0,0,0,0,0,0,0,0,0,other,false,energy_only,2000,4000,0,1,true,0.9,0.9,false,0,0.032876712,true,false,1970-01-01-00:00,true,689,0,1,0.02,10.335,25,0,500,None
"ESS_Parinas500_2h",2029-10-01-00:00,3000-01-01-00:00,true,0,"Parinas500",true,SEN,,5000,5000,0,0,0,0,0,0,0,0,0,0,0,0,0,0,0,0,other,false,energy_only,5000,10000,0,1,true,0.9,0.9,false,0,0.032876712,true,false,1970-01-01-00:00,true,689,0,1,0.02,10.335,25,0,500,None
"ESS_NuevaZaldivar220_2h",2029-10-01-00:00,3000-01-01-00:00,true,0,"NuevaZaldivar220",true,SEN,,5000,5000,0,0,0,0,0,0,0,0,0,0,0,0,0,0,0,0,other,false,energy_only,5000,10000,0,1,true,0.9,0.9,false,0,0.032876712,true,false,1970-01-01-00:00,true,689,0,1,0.02,10.335,25,0,220,None
"ESS_Kimal500_2h",2029-10-01-00:00,3000-01-01-00:00,true,0,"Kimal500",true,SEN,,5000,5000,0,0,0,0,0,0,0,0,0,0,0,0,0,0,0,0,other,false,energy_only,5000,10000,0,1,true,0.9,0.9,false,0,0.032876712,true,false,1970-01-01-00:00,true,689,0,1,0.02,10.335,25,0,500,None
"ESS_LosChangos500_2h",2029-10-01-00:00,3000-01-01-00:00,true,0,"LosChangos500",true,SEN,,5000,5000,0,0,0,0,0,0,0,0,0,0,0,0,0,0,0,0,other,false,energy_only,5000,10000,0,1,true,0.9,0.9,false,0,0.032876712,true,false,1970-01-01-00:00,true,689,0,1,0.02,10.335,25,0,500,None
"ESS_Lagunas220_2h",2029-10-01-00:00,3000-01-01-00:00,true,0,"Lagunas220",true,SEN,,5000,5000,0,0,0,0,0,0,0,0,0,0,0,0,0,0,0,0,other,false,energy_only,5000,10000,0,1,true,0.9,0.9,false,0,0.032876712,true,false,1970-01-01-00:00,true,689,0,1,0.02,10.335,25,0,220,None
"ESS_Kimal220_2h",2029-10-01-00:00,3000-01-01-00:00,true,0,"Kimal220",true,SEN,,5000,5000,0,0,0,0,0,0,0,0,0,0,0,0,0,0,0,0,other,false,energy_only,5000,10000,0,1,true,0.9,0.9,false,0,0.032876712,true,false,1970-01-01-00:00,true,689,0,1,0.02,10.335,25,0,220,None
"ESS_LosChangos220_2h",2029-10-01-00:00,3000-01-01-00:00,true,0,"LosChangos220",true,SEN,,5000,5000,0,0,0,0,0,0,0,0,0,0,0,0,0,0,0,0,other,false,energy_only,5000,10000,0,1,true,0.9,0.9,false,0,0.032876712,true,false,1970-01-01-00:00,true,689,0,1,0.02,10.335,25,0,220,None
"ESS_NuevaPozoAlmonte220_2h",2029-10-01-00:00,3000-01-01-00:00,true,0,"NuevaPozoAlmonte220",true,SEN,,5000,5000,0,0,0,0,0,0,0,0,0,0,0,0,0,0,0,0,other,false,energy_only,5000,10000,0,1,true,0.9,0.9,false,0,0.032876712,true,false,1970-01-01-00:00,true,689,0,1,0.02,10.335,25,0,220,None
"ESS_Parinacota220_2h",2029-10-01-00:00,3000-01-01-00:00,true,0,"Parinacota220",true,SEN,,5000,5000,0,0,0,0,0,0,0,0,0,0,0,0,0,0,0,0,other,false,energy_only,5000,10000,0,1,true,0.9,0.9,false,0,0.032876712,true,false,1970-01-01-00:00,true,689,0,1,0.02,10.335,25,0,220,None
"ESS_Quillota500_2h",2029-10-01-00:00,3000-01-01-00:00,true,0,"Quillota500",true,SEN,,2000,2000,0,0,0,0,0,0,0,0,0,0,0,0,0,0,0,0,other,false,energy_only,2000,4000,0,1,true,0.9,0.9,false,0,0.032876712,true,false,1970-01-01-00:00,true,689,0,1,0.02,10.335,25,0,500,None
"ESS_Candelaria500_2h",2029-10-01-00:00,3000-01-01-00:00,true,0,"Candelaria500",true,SEN,,2000,2000,0,0,0,0,0,0,0,0,0,0,0,0,0,0,0,0,other,false,energy_only,2000,4000,0,1,true,0.9,0.9,false,0,0.032876712,true,false,1970-01-01-00:00,true,689,0,1,0.02,10.335,25,0,500,None
"ESS_Rapel500_2h",2029-10-01-00:00,3000-01-01-00:00,true,0,"Rapel500",true,SEN,,2000,2000,0,0,0,0,0,0,0,0,0,0,0,0,0,0,0,0,other,false,energy_only,2000,4000,0,1,true,0.9,0.9,false,0,0.032876712,true,false,1970-01-01-00:00,true,689,0,1,0.02,10.335,25,0,500,None
"ESS_Concepcion500_2h",2029-10-01-00:00,3000-01-01-00:00,true,0,"Concepcion500",true,SEN,,2000,2000,0,0,0,0,0,0,0,0,0,0,0,0,0,0,0,0,other,false,energy_only,2000,4000,0,1,true,0.9,0.9,false,0,0.032876712,true,false,1970-01-01-00:00,true,689,0,1,0.02,10.335,25,0,500,None
"ESS_Mulchen500_2h",2029-10-01-00:00,3000-01-01-00:00,true,0,"Mulchen500",true,SEN,,2000,2000,0,0,0,0,0,0,0,0,0,0,0,0,0,0,0,0,other,false,energy_only,2000,4000,0,1,true,0.9,0.9,false,0,0.032876712,true,false,1970-01-01-00:00,true,689,0,1,0.02,10.335,25,0,500,None
"Bomb_Antofagasta_1",2030-01-01-00:00,3000-01-01-00:00,true,0,"Parinas500",false,SEN,,555.555556,556,0,0,0,0,0,0,0,0,0,0,0,0,0,0,0,0,other,false,energy_only,5004,10008,0,1,false,0.75,0.75,false,0,0.032876712,true,false,1970-01-01-00:00,true,2340.967585,0,1,0.02,8.424019098,30,0,500,None
"Bomb_Antofagasta_2",2030-01-01-00:00,3000-01-01-00:00,true,0,"Parinas500",false,SEN,,277.777778,278,0,0,0,0,0,0,0,0,0,0,0,0,0,0,0,0,other,false,energy_only,2502,5004,0,1,false,0.75,0.75,false,0,0.032876712,true,false,1970-01-01-00:00,true,2351.306742,0,1,0.02,8.424019098,30,0,500,None
"Bomb_Antofagasta_3",2030-01-01-00:00,3000-01-01-00:00,true,0,"Parinas500",false,SEN,,555.555556,556,0,0,0,0,0,0,0,0,0,0,0,0,0,0,0,0,other,false,energy_only,5004,10008,0,1,false,0.75,0.75,false,0,0.032876712,true,false,1970-01-01-00:00,true,1965.902502,0,1,0.02,8.424019098,30,0,500,None
"Bomb_Antofagasta_4",2030-01-01-00:00,3000-01-01-00:00,true,0,"LosChangos500",false,SEN,,277.777778,278,0,0,0,0,0,0,0,0,0,0,0,0,0,0,0,0,other,false,energy_only,2502,5004,0,1,false,0.75,0.75,false,0,0.032876712,true,false,1970-01-01-00:00,true,2336.52351,0,1,0.02,8.424019098,30,0,500,None
"Bomb_Antofagasta_5",2030-01-01-00:00,3000-01-01-00:00,true,0,"LosChangos500",false,SEN,,555.555556,556,0,0,0,0,0,0,0,0,0,0,0,0,0,0,0,0,other,false,energy_only,5004,10008,0,1,false,0.75,0.75,false,0,0.032876712,true,false,1970-01-01-00:00,true,2081.843724,0,1,0.02,8.424019098,30,0,500,None
"Bomb_Antofagasta_6",2030-01-01-00:00,3000-01-01-00:00,true,0,"LosChangos500",false,SEN,,333.333333,333,0,0,0,0,0,0,0,0,0,0,0,0,0,0,0,0,other,false,energy_only,2997,5994,0,1,false,0.75,0.75,false,0,0.032876712,true,false,1970-01-01-00:00,true,2250.675863,0,1,0.02,8.424019098,30,0,500,None
"Bomb_Antofagasta_7",2030-01-01-00:00,3000-01-01-00:00,true,0,"LosChangos500",false,SEN,,555.555556,556,0,0,0,0,0,0,0,0,0,0,0,0,0,0,0,0,other,false,energy_only,5004,10008,0,1,false,0.75,0.75,false,0,0.032876712,true,false,1970-01-01-00:00,true,1408.4824,0,1,0.02,8.424019098,30,0,500,None
"Bomb_Antofagasta_8",2030-01-01-00:00,3000-01-01-00:00,true,0,"Kimal500",false,SEN,,555.555556,556,0,0,0,0,0,0,0,0,0,0,0,0,0,0,0,0,other,false,energy_only,5004,10008,0,1,false,0.75,0.75,false,0,0.032876712,true,false,1970-01-01-00:00,true,2300.959671,0,1,0.02,8.424019098,30,0,500,None
"Bomb_Antofagasta_9",2030-01-01-00:00,3000-01-01-00:00,true,0,"Kimal500",false,SEN,,277.777778,278,0,0,0,0,0,0,0,0,0,0,0,0,0,0,0,0,other,false,energy_only,2502,5004,0,1,false,0.75,0.75,false,0,0.032876712,true,false,1970-01-01-00:00,true,2272.98606,0,1,0.02,8.424019098,30,0,500,None
"Bomb_Arica_10",2030-01-01-00:00,3000-01-01-00:00,true,0,"Parinacota220",false,SEN,,555.555556,556,0,0,0,0,0,0,0,0,0,0,0,0,0,0,0,0,other,false,energy_only,5004,10008,0,1,false,0.75,0.75,false,0,0.032876712,true,false,1970-01-01-00:00,true,2258.081078,0,1,0.02,8.424019098,30,0,220,None
"Bomb_Arica_11",2030-01-01-00:00,3000-01-01-00:00,true,0,"Parinacota220",false,SEN,,277.777778,278,0,0,0,0,0,0,0,0,0,0,0,0,0,0,0,0,other,false,energy_only,2502,5004,0,1,false,0.75,0.75,false,0,0.032876712,true,false,1970-01-01-00:00,true,2350.584226,0,1,0.02,8.424019098,30,0,220,None
"Bomb_Arica_12",2030-01-01-00:00,3000-01-01-00:00,true,0,"Parinacota220",false,SEN,,1944.444446,1944,0,0,0,0,0,0,0,0,0,0,0,0,0,0,0,0,other,false,energy_only,17496,34992,0,1,false,0.75,0.75,false,0,0.032876712,true,false,1970-01-01-00:00,true,2298.286534,0,1,0.02,8.424019098,30,0,220,None
"Bomb_Arica_13",2030-01-01-00:00,3000-01-01-00:00,true,0,"Parinacota220",false,SEN,,999.999999,1000,0,0,0,0,0,0,0,0,0,0,0,0,0,0,0,0,other,false,energy_only,9000,18000,0,1,false,0.75,0.75,false,0,0.032876712,true,false,1970-01-01-00:00,true,2360.603783,0,1,0.02,8.424019098,30,0,220,None
"Bomb_Arica_14",2030-01-01-00:00,3000-01-01-00:00,true,0,"Parinacota220",false,SEN,,3611.111114,3611,0,0,0,0,0,0,0,0,0,0,0,0,0,0,0,0,other,false,energy_only,32499,64998,0,1,false,0.75,0.75,false,0,0.032876712,true,false,1970-01-01-00:00,true,1941.429435,0,1,0.02,8.424019098,30,0,220,None
"Bomb_Arica_15",2030-01-01-00:00,3000-01-01-00:00,true,0,"Parinacota220",false,SEN,,555.555556,556,0,0,0,0,0,0,0,0,0,0,0,0,0,0,0,0,other,false,energy_only,5004,10008,0,1,false,0.75,0.75,false,0,0.032876712,true,false,1970-01-01-00:00,true,2164.135668,0,1,0.02,8.424019098,30,0,220,None
"Bomb_Arica_16",2030-01-01-00:00,3000-01-01-00:00,true,0,"Parinacota220",false,SEN,,2500.000002,2500,0,0,0,0,0,0,0,0,0,0,0,0,0,0,0,0,other,false,energy_only,22500,45000,0,1,false,0.75,0.75,false,0,0.032876712,true,false,1970-01-01-00:00,true,2045.265588,0,1,0.02,8.424019098,30,0,220,None
"Bomb_Arica_17",2030-01-01-00:00,3000-01-01-00:00,true,0,"Parinacota220",false,SEN,,1999.999998,2000,0,0,0,0,0,0,0,0,0,0,0,0,0,0,0,0,other,false,energy_only,18000,36000,0,1,false,0.75,0.75,false,0,0.032876712,true,false,1970-01-01-00:00,true,2202.754371,0,1,0.02,8.424019098,30,0,220,None
"Bomb_Arica_18",2030-01-01-00:00,3000-01-01-00:00,true,0,"Parinacota220",false,SEN,,3611.111114,3611,0,0,0,0,0,0,0,0,0,0,0,0,0,0,0,0,other,false,energy_only,32499,64998,0,1,false,0.75,0.75,false,0,0.032876712,true,false,1970-01-01-00:00,true,2350.941387,0,1,0.02,8.424019098,30,0,220,None
"Bomb_Atacama_19",2030-01-01-00:00,3000-01-01-00:00,true,0,"NuevaMaitencillo500",false,SEN,,277.777778,278,0,0,0,0,0,0,0,0,0,0,0,0,0,0,0,0,other,false,energy_only,2502,5004,0,1,false,0.75,0.75,false,0,0.032876712,true,false,1970-01-01-00:00,true,2288.939002,0,1,0.02,8.424019098,30,0,500,None
"Bomb_Atacama_20",2030-01-01-00:00,3000-01-01-00:00,true,0,"NuevaPandeAzucar500",false,SEN,,555.555556,556,0,0,0,0,0,0,0,0,0,0,0,0,0,0,0,0,other,false,energy_only,5004,10008,0,1,false,0.75,0.75,false,0,0.032876712,true,false,1970-01-01-00:00,true,2338.606167,0,1,0.02,8.424019098,30,0,500,None
"Bomb_Atacama_21",2030-01-01-00:00,3000-01-01-00:00,true,0,"Cumbre500",false,SEN,,1388.88889,1389,0,0,0,0,0,0,0,0,0,0,0,0,0,0,0,0,other,false,energy_only,12501,25002,0,1,false,0.75,0.75,false,0,0.032876712,true,false,1970-01-01-00:00,true,2045.708989,0,1,0.02,8.424019098,30,0,500,None
"Bomb_Atacama_22",2030-01-01-00:00,3000-01-01-00:00,true,0,"Cumbre500",false,SEN,,277.777778,278,0,0,0,0,0,0,0,0,0,0,0,0,0,0,0,0,other,false,energy_only,2502,5004,0,1,false,0.75,0.75,false,0,0.032876712,true,false,1970-01-01-00:00,true,1428.51533,0,1,0.02,8.424019098,30,0,500,None
"Bomb_Biobio_23",2030-01-01-00:00,3000-01-01-00:00,true,0,"Concepcion500",false,SEN,,277.777778,278,0,0,0,0,0,0,0,0,0,0,0,0,0,0,0,0,other,false,energy_only,2502,5004,0,1,false,0.75,0.75,false,0,0.032876712,true,false,1970-01-01-00:00,true,1794.440164,0,1,0.02,8.424019098,30,0,500,None
"Bomb_Coquimbo_24",2030-01-01-00:00,3000-01-01-00:00,true,0,"NuevaPandeAzucar500",false,SEN,,277.777778,278,0,0,0,0,0,0,0,0,0,0,0,0,0,0,0,0,other,false,energy_only,2502,5004,0,1,false,0.75,0.75,false,0,0.032876712,true,false,1970-01-01-00:00,true,2395.718084,0,1,0.02,8.424019098,30,0,500,None
"Bomb_Coquimbo_25",2030-01-01-00:00,3000-01-01-00:00,true,0,"NuevaPandeAzucar500",false,SEN,,277.777778,278,0,0,0,0,0,0,0,0,0,0,0,0,0,0,0,0,other,false,energy_only,2502,5004,0,1,false,0.75,0.75,false,0,0.032876712,true,false,1970-01-01-00:00,true,2006.644211,0,1,0.02,8.424019098,30,0,500,None
"Bomb_Coquimbo_26",2030-01-01-00:00,3000-01-01-00:00,true,0,"NuevaPandeAzucar500",false,SEN,,555.555556,556,0,0,0,0,0,0,0,0,0,0,0,0,0,0,0,0,other,false,energy_only,5004,10008,0,1,false,0.75,0.75,false,0,0.032876712,true,false,1970-01-01-00:00,true,1320.427478,0,1,0.02,8.424019098,30,0,500,None
"Bomb_Coquimbo_27",2030-01-01-00:00,3000-01-01-00:00,true,0,"NuevaPandeAzucar500",false,SEN,,277.777778,278,0,0,0,0,0,0,0,0,0,0,0,0,0,0,0,0,other,false,energy_only,2502,5004,0,1,false,0.75,0.75,false,0,0.032876712,true,false,1970-01-01-00:00,true,2291.210416,0,1,0.02,8.424019098,30,0,500,None
"Bomb_Coquimbo_28",2030-01-01-00:00,3000-01-01-00:00,true,0,"NuevaMaitencillo500",false,SEN,,277.777778,278,0,0,0,0,0,0,0,0,0,0,0,0,0,0,0,0,other,false,energy_only,2502,5004,0,1,false,0.75,0.75,false,0,0.032876712,true,false,1970-01-01-00:00,true,1821.404526,0,1,0.02,8.424019098,30,0,500,None
"Bomb_Los Lagos_29",2030-01-01-00:00,3000-01-01-00:00,true,0,"NuevaPuertoMontt500",false,SEN,,277.777778,278,0,0,0,0,0,0,0,0,0,0,0,0,0,0,0,0,other,false,energy_only,2502,5004,0,1,false,0.75,0.75,false,0,0.032876712,true,false,1970-01-01-00:00,true,2038.446723,0,1,0.02,8.424019098,30,0,500,None
"Bomb_Los Lagos_30",2030-01-01-00:00,3000-01-01-00:00,true,0,"NuevaPuertoMontt500",false,SEN,,1111.111112,1111,0,0,0,0,0,0,0,0,0,0,0,0,0,0,0,0,other,false,energy_only,9999,19998,0,1,false,0.75,0.75,false,0,0.032876712,true,false,1970-01-01-00:00,true,1380.032215,0,1,0.02,8.424019098,30,0,500,None
"Bomb_Los Lagos_31",2030-01-01-00:00,3000-01-01-00:00,true,0,"NuevaPuertoMontt500",false,SEN,,1944.444446,1944,0,0,0,0,0,0,0,0,0,0,0,0,0,0,0,0,other,false,energy_only,17496,34992,0,1,false,0.75,0.75,false,0,0.032876712,true,false,1970-01-01-00:00,true,2221.757675,0,1,0.02,8.424019098,30,0,500,None
"Bomb_Maule_32",2030-01-01-00:00,3000-01-01-00:00,true,0,"Ancoa500",false,SEN,,277.777778,278,0,0,0,0,0,0,0,0,0,0,0,0,0,0,0,0,other,false,energy_only,2502,5004,0,1,false,0.75,0.75,false,0,0.032876712,true,false,1970-01-01-00:00,true,1655.382677,0,1,0.02,8.424019098,30,0,500,None
"Bomb_Tarapaca_33",2030-01-01-00:00,3000-01-01-00:00,true,0,"Lagunas220",false,SEN,,833.333334,833,0,0,0,0,0,0,0,0,0,0,0,0,0,0,0,0,other,false,energy_only,7497,14994,0,1,false,0.75,0.75,false,0,0.032876712,true,false,1970-01-01-00:00,true,2268.672432,0,1,0.02,8.424019098,30,0,220,None
"Bomb_Tarapaca_34",2030-01-01-00:00,3000-01-01-00:00,true,0,"Lagunas220",false,SEN,,333.333333,333,0,0,0,0,0,0,0,0,0,0,0,0,0,0,0,0,other,false,energy_only,2997,5994,0,1,false,0.75,0.75,false,0,0.032876712,true,false,1970-01-01-00:00,true,1522.885712,0,1,0.02,8.424019098,30,0,220,None
"Bomb_Tarapaca_35",2030-01-01-00:00,3000-01-01-00:00,true,0,"Lagunas220",false,SEN,,1388.88889,1389,0,0,0,0,0,0,0,0,0,0,0,0,0,0,0,0,other,false,energy_only,12501,25002,0,1,false,0.75,0.75,false,0,0.032876712,true,false,1970-01-01-00:00,true,1758.800337,0,1,0.02,8.424019098,30,0,220,None
"Bomb_Tarapaca_36",2030-01-01-00:00,3000-01-01-00:00,true,0,"Lagunas220",false,SEN,,555.555556,556,0,0,0,0,0,0,0,0,0,0,0,0,0,0,0,0,other,false,energy_only,5004,10008,0,1,false,0.75,0.75,false,0,0.032876712,true,false,1970-01-01-00:00,true,1983.432137,0,1,0.02,8.424019098,30,0,220,None
"Bomb_Tarapaca_37",2030-01-01-00:00,3000-01-01-00:00,true,0,"Lagunas220",false,SEN,,555.555556,556,0,0,0,0,0,0,0,0,0,0,0,0,0,0,0,0,other,false,energy_only,5004,10008,0,1,false,0.75,0.75,false,0,0.032876712,true,false,1970-01-01-00:00,true,1382.848478,0,1,0.02,8.424019098,30,0,220,None
"Bomb_Tarapaca_38",2030-01-01-00:00,3000-01-01-00:00,true,0,"Lagunas220",false,SEN,,277.777778,278,0,0,0,0,0,0,0,0,0,0,0,0,0,0,0,0,other,false,energy_only,2502,5004,0,1,false,0.75,0.75,false,0,0.032876712,true,false,1970-01-01-00:00,true,2213.012326,0,1,0.02,8.424019098,30,0,220,None
"Bomb_Tarapaca_39",2030-01-01-00:00,3000-01-01-00:00,true,0,"Lagunas220",false,SEN,,666.666666,667,0,0,0,0,0,0,0,0,0,0,0,0,0,0,0,0,other,false,energy_only,6003,12006,0,1,false,0.75,0.75,false,0,0.032876712,true,false,1970-01-01-00:00,true,1758.466026,0,1,0.02,8.424019098,30,0,220,None
"Bomb_Tarapaca_40",2030-01-01-00:00,3000-01-01-00:00,true,0,"Lagunas220",false,SEN,,3333.333336,3333,0,0,0,0,0,0,0,0,0,0,0,0,0,0,0,0,other,false,energy_only,29997,59994,0,1,false,0.75,0.75,false,0,0.032876712,true,false,1970-01-01-00:00,true,1977.687269,0,1,0.02,8.424019098,30,0,220,None
"Bomb_Tarapaca_41",2030-01-01-00:00,3000-01-01-00:00,true,0,"Parinacota220",false,SEN,,833.333334,833,0,0,0,0,0,0,0,0,0,0,0,0,0,0,0,0,other,false,energy_only,7497,14994,0,1,false,0.75,0.75,false,0,0.032876712,true,false,1970-01-01-00:00,true,1997.912192,0,1,0.02,8.424019098,30,0,220,None
"Bomb_Tarapaca_42",2030-01-01-00:00,3000-01-01-00:00,true,0,"NuevaPozoAlmonte220",false,SEN,,1111.111112,1111,0,0,0,0,0,0,0,0,0,0,0,0,0,0,0,0,other,false,energy_only,9999,19998,0,1,false,0.75,0.75,false,0,0.032876712,true,false,1970-01-01-00:00,true,1351.011967,0,1,0.02,8.424019098,30,0,220,None
"Bomb_Tarapaca_43",2030-01-01-00:00,3000-01-01-00:00,true,0,"NuevaPozoAlmonte220",false,SEN,,833.333334,833,0,0,0,0,0,0,0,0,0,0,0,0,0,0,0,0,other,false,energy_only,7497,14994,0,1,false,0.75,0.75,false,0,0.032876712,true,false,1970-01-01-00:00,true,2293.831618,0,1,0.02,8.424019098,30,0,220,None
"Bomb_Tarapaca_44",2030-01-01-00:00,3000-01-01-00:00,true,0,"NuevaPozoAlmonte220",false,SEN,,999.999999,1000,0,0,0,0,0,0,0,0,0,0,0,0,0,0,0,0,other,false,energy_only,9000,18000,0,1,false,0.75,0.75,false,0,0.032876712,true,false,1970-01-01-00:00,true,2050.108968,0,1,0.02,8.424019098,30,0,220,None
"Bomb_Tarapaca_45",2030-01-01-00:00,3000-01-01-00:00,true,0,"NuevaPozoAlmonte220",false,SEN,,2222.222224,2222,0,0,0,0,0,0,0,0,0,0,0,0,0,0,0,0,other,false,energy_only,19998,39996,0,1,false,0.75,0.75,false,0,0.032876712,true,false,1970-01-01-00:00,true,2406.949964,0,1,0.02,8.424019098,30,0,220,None
"Bomb_Valparaiso_46",2030-01-01-00:00,3000-01-01-00:00,true,0,"Quillota500",false,SEN,,277.777778,278,0,0,0,0,0,0,0,0,0,0,0,0,0,0,0,0,other,false,energy_only,2502,5004,0,1,false,0.75,0.75,false,0,0.032876712,true,false,1970-01-01-00:00,true,2258.873067,0,1,0.02,8.424019098,30,0,500,None
"CAES_NuevaCharrua500_4h",2028-01-01-00:00,3000-01-01-00:00,false,0,"NuevaCharrua500",false,SEN,,2000,2000,0,0,0,0,0,0,0,0,0,0,0,0,0,0,3,0.01,other,false,energy_only,4000,8000,0,1,true,0.77,0.77,false,0,0.032876712,true,false,1970-01-01-00:00,true,2000,0,0,0.02,12.5,50,0,500,None
"CAES_Cumbre500_4h",2028-01-01-00:00,3000-01-01-00:00,false,0,"Cumbre500",false,SEN,,2000,2000,0,0,0,0,0,0,0,0,0,0,0,0,0,0,3,0.01,other,false,energy_only,4000,8000,0,1,true,0.77,0.77,false,0,0.032876712,true,false,1970-01-01-00:00,true,2000,0,0,0.02,12.5,50,0,500,None
"CAES_Pichirropulli500_4h",2028-01-01-00:00,3000-01-01-00:00,false,0,"Pichirropulli500",false,SEN,,2000,2000,0,0,0,0,0,0,0,0,0,0,0,0,0,0,3,0.01,other,false,energy_only,4000,8000,0,1,true,0.77,0.77,false,0,0.032876712,true,false,1970-01-01-00:00,true,2000,0,0,0.02,12.5,50,0,500,None
"CAES_Polpaico500_4h",2028-01-01-00:00,3000-01-01-00:00,false,0,"Polpaico500",false,SEN,,2000,2000,0,0,0,0,0,0,0,0,0,0,0,0,0,0,3,0.01,other,false,energy_only,4000,8000,0,1,true,0.77,0.77,false,0,0.032876712,true,false,1970-01-01-00:00,true,2000,0,0,0.02,12.5,50,0,500,None
"CAES_NuevaAncud500_4h",2028-01-01-00:00,3000-01-01-00:00,false,0,"NuevaAncud500",false,SEN,,2000,2000,0,0,0,0,0,0,0,0,0,0,0,0,0,0,3,0.01,other,false,energy_only,4000,8000,0,1,true,0.77,0.77,false,0,0.032876712,true,false,1970-01-01-00:00,true,2000,0,0,0.02,12.5,50,0,500,None
"CAES_AltoJahuel500_4h",2028-01-01-00:00,3000-01-01-00:00,false,0,"AltoJahuel500",false,SEN,,2000,2000,0,0,0,0,0,0,0,0,0,0,0,0,0,0,3,0.01,other,false,energy_only,4000,8000,0,1,true,0.77,0.77,false,0,0.032876712,true,false,1970-01-01-00:00,true,2000,0,0,0.02,12.5,50,0,500,None
"CAES_NuevaCardones500_4h",2028-01-01-00:00,3000-01-01-00:00,false,0,"NuevaCardones500",false,SEN,,2000,2000,0,0,0,0,0,0,0,0,0,0,0,0,0,0,3,0.01,other,false,energy_only,4000,8000,0,1,true,0.77,0.77,false,0,0.032876712,true,false,1970-01-01-00:00,true,2000,0,0,0.02,12.5,50,0,500,None
"CAES_Ancoa500_4h",2028-01-01-00:00,3000-01-01-00:00,false,0,"Ancoa500",false,SEN,,2000,2000,0,0,0,0,0,0,0,0,0,0,0,0,0,0,3,0.01,other,false,energy_only,4000,8000,0,1,true,0.77,0.77,false,0,0.032876712,true,false,1970-01-01-00:00,true,2000,0,0,0.02,12.5,50,0,500,None
"CAES_RioMalleco500_4h",2028-01-01-00:00,3000-01-01-00:00,false,0,"RioMalleco500",false,SEN,,2000,2000,0,0,0,0,0,0,0,0,0,0,0,0,0,0,3,0.01,other,false,energy_only,4000,8000,0,1,true,0.77,0.77,false,0,0.032876712,true,false,1970-01-01-00:00,true,2000,0,0,0.02,12.5,50,0,500,None
"CAES_NuevaPandeAzucar500_4h",2028-01-01-00:00,3000-01-01-00:00,false,0,"NuevaPandeAzucar500",false,SEN,,2000,2000,0,0,0,0,0,0,0,0,0,0,0,0,0,0,3,0.01,other,false,energy_only,4000,8000,0,1,true,0.77,0.77,false,0,0.032876712,true,false,1970-01-01-00:00,true,2000,0,0,0.02,12.5,50,0,500,None
"CAES_NuevaMaitencillo500_4h",2028-01-01-00:00,3000-01-01-00:00,false,0,"NuevaMaitencillo500",false,SEN,,2000,2000,0,0,0,0,0,0,0,0,0,0,0,0,0,0,3,0.01,other,false,energy_only,4000,8000,0,1,true,0.77,0.77,false,0,0.032876712,true,false,1970-01-01-00:00,true,2000,0,0,0.02,12.5,50,0,500,None
"CAES_NuevaPuertoMontt500_4h",2028-01-01-00:00,3000-01-01-00:00,false,0,"NuevaPuertoMontt500",false,SEN,,2000,2000,0,0,0,0,0,0,0,0,0,0,0,0,0,0,3,0.01,other,false,energy_only,4000,8000,0,1,true,0.77,0.77,false,0,0.032876712,true,false,1970-01-01-00:00,true,2000,0,0,0.02,12.5,50,0,500,None
"CAES_Parinas500_4h",2028-01-01-00:00,3000-01-01-00:00,false,0,"Parinas500",false,SEN,,2000,2000,0,0,0,0,0,0,0,0,0,0,0,0,0,0,3,0.01,other,false,energy_only,4000,8000,0,1,true,0.77,0.77,false,0,0.032876712,true,false,1970-01-01-00:00,true,2000,0,0,0.02,12.5,50,0,500,None
"CAES_NuevaZaldivar220_4h",2028-01-01-00:00,3000-01-01-00:00,false,0,"NuevaZaldivar220",false,SEN,,2000,2000,0,0,0,0,0,0,0,0,0,0,0,0,0,0,3,0.01,other,false,energy_only,4000,8000,0,1,true,0.77,0.77,false,0,0.032876712,true,false,1970-01-01-00:00,true,2000,0,0,0.02,12.5,50,0,220,None
"CAES_Kimal500_4h",2028-01-01-00:00,3000-01-01-00:00,false,0,"Kimal500",false,SEN,,2000,2000,0,0,0,0,0,0,0,0,0,0,0,0,0,0,3,0.01,other,false,energy_only,4000,8000,0,1,true,0.77,0.77,false,0,0.032876712,true,false,1970-01-01-00:00,true,2000,0,0,0.02,12.5,50,0,500,None
"CAES_LosChangos500_4h",2028-01-01-00:00,3000-01-01-00:00,false,0,"LosChangos500",false,SEN,,2000,2000,0,0,0,0,0,0,0,0,0,0,0,0,0,0,3,0.01,other,false,energy_only,4000,8000,0,1,true,0.77,0.77,false,0,0.032876712,true,false,1970-01-01-00:00,true,2000,0,0,0.02,12.5,50,0,500,None
"CAES_Lagunas220_4h",2028-01-01-00:00,3000-01-01-00:00,false,0,"Lagunas220",false,SEN,,2000,2000,0,0,0,0,0,0,0,0,0,0,0,0,0,0,3,0.01,other,false,energy_only,4000,8000,0,1,true,0.77,0.77,false,0,0.032876712,true,false,1970-01-01-00:00,true,2000,0,0,0.02,12.5,50,0,220,None
"CAES_Kimal220_4h",2028-01-01-00:00,3000-01-01-00:00,false,0,"Kimal220",false,SEN,,2000,2000,0,0,0,0,0,0,0,0,0,0,0,0,0,0,3,0.01,other,false,energy_only,4000,8000,0,1,true,0.77,0.77,false,0,0.032876712,true,false,1970-01-01-00:00,true,2000,0,0,0.02,12.5,50,0,220,None
"CAES_LosChangos220_4h",2028-01-01-00:00,3000-01-01-00:00,false,0,"LosChangos220",false,SEN,,2000,2000,0,0,0,0,0,0,0,0,0,0,0,0,0,0,3,0.01,other,false,energy_only,4000,8000,0,1,true,0.77,0.77,false,0,0.032876712,true,false,1970-01-01-00:00,true,2000,0,0,0.02,12.5,50,0,220,None
"CAES_NuevaPozoAlmonte220_4h",2028-01-01-00:00,3000-01-01-00:00,false,0,"NuevaPozoAlmonte220",false,SEN,,2000,2000,0,0,0,0,0,0,0,0,0,0,0,0,0,0,3,0.01,other,false,energy_only,4000,8000,0,1,true,0.77,0.77,false,0,0.032876712,true,false,1970-01-01-00:00,true,2000,0,0,0.02,12.5,50,0,220,None
"CAES_Parinacota220_4h",2028-01-01-00:00,3000-01-01-00:00,false,0,"Parinacota220",false,SEN,,2000,2000,0,0,0,0,0,0,0,0,0,0,0,0,0,0,3,0.01,other,false,energy_only,4000,8000,0,1,true,0.77,0.77,false,0,0.032876712,true,false,1970-01-01-00:00,true,2000,0,0,0.02,12.5,50,0,220,None
"CAES_Quillota500_4h",2028-01-01-00:00,3000-01-01-00:00,false,0,"Quillota500",false,SEN,,2000,2000,0,0,0,0,0,0,0,0,0,0,0,0,0,0,3,0.01,other,false,energy_only,4000,8000,0,1,true,0.77,0.77,false,0,0.032876712,true,false,1970-01-01-00:00,true,2000,0,0,0.02,12.5,50,0,500,None
"CAES_Candelaria500_4h",2028-01-01-00:00,3000-01-01-00:00,false,0,"Candelaria500",false,SEN,,2000,2000,0,0,0,0,0,0,0,0,0,0,0,0,0,0,3,0.01,other,false,energy_only,4000,8000,0,1,true,0.77,0.77,false,0,0.032876712,true,false,1970-01-01-00:00,true,2000,0,0,0.02,12.5,50,0,500,None
"CAES_Rapel500_4h",2028-01-01-00:00,3000-01-01-00:00,false,0,"Rapel500",false,SEN,,2000,2000,0,0,0,0,0,0,0,0,0,0,0,0,0,0,3,0.01,other,false,energy_only,4000,8000,0,1,true,0.77,0.77,false,0,0.032876712,true,false,1970-01-01-00:00,true,2000,0,0,0.02,12.5,50,0,500,None
"CAES_Concepcion500_4h",2028-01-01-00:00,3000-01-01-00:00,false,0,"Concepcion500",false,SEN,,2000,2000,0,0,0,0,0,0,0,0,0,0,0,0,0,0,3,0.01,other,false,energy_only,4000,8000,0,1,true,0.77,0.77,false,0,0.032876712,true,false,1970-01-01-00:00,true,2000,0,0,0.02,12.5,50,0,500,None
"CAES_Mulchen500_4h",2028-01-01-00:00,3000-01-01-00:00,false,0,"Mulchen500",false,SEN,,2000,2000,0,0,0,0,0,0,0,0,0,0,0,0,0,0,3,0.01,other,false,energy_only,4000,8000,0,1,true,0.77,0.77,false,0,0.032876712,true,false,1970-01-01-00:00,true,2000,0,0,0.02,12.5,50,0,500,None
"Carnot_IEM_4h",2027-01-01-00:00,3000-01-01-00:00,false,0,"LosChangos500",false,SEN,,389.47,389.47,0,0,4327.444444,4327.444444,458.1999999,458.1999999,0,0,0,0,0,0,0,0,0,0,other,false,energy_only,778.94,1557.88,0,1,true,0.6,0.6,false,0,0.032876712,true,false,1970-01-01-00:00,true,796,0,1,0.02,8.424019098,25,2192.7161,500,None
"Carnot_CTANDINA_CTA_4h",2027-01-01-00:00,3000-01-01-00:00,false,0,"Kimal500",false,SEN,,177,177,0,0,1966.666667,1966.666667,208.2352941,208.2352941,0,0,0,0,0,0,0,0,0,0,other,false,energy_only,354,708,0,1,true,0.6,0.6,false,0,0.032876712,true,false,1970-01-01-00:00,true,796,0,1,0.02,8.424019098,25,996.5100002,500,None
"Carnot_CTHORNITOS_CTH_4h",2027-01-01-00:00,3000-01-01-00:00,false,0,"Kimal500",false,SEN,,117.54,117.54,0,0,1306,1306,138.2823529,138.2823529,0,0,0,0,0,0,0,0,0,0,other,false,energy_only,235.08,470.16,0,1,true,0.6,0.6,false,0,0.032876712,true,false,1970-01-01-00:00,true,796,0,1,0.02,8.424019098,25,661.7502001,500,None
"Carnot_CTANGAMOS1_ANG1_4h",2030-01-01-00:00,3000-01-01-00:00,false,0,"Kimal500",false,SEN,,276.9,276.9,0,0,3076.666666,3076.666666,325.7647058,325.7647058,0,0,0,0,0,0,0,0,0,0,other,false,energy_only,553.8,1107.6,0,1,true,0.6,0.6,false,0,0.032876712,true,false,1970-01-01-00:00,true,796,0,1,0.02,8.424019098,25,1558.947,500,None
"Carnot_CTANGAMOS2_ANG2_4h",2030-01-01-00:00,3000-01-01-00:00,false,0,"Kimal500",false,SEN,,281.3,281.3,0,0,3125.555555,3125.555555,330.9411764,330.9411764,0,0,0,0,0,0,0,0,0,0,other,false,energy_only,562.6,1125.2,0,1,true,0.6,0.6,false,0,0.032876712,true,false,1970-01-01-00:00,true,796,0,1,0.02,8.424019098,25,1583.719,500,None
"Carnot_IEM_12h",2027-01-01-00:00,3000-01-01-00:00,false,0,"LosChangos500",false,SEN,,389.47,389.47,0,0,4327.444444,4327.444444,458.1999999,458.1999999,0,0,0,0,0,0,0,0,0,0,other,false,energy_only,2336.82,4673.64,0,1,true,0.6,0.6,false,0,0.032876712,true,false,1970-01-01-00:00,true,1433,0,1,0.02,8.424019098,25,2192.7161,500,None
"Carnot_CTANDINA_CTA_12h",2027-01-01-00:00,3000-01-01-00:00,false,0,"Kimal500",false,SEN,,177,177,0,0,1966.666667,1966.666667,208.2352941,208.2352941,0,0,0,0,0,0,0,0,0,0,other,false,energy_only,1062,2124,0,1,true,0.6,0.6,false,0,0.032876712,true,false,1970-01-01-00:00,true,1433,0,1,0.02,8.424019098,25,996.5100002,500,None
"Carnot_CTHORNITOS_CTH_12h",2027-01-01-00:00,3000-01-01-00:00,false,0,"Kimal500",false,SEN,,117.54,117.54,0,0,1306,1306,138.2823529,138.2823529,0,0,0,0,0,0,0,0,0,0,other,false,energy_only,705.24,1410.48,0,1,true,0.6,0.6,false,0,0.032876712,true,false,1970-01-01-00:00,true,1433,0,1,0.02,8.424019098,25,661.7502001,500,None
"Carnot_CTANGAMOS1_ANG1_12h",2030-01-01-00:00,3000-01-01-00:00,false,0,"Kimal500",false,SEN,,276.9,276.9,0,0,3076.666666,3076.666666,325.7647058,325.7647058,0,0,0,0,0,0,0,0,0,0,other,false,energy_only,1661.4,3322.8,0,1,true,0.6,0.6,false,0,0.032876712,true,false,1970-01-01-00:00,true,1433,0,1,0.02,8.424019098,25,1558.947,500,None
"Carnot_CTANGAMOS2_ANG2_12h",2030-01-01-00:00,3000-01-01-00:00,false,0,"Kimal500",false,SEN,,281.3,281.3,0,0,3125.555555,3125.555555,330.9411764,330.9411764,0,0,0,0,0,0,0,0,0,0,other,false,energy_only,1687.8,3375.6,0,1,true,0.6,0.6,false,0,0.032876712,true,false,1970-01-01-00:00,true,1433,0,1,0.02,8.424019098,25,1583.719,500,None
