name,start_time,end_time,report,coordinates,connected,busbar,control_areas,zone,pmax,pmin,rpmax_up,rpmax_down,rsmax_up,rsmax_down,rtmax_up,rtmax_down,pcost_rp_up,pcost_rs_up,pcost_rt_up,pcost_rp_down,pcost_rs_down,pcost_rt_down,vomc_avg,auxserv,flex,is_ncre,forced_commit,unavailability,candidate,gen_recourse,gen_recourse_start_time,dimensioned,gen_inv_cost,initial_investment,recog_pot,forced_outage_rate,fom_cost,lifetime,inertia,voltage,owner
"ALENA_EO",2018-01-01-00:00,2060-01-01-00:00,true,0,true,"Concepcion500",SEN,"Profile_Alena",84,0,0,0,0,0,0,0,0,0,0,0,0,0,0,0.010529196,renewable,true,0,0,false,false,1970-01-01-00:00,false,0,0,1,0.005062647,0,50,0,500,None
"AURORA_EO",2018-01-01-00:00,2060-01-01-00:00,true,0,true,"NuevaPuertoMontt500",SEN,"Profile_Aurora",126,0,0,0,0,0,0,0,0,0,0,0,0,0,0,0.010529196,renewable,true,0,0,false,false,1970-01-01-00:00,false,0,0,1,0.005062647,0,50,0,500,None
"CABO_LEONES_I_EO",2018-01-01-00:00,2060-01-01-00:00,true,0,true,"NuevaMaitencillo500",SEN,"Profile_Cabo_Leones_I",116,0,0,0,0,0,0,0,0,0,0,0,0,0,0,0.00099,renewable,true,0,0,false,false,1970-01-01-00:00,false,0,0,1,0.005062647,0,50,0,500,None
"CABO_LEONES_II_FASE_I_EO",2018-01-01-00:00,2060-01-01-00:00,true,0,true,"NuevaMaitencillo500",SEN,"Profile_Cabo_Leones_I",34,0,0,0,0,0,0,0,0,0,0,0,0,0,0,0.00099,renewable,true,0,0,false,false,1970-01-01-00:00,false,0,0,1,0.005062647,0,50,0,500,None
"CAMAN_ETAPA_I_EO",2023-02-01-00:00,2060-01-01-00:00,true,0,true,"Pichirropulli500",SEN,"Profile_Caman",146,0,0,0,0,0,0,0,0,0,0,0,0,0,0,0.010529196,renewable,true,0,0,false,false,1970-01-01-00:00,false,0,0,1,0.005062647,0,50,0,500,None
"EL_ARREBOL_EO",2018-01-01-00:00,2060-01-01-00:00,true,0,true,"Concepcion500",SEN,"Profile_ElArrebol",9,0,0,0,0,0,0,0,0,0,0,0,0,0,0,0.010529196,renewable,true,0,0,false,false,1970-01-01-00:00,false,0,0,1,0.005062647,0,50,0,500,None
"EL_MAITEN_EO",2018-01-01-00:00,2060-01-01-00:00,true,0,true,"Concepcion500",SEN,"Profile_EolicaCuel",9,0,0,0,0,0,0,0,0,0,0,0,0,0,0,0.0153,renewable,true,0,0,false,false,1970-01-01-00:00,false,0,0,1,0.002871961,0,50,0,500,None
"EL_NOGAL_EO",2018-01-01-00:00,2060-01-01-00:00,true,0,true,"Concepcion500",SEN,"Profile_ElNogal_Eol",9,0,0,0,0,0,0,0,0,0,0,0,0,0,0,0.010529196,renewable,true,0,0,false,false,1970-01-01-00:00,false,0,0,1,0.005062647,0,50,0,500,None
"CANELA_EO",2018-01-01-00:00,2060-01-01-00:00,true,0,true,"NuevaPandeAzucar500",SEN,"Profile_Canela",18,0,0,0,0,0,0,0,0,0,0,0,0,0,0,0.01,renewable,true,0,0,false,false,1970-01-01-00:00,false,0,0,1,0.00894306,0,50,0,500,None
"CANELA_2_EO",2018-01-01-00:00,2060-01-01-00:00,true,0,true,"NuevaPandeAzucar500",SEN,"Profile_CanelaII",59,0,0,0,0,0,0,0,0,0,0,0,0,0,0,0.01,renewable,true,0,0,false,false,1970-01-01-00:00,false,0,0,1,0.003934995,0,50,0,500,None
"EL_ARRAYAN_EO",2018-01-01-00:00,2060-01-01-00:00,true,0,true,"NuevaPandeAzucar500",SEN,"Profile_Canela",115,0,0,0,0,0,0,0,0,0,0,0,0,0,0,0.01,renewable,true,0,0,false,false,1970-01-01-00:00,false,0,0,1,0.00894306,0,50,0,500,None
"LA_ESPERANZA_EO",2018-01-01-00:00,2060-01-01-00:00,true,0,true,"Concepcion500",SEN,"Profile_EolicaCuel",11,0,0,0,0,0,0,0,0,0,0,0,0,0,0,0.0153,renewable,true,0,0,false,false,1970-01-01-00:00,false,0,0,1,0.002871961,0,50,0,500,None
"LAS_PENAS_EO",2018-01-01-00:00,2060-01-01-00:00,true,0,true,"Concepcion500",SEN,"Profile_EolicaCuel",8,0,0,0,0,0,0,0,0,0,0,0,0,0,0,0.0153,renewable,true,0,0,false,false,1970-01-01-00:00,false,0,0,1,0.002871961,0,50,0,500,None
"LEBU_EO",2018-01-01-00:00,2060-01-01-00:00,true,0,true,"Concepcion500",SEN,"Profile_EolicaCuel",10,0,0,0,0,0,0,0,0,0,0,0,0,0,0,0.0153,renewable,true,0,0,false,false,1970-01-01-00:00,false,0,0,1,0.002871961,0,50,0,500,None
"LEBU_III_EO",2018-01-01-00:00,2060-01-01-00:00,true,0,true,"Concepcion500",SEN,"Profile_ElArrebol",5,0,0,0,0,0,0,0,0,0,0,0,0,0,0,0.010529196,renewable,true,0,0,false,false,1970-01-01-00:00,false,0,0,1,0.005062647,0,50,0,500,None
"PUNTA_COLORADA_EO",2018-01-01-00:00,2060-01-01-00:00,true,0,true,"NuevaPandeAzucar500",SEN,"Profile_EolicaPuntaColorada",20,0,0,0,0,0,0,0,0,0,0,0,0,0,0,0.0001,renewable,true,0,0,false,false,1970-01-01-00:00,false,0,0,1,0.036759811,0,50,0,500,None
"TOTORAL_EO",2018-01-01-00:00,2060-01-01-00:00,true,0,true,"NuevaPandeAzucar500",SEN,"Profile_EolicaTotoral",46,0,0,0,0,0,0,0,0,0,0,0,0,0,0,0.01,renewable,true,0,0,false,false,1970-01-01-00:00,false,0,0,1,0.000340875,0,50,0,500,None
"HUAJACHE_EO",2018-01-01-00:00,2060-01-01-00:00,true,0,true,"Concepcion500",SEN,"Profile_Huajache",6,0,0,0,0,0,0,0,0,0,0,0,0,0,0,0.010529196,renewable,true,0,0,false,false,1970-01-01-00:00,false,0,0,1,0.001997991,0,50,0,500,None
"LA_FLOR_EO",2018-01-01-00:00,2060-01-01-00:00,true,0,true,"Concepcion500",SEN,"Profile_LaFlor",32,0,0,0,0,0,0,0,0,0,0,0,0,0,0,0.010529196,renewable,true,0,0,false,false,1970-01-01-00:00,false,0,0,1,0.005062647,0,50,0,500,None
"LOS_BUENOS_AIRES_EO",2018-01-01-00:00,2060-01-01-00:00,true,0,true,"Concepcion500",SEN,"Profile_EolicaLosBuenosAires",24,0,0,0,0,0,0,0,0,0,0,0,0,0,0,0.00625,renewable,true,0,0,false,false,1970-01-01-00:00,false,0,0,1,0.003433159,0,50,0,500,None
"LOS_CURUROS_EO",2018-01-01-00:00,2060-01-01-00:00,true,0,true,"NuevaPandeAzucar500",SEN,"Profile_EolicaLosCururos",110,0,0,0,0,0,0,0,0,0,0,0,0,0,0,0.0001,renewable,true,0,0,false,false,1970-01-01-00:00,false,0,0,1,0.001523125,0,50,0,500,None
"MONTE_REDONDO_EO",2018-01-01-00:00,2060-01-01-00:00,true,0,true,"NuevaPandeAzucar500",SEN,"Profile_MonteRedondo",48,0,0,0,0,0,0,0,0,0,0,0,0,0,0,0.01,renewable,true,0,0,false,false,1970-01-01-00:00,false,0,0,1,0.000983641,0,50,0,500,None
"NEGRETE_CUEL_EO",2018-01-01-00:00,2060-01-01-00:00,true,0,true,"Concepcion500",SEN,"Profile_EolicaCuel",33,0,0,0,0,0,0,0,0,0,0,0,0,0,0,0.0153,renewable,true,0,0,false,false,1970-01-01-00:00,false,0,0,1,0.002871961,0,50,0,500,None
"CABO_LEONES_III_FASE_I_EO",2018-01-01-00:00,2060-01-01-00:00,true,0,true,"NuevaMaitencillo500",SEN,"Profile_Cabo_Leones_I",78,0,0,0,0,0,0,0,0,0,0,0,0,0,0,0.00099,renewable,true,0,0,false,false,1970-01-01-00:00,false,0,0,1,0.005062647,0,50,0,500,None
"LOMAS_DE_DUQUECO_EO",2018-01-01-00:00,2060-01-01-00:00,true,0,true,"Concepcion500",SEN,"Profile_EolicaCuel",57,0,0,0,0,0,0,0,0,0,0,0,0,0,0,0.0153,renewable,true,0,0,false,false,1970-01-01-00:00,false,0,0,1,0.002871961,0,50,0,500,None
"MALLECO_FASE_I_EO",2018-01-01-00:00,2060-01-01-00:00,true,0,true,"Mulchen500",SEN,"Profile_PEol_Malleco",135,0,0,0,0,0,0,0,0,0,0,0,0,0,0,0.010529196,renewable,true,0,0,false,false,1970-01-01-00:00,false,0,0,1,0.005062647,0,50,0,500,None
"MALLECO_FASE_II_EO",2018-01-01-00:00,2060-01-01-00:00,true,0,true,"Mulchen500",SEN,"Profile_PEol_Malleco",138,0,0,0,0,0,0,0,0,0,0,0,0,0,0,0.010529196,renewable,true,0,0,false,false,1970-01-01-00:00,false,0,0,1,0.005062647,0,50,0,500,None
"NEGRETE_ETAPA_I_EO",2018-01-01-00:00,2060-01-01-00:00,true,0,true,"Concepcion500",SEN,"Profile_EolicaCuel",36,0,0,0,0,0,0,0,0,0,0,0,0,0,0,0.0153,renewable,true,0,0,false,false,1970-01-01-00:00,false,0,0,1,0.002871961,0,50,0,500,None
"PUNTA_DE_TALCA_EO",2024-03-01-00:00,2060-01-01-00:00,true,0,true,"NuevaPandeAzucar500",SEN,"Profile_EolicaTalinayOriente",80,0,0,0,0,0,0,0,0,0,0,0,0,0,0,0.0001,renewable,true,0,0,false,false,1970-01-01-00:00,false,0,0,1,0.001122527,0,50,0,500,None
"LA_ESTRELLA_EO",2018-01-01-00:00,2060-01-01-00:00,true,0,true,"Polpaico500",SEN,"Profile_LaEstrella",50,0,0,0,0,0,0,0,0,0,0,0,0,0,0,0.010529196,renewable,true,0,0,false,false,1970-01-01-00:00,false,0,0,1,0.005062647,0,50,0,500,None
"PUELCHE_SUR_EO",2018-01-01-00:00,2060-01-01-00:00,true,0,true,"NuevaPuertoMontt500",SEN,"Profile_Puelche_Sur",152,0,0,0,0,0,0,0,0,0,0,0,0,0,0,0.010529196,renewable,true,0,0,false,false,1970-01-01-00:00,false,0,0,1,0.005062647,0,50,0,500,None
"PUNTA_PALMERA_EO",2018-01-01-00:00,2060-01-01-00:00,true,0,true,"NuevaPandeAzucar500",SEN,"Profile_EolicaPuntaPalmeras",45,0,0,0,0,0,0,0,0,0,0,0,0,0,0,0.00558,renewable,true,0,0,false,false,1970-01-01-00:00,false,0,0,1,0.003228352,0,50,0,500,None
"PUNTA_SIERRA_EO",2018-01-01-00:00,2060-01-01-00:00,true,0,true,"NuevaPandeAzucar500",SEN,"Profile_PUNTASIERRA",80,0,0,0,0,0,0,0,0,0,0,0,0,0,0,0.017308158,renewable,true,0,0,false,false,1970-01-01-00:00,false,0,0,1,0.005062647,0,50,0,500,None
"RAKI_EO",2018-01-01-00:00,2060-01-01-00:00,true,0,true,"Concepcion500",SEN,"Profile_Raki",9,0,0,0,0,0,0,0,0,0,0,0,0,0,0,0.010529196,renewable,true,0,0,false,false,1970-01-01-00:00,false,0,0,1,0.013333028,0,50,0,500,None
"RENAICO_EO",2018-01-01-00:00,2060-01-01-00:00,true,0,true,"Concepcion500",SEN,"Profile_ParqueEolicoRenaico",88,0,0,0,0,0,0,0,0,0,0,0,0,0,0,0.010529196,renewable,true,0,0,false,false,1970-01-01-00:00,false,0,0,1,0.003797389,0,50,0,500,None
"SAN_GABRIEL_EO",2018-01-01-00:00,2060-01-01-00:00,true,0,true,"Mulchen500",SEN,"Profile_San_Gabriel",183,0,0,0,0,0,0,0,0,0,0,0,0,0,0,0.010529196,renewable,true,0,0,false,false,1970-01-01-00:00,false,0,0,1,0.005062647,0,50,0,500,None
"SAN_JUAN_EO",2018-01-01-00:00,2060-01-01-00:00,true,0,true,"NuevaPandeAzucar500",SEN,"Profile_EolicaSanJuan",185,0,0,0,0,0,0,0,0,0,0,0,0,0,0,0.010529196,renewable,true,0,0,false,false,1970-01-01-00:00,false,0,0,1,0.003888651,0,50,0,500,None
"SAN_PEDRO_EO",2018-01-01-00:00,2060-01-01-00:00,true,0,true,"NuevaPuertoMontt500",SEN,"Profile_Aurora",36,0,0,0,0,0,0,0,0,0,0,0,0,0,0,0.010529196,renewable,true,0,0,false,false,1970-01-01-00:00,false,0,0,1,0.005062647,0,50,0,500,None
"SAN_PEDRO_II_EO",2018-01-01-00:00,2060-01-01-00:00,true,0,true,"NuevaPuertoMontt500",SEN,"Profile_Aurora",65,0,0,0,0,0,0,0,0,0,0,0,0,0,0,0.010529196,renewable,true,0,0,false,false,1970-01-01-00:00,false,0,0,1,0.005062647,0,50,0,500,None
"SAN_RARINCO_EO",2023-12-01-00:00,2060-01-01-00:00,true,0,false,"Concepcion500",SEN,"Profile_SanRarinco",99,0,0,0,0,0,0,0,0,0,0,0,0,0,0,0.010529196,renewable,true,0,0,false,false,1970-01-01-00:00,false,0,0,1,0.005062647,0,50,0,500,None
"SARCO_EO",2018-01-01-00:00,2060-01-01-00:00,true,0,true,"NuevaMaitencillo500",SEN,"Profile_Sarco",169,0,0,0,0,0,0,0,0,0,0,0,0,0,0,0.010529196,renewable,true,0,0,false,false,1970-01-01-00:00,false,0,0,1,0.005062647,0,50,0,500,None
"TALTAL_EO",2018-01-01-00:00,2023-12-31-00:00,true,0,true,"Cumbre500",SEN,"Profile_EolicaTaltal",98,0,0,0,0,0,0,0,0,0,0,0,0,0,0,0.00558,renewable,true,0,0,false,false,1970-01-01-00:00,false,0,0,1,0.001183171,0,50,0,500,None
"TALTAL_EO_RBC",2024-01-01-00:00,2060-01-01-00:00,true,0,true,"Parinas500",SEN,"Profile_Eolica_TalTalEol02",98,0,0,0,0,0,0,0,0,0,0,0,0,0,0,0.010529196,renewable,true,0,0,false,false,1970-01-01-00:00,false,0,0,1,0.003888651,0,50,0,500,None
"TALINAY_ORIENTE_EO",2018-01-01-00:00,2060-01-01-00:00,true,0,true,"NuevaPandeAzucar500",SEN,"Profile_EolicaTalinayOriente",90,0,0,0,0,0,0,0,0,0,0,0,0,0,0,0.0001,renewable,true,0,0,false,false,1970-01-01-00:00,false,0,0,1,0.001122527,0,50,0,500,None
"TALINAY_PONIENTE_EO",2018-01-01-00:00,2060-01-01-00:00,true,0,true,"NuevaPandeAzucar500",SEN,"Profile_EolicaTalinayPoniente",60,0,0,0,0,0,0,0,0,0,0,0,0,0,0,0.00558,renewable,true,0,0,false,false,1970-01-01-00:00,false,0,0,1,0.00408153,0,50,0,500,None
"TOLPAN_SUR_EO",2018-01-01-00:00,2060-01-01-00:00,true,0,true,"Mulchen500",SEN,"Profile_San_Gabriel",84,0,0,0,0,0,0,0,0,0,0,0,0,0,0,0.010529196,renewable,true,0,0,false,false,1970-01-01-00:00,false,0,0,1,0.005062647,0,50,0,500,None
"UCUQUER_I_EO",2018-01-01-00:00,2060-01-01-00:00,true,0,true,"Polpaico500",SEN,"Profile_Eol_Polpaico500",7,0,0,0,0,0,0,0,0,0,0,0,0,0,0,0.010529196,renewable,true,0,0,false,false,1970-01-01-00:00,false,0,0,1,0.005062647,0,50,0,500,None
"UCUQUER_II_EO",2018-01-01-00:00,2060-01-01-00:00,true,0,true,"Polpaico500",SEN,"Profile_LaEstrella",11,0,0,0,0,0,0,0,0,0,0,0,0,0,0,0.010529196,renewable,true,0,0,false,false,1970-01-01-00:00,false,0,0,1,0.005062647,0,50,0,500,None
"MESAMAVIDA_EO",2018-01-01-00:00,2060-01-01-00:00,true,0,true,"Concepcion500",SEN,"Profile_EolicaCuel",60,0,0,0,0,0,0,0,0,0,0,0,0,0,0,0.0153,renewable,true,0,0,false,false,1970-01-01-00:00,false,0,0,1,0.002871961,0,50,0,500,None
"LOS_OLMOS_EO",2018-01-01-00:00,2060-01-01-00:00,true,0,true,"Mulchen500",SEN,"Profile_ElNogal_Eol",100,0,0,0,0,0,0,0,0,0,0,0,0,0,0,0.010529196,renewable,true,0,0,false,false,1970-01-01-00:00,false,0,0,1,0.0051,0,30,0,500,None
"RENAICO_II_EO",2018-01-01-00:00,2060-01-01-00:00,true,0,true,"Concepcion500",SEN,"Profile_ParqueEolicoRenaico",144,0,0,0,0,0,0,0,0,0,0,0,0,0,0,0.010529196,renewable,true,0,0,false,false,1970-01-01-00:00,false,2000,0,1,0.0038,0,30,0,500,None
"CABO_LEONES_I_EXT_EO",2018-01-01-00:00,2060-01-01-00:00,true,0,true,"NuevaMaitencillo500",SEN,"Profile_Cabo_Leones_I",60,0,0,0,0,0,0,0,0,0,0,0,0,0,0,0.00099,renewable,true,0,0,false,false,1970-01-01-00:00,false,0,0,1,0.005062647,0,50,0,500,None
"OCHS_EO",2021-07-01-00:00,2060-01-01-00:00,true,0,true,"Pichirropulli500",SEN,"Profile_Eol_Pichirropulli500",3,0,0,0,0,0,0,0,0,0,0,0,0,0,0,0.010529196,renewable,true,0,0,false,false,1970-01-01-00:00,false,0,0,1,0.005062647,0,50,0,500,None
"CABO_LEONES_III_FASE_II_EO",2018-01-01-00:00,2060-01-01-00:00,true,0,true,"NuevaMaitencillo500",SEN,"Profile_Eol_NuevaMaitencillo500",110,0,0,0,0,0,0,0,0,0,0,0,0,0,0,0.010529196,renewable,true,0,0,false,false,1970-01-01-00:00,false,0,0,1,0.005062647,0,50,0,500,None
"EL_CRUCE_EO",2021-06-01-00:00,2060-01-01-00:00,true,0,true,"Pichirropulli500",SEN,"Profile_Eol_Pichirropulli500",3,0,0,0,0,0,0,0,0,0,0,0,0,0,0,0.010529196,renewable,true,0,0,false,false,1970-01-01-00:00,false,0,0,1,0.005062647,0,50,0,500,None
"CAMPO_LINDO_I_EO",2018-01-01-00:00,2060-01-01-00:00,true,0,true,"NuevaCharrua500",SEN,"Profile_Eol_NuevaCharrua500",63,0,0,0,0,0,0,0,0,0,0,0,0,0,0,0.010529196,renewable,true,0,0,false,false,1970-01-01-00:00,false,0,0,1,0.005062647,0,50,0,500,None
"CABO_LEONES_II_FASE_II_EO",2018-01-01-00:00,2060-01-01-00:00,true,0,true,"NuevaMaitencillo500",SEN,"Profile_Cabo_Leones_I",172,0,0,0,0,0,0,0,0,0,0,0,0,0,0,0.00099,renewable,true,0,0,false,false,1970-01-01-00:00,false,0,0,1,0.005062647,0,50,0,500,None
"VIENTOS_DEL_LAGO_EO",2025-12-01-00:00,2060-01-01-00:00,true,0,false,"NuevaPuertoMontt500",SEN,"Profile_Puelche_Sur",132,0,0,0,0,0,0,0,0,0,0,0,0,0,0,0.010529196,renewable,true,0,0,false,false,1970-01-01-00:04,false,0,0,1,0.005062647,0,50,0,500,None
"DA�ICALQUI_EO",2025-12-01-00:00,2060-01-01-00:00,true,0,false,"Concepcion500",SEN,"Profile_EolicaCuel",95,0,0,0,0,0,0,0,0,0,0,0,0,0,0,0.0153,renewable,true,0,0,false,false,1970-01-01-00:00,false,0,0,1,0.002871961,0,50,0,500,None
"SAN_ANDRES_EO",2025-11-01-00:00,2060-01-01-00:00,true,0,false,"Mulchen500",SEN,"Profile_PEol_Malleco",120,0,0,0,0,0,0,0,0,0,0,0,0,0,0,0.010529196,renewable,true,0,0,false,false,1970-01-01-00:00,false,0,0,1,0.005062647,0,50,0,500,None
"COLINAS_EO",2025-12-01-00:00,2060-01-01-00:00,true,0,false,"NuevaCharrua500",SEN,"Profile_Eol_NuevaCharrua500",188,0,0,0,0,0,0,0,0,0,0,0,0,0,0,0.010529196,renewable,true,0,0,false,false,1970-01-01-00:07,false,0,0,1,0.005062647,0,50,0,500,None
"ATACAMA_EO",2018-01-01-00:00,2060-01-01-00:00,true,0,true,"NuevaMaitencillo500",SEN,"Profile_Cabo_Leones_I",165,0,0,0,0,0,0,0,0,0,0,0,0,0,0,0.00099,renewable,true,0,0,false,false,1970-01-01-00:00,false,0,0,1,0.005062647,0,50,0,500,None
"CARDONAL_EO",2018-01-01-00:00,2060-01-01-00:00,true,0,true,"Polpaico500",SEN,"Profile_LaEstrella",33,0,0,0,0,0,0,0,0,0,0,0,0,0,0,0.010529196,renewable,true,0,0,false,false,1970-01-01-00:00,false,0,0,1,0.005062647,0,50,0,500,None
"MANANTIALES_EO",2018-01-01-00:00,2060-01-01-00:00,true,0,true,"Polpaico500",SEN,"Profile_LaEstrella",27,0,0,0,0,0,0,0,0,0,0,0,0,0,0,0.010529196,renewable,true,0,0,false,false,1970-01-01-00:00,false,0,0,1,0.005062647,0,50,0,500,None
"CAMPO_LINDO_II_EO",2022-04-01-00:00,2060-01-01-00:00,true,0,false,"NuevaCharrua500",SEN,"Profile_Eol_NuevaCharrua500",4,0,0,0,0,0,0,0,0,0,0,0,0,0,0,0.010529196,renewable,true,0,0,false,false,1970-01-01-00:00,false,0,0,1,0.005062647,0,50,0,500,None
"LEBU_NORTE_EO",2024-07-01-00:00,2060-01-01-00:00,true,0,true,"Concepcion500",SEN,"Profile_EolicaCuel",9,0,0,0,0,0,0,0,0,0,0,0,0,0,0,0.0153,renewable,true,0,0,false,false,1970-01-01-00:00,false,0,0,1,0.002871961,0,50,0,500,None
"LA_CABA�A_ETAPA_1_EO",2018-01-01-00:00,2060-01-01-00:00,true,0,true,"Concepcion500",SEN,"Profile_ParqueEolicoRenaico",47,0,0,0,0,0,0,0,0,0,0,0,0,0,0,0.010529196,renewable,true,0,0,false,false,1970-01-01-00:00,false,0,0,1,0.003797389,0,50,0,500,None
"LA_CABA�A_ETAPA_2_EO",2018-01-01-00:00,2060-01-01-00:00,true,0,true,"Concepcion500",SEN,"Profile_ParqueEolicoRenaico",57,0,0,0,0,0,0,0,0,0,0,0,0,0,0,0.010529196,renewable,true,0,0,false,false,1970-01-01-00:00,false,0,0,1,0.003797389,0,50,0,500,None
"SAN_MATIAS_E1_EO",2024-02-01-00:00,2060-01-01-00:00,true,0,true,"Concepcion500",SEN,"Profile_EolicaCuel",77,0,0,0,0,0,0,0,0,0,0,0,0,0,0,0.0153,renewable,true,0,0,false,false,1970-01-01-00:00,false,0,0,1,0.002871961,0,50,0,500,None
"LONCUALHUE_EO",2026-12-01-00:00,2060-01-01-00:00,true,0,true,"NuevaCharrua500",SEN,"Profile_Eol_NuevaCharrua500",187,0,0,0,0,0,0,0,0,0,0,0,0,0,0,0.010529196,renewable,true,0,0,false,false,1970-01-01-00:00,false,0,0,1,0.005062647,0,50,0,500,None
"HORIZONTE I_EO",2024-04-01-00:00,2060-01-01-00:00,true,0,true,"Parinas500",SEN,"Profile_Eolica_TalTalEol02",400,0,0,0,0,0,0,0,0,0,0,0,0,0,0,0.010529196,renewable,true,0,0,false,false,1970-01-01-00:00,false,0,0,1,0.003888651,0,50,0,500,None
"HORIZONTE II_EO",2024-06-01-00:00,2060-01-01-00:00,true,0,true,"Parinas500",SEN,"Profile_Eolica_TalTalEol02",400,0,0,0,0,0,0,0,0,0,0,0,0,0,0,0.010529196,renewable,true,0,0,false,false,1970-01-01-00:00,false,0,0,1,0.003888651,0,50,0,500,None
"LOMAS_DE_TALTAL_EO",2024-12-01-00:00,2060-01-01-00:00,true,0,true,"Parinas500",SEN,"Profile_Eolica_TalTalEol02",342,0,0,0,0,0,0,0,0,0,0,0,0,0,0,0.010529196,renewable,true,0,0,false,false,1970-01-01-00:00,false,0,0,1,0.003888651,0,50,0,500,None
"ANTOFAGASTA_EO",2025-05-01-00:00,2060-01-01-00:00,true,0,true,"Parinas500",SEN,"Profile_Eolica_TalTalEol02",364,0,0,0,0,0,0,0,0,0,0,0,0,0,0,0.010529196,renewable,true,0,0,false,false,1970-01-01-00:00,false,0,0,1,0.003888651,0,50,0,500,None
"PMGD_CH1_BUTALCURA_EO",2024-07-01-00:00,2060-01-01-00:00,true,0,true,"NuevaPuertoMontt500",SEN,"Profile_Aurora",9,0,0,0,0,0,0,0,0,0,0,0,0,0,0,0.010529196,renewable,true,0,0,false,false,1970-01-01-00:00,false,0,0,1,0.005062647,0,50,0,500,None
"PMGD_CH2_BUTALCURA_EO",2024-07-01-00:00,2060-01-01-00:00,true,0,true,"NuevaPuertoMontt500",SEN,"Profile_Aurora",9,0,0,0,0,0,0,0,0,0,0,0,0,0,0,0.010529196,renewable,true,0,0,false,false,1970-01-01-00:00,false,0,0,1,0.005062647,0,50,0,500,None
"CERRILLOS_EO",2018-01-01-00:00,2060-01-01-00:00,true,0,true,"Polpaico500",SEN,"Profile_LaEstrella",46,0,0,0,0,0,0,0,0,0,0,0,0,0,0,0.010529196,renewable,true,0,0,false,false,1970-01-01-00:00,false,0,0,1,0.005062647,0,50,0,500,None
"SAN_MATIAS_E2_EO",2025-01-01-00:00,2060-01-01-00:00,true,0,true,"Concepcion500",SEN,"Profile_EolicaCuel",4,0,0,0,0,0,0,0,0,0,0,0,0,0,0,0.0153,renewable,true,0,0,false,false,1970-01-01-00:00,false,0,0,1,0.002871961,0,50,0,500,None
"CERRO_TIGRE_EO",2018-01-01-00:00,2060-01-01-00:00,true,0,true,"NuevaZaldivar220",SEN,"Profile_Cerro_Tigre",185,0,0,0,0,0,0,0,0,0,0,0,0,0,0,0.010529196,renewable,true,0,0,false,false,1970-01-01-00:00,false,0,0,1,0.005062647,0,50,0,220,None
"CKANI_EO",2022-05-01-00:00,2060-01-01-00:00,true,0,true,"Kimal220",SEN,"Profile_Ckani",107,0,0,0,0,0,0,0,0,0,0,0,0,0,0,0.010529196,renewable,true,0,0,false,false,1970-01-01-00:00,false,0,0,1,0.005062647,0,50,0,500,None
"SIERRA_GORDA_EO",2018-01-01-00:00,2060-01-01-00:00,true,0,true,"Kimal220",SEN,"Profile_SIERRAGORDAESTE",112,0,0,0,0,0,0,0,0,0,0,0,0,0,0,0.012330357,renewable,true,0,0,false,false,1970-01-01-00:00,false,0,0,1,0.005062647,0,50,0,500,None
"TCHAMMA_EO",2018-01-01-00:00,2060-01-01-00:00,true,0,true,"Kimal220",SEN,"Profile_Tchamma",155,0,0,0,0,0,0,0,0,0,0,0,0,0,0,0.010529196,renewable,true,0,0,false,false,1970-01-01-00:00,false,0,0,1,0.005062647,0,50,0,500,None
"VALLE_DE_LOS_VIENTOS_EO",2018-01-01-00:00,2060-01-01-00:00,true,0,true,"NuevaZaldivar220",SEN,"Profile_VALLEDELOSVIENTOS",89,0,0,0,0,0,0,0,0,0,0,0,0,0,0,0.012222222,renewable,true,0,0,false,false,1970-01-01-00:00,false,0,0,1,0.00131342,0,50,0,500,None
"CALAMA_EO",2018-01-01-00:00,2060-01-01-00:00,true,0,true,"Kimal220",SEN,"Profile_SIERRAGORDAESTE",150,0,0,0,0,0,0,0,0,0,0,0,0,0,0,0.012330357,renewable,true,0,0,false,false,1970-01-01-00:00,false,0,0,1,0.005062647,0,50,0,500,None
"LLANOS_DEL_VIENTO_EO",2018-01-01-00:00,2060-01-01-00:00,true,0,true,"LosChangos220",SEN,"Profile_Eol_LosChangos220",156,0,0,0,0,0,0,0,0,0,0,0,0,0,0,0.010529196,renewable,true,0,0,false,false,1970-01-01-00:00,false,0,0,1,0.005062647,0,50,0,500,None
"CALAMA_AMP_EO",2018-01-01-00:00,2060-01-01-00:00,true,0,true,"Kimal220",SEN,"Profile_SIERRAGORDAESTE",12,0,0,0,0,0,0,0,0,0,0,0,0,0,0,0.012330357,renewable,true,0,0,false,false,1970-01-01-00:00,false,0,0,1,0.005062647,0,50,0,500,None
"TCHAMMA_AMP_EO",2018-01-01-00:00,2060-01-01-00:00,true,0,true,"Kimal220",SEN,"Profile_Tchamma",18,0,0,0,0,0,0,0,0,0,0,0,0,0,0,0.010529196,renewable,true,0,0,false,false,1970-01-01-00:00,false,0,0,1,0.005062647,0,50,0,500,None
"PMGD_EL_ALEMAN_EO",2026-02-01-00:00,2060-01-01-00:00,true,0,true,"Pichirropulli500",SEN,"Profile_Eolica_LosRios_87",9,0,0,0,0,0,0,0,0,0,0,0,0,0,0,0.010529196,renewable,true,0,0,false,false,1970-01-01-00:00,false,0,0,1,0.005062647,0,50,0,500,None
"PMGD_GAW_EO",2015-01-01-00:00,2060-01-01-00:00,true,0,true,"Pichirropulli500",SEN,"Profile_Eolica_LosRios_87",3,0,0,0,0,0,0,0,0,0,0,0,0,0,0,0.010529196,renewable,true,0,0,false,false,1970-01-01-00:00,false,0,0,1,0.005062647,0,50,0,500,None
"LOS_OLMOS_AMP_EO",2018-01-01-00:00,2060-01-01-00:00,true,0,true,"Mulchen500",SEN,"Profile_EolicaCuel",10,0,0,0,0,0,0,0,0,0,0,0,0,0,0,0.010529196,renewable,true,0,0,false,false,1970-01-01-00:00,false,0,0,1,0.005062647,0,50,0,500,None
"PURRANQUE_1_EO",2026-08-01-00:00,2060-01-01-00:00,true,0,true,"NuevaPuertoMontt500",SEN,"Profile_Aurora",9,0,0,0,0,0,0,0,0,0,0,0,0,0,0,0.010529196,renewable,true,0,0,false,false,1970-01-01-00:00,false,0,0,1,0.005062647,0,50,0,500,None
"CANCURA_EO",2025-11-01-00:00,2060-01-01-00:00,true,0,true,"Mulchen500",SEN,"Profile_ParqueEolicoRenaico",34,0,0,0,0,0,0,0,0,0,0,0,0,0,0,0.010529196,renewable,true,0,0,false,false,1970-01-01-00:00,false,0,0,1,0.005062647,0,50,0,500,None
"PEMUCO_EO",2026-04-01-00:00,2060-01-01-00:00,true,0,true,"NuevaCharrua500",SEN,"Profile_Eol_NuevaCharrua500",165,0,0,0,0,0,0,0,0,0,0,0,0,0,0,0.010529196,renewable,true,0,0,false,false,1970-01-01-00:00,false,0,0,1,0.005062647,0,50,0,500,None
"PAMPA FIDELIA_EO",2026-05-01-00:00,2060-01-01-00:00,true,0,true,"Parinas500",SEN,"Profile_Eolica_TalTalEol02",306,0,0,0,0,0,0,0,0,0,0,0,0,0,0,0.010529196,renewable,true,0,0,false,false,1970-01-01-00:00,false,0,0,1,0.005062647,0,50,0,500,None
"PURRANQUE_2_EO",2027-02-01-00:00,2060-01-01-00:00,true,0,true,"NuevaPuertoMontt500",SEN,"Profile_Aurora",9,0,0,0,0,0,0,0,0,0,0,0,0,0,0,0.010529196,renewable,true,0,0,false,false,1970-01-01-00:00,false,0,0,1,0.005062647,0,50,0,500,None
"Eolica_Antofagasta_1",2029-10-01-00:00,3000-01-01-00:00,true,0,true,"Parinas500",SEN,"Profile_Eolica_Antofagasta_1",41,0,0,0,0,0,0,0,0,0,0,0,0,0,0,0.018,renewable,true,0,0,true,false,1970-01-01-00:00,true,1483,0,0,0.005062647,22.245,25,0,220,None
"Eolica_Antofagasta_2",2029-10-01-00:00,3000-01-01-00:00,true,0,true,"NuevaZaldivar220",SEN,"Profile_Eolica_Antofagasta_2",6,0,0,0,0,0,0,0,0,0,0,0,0,0,0,0.018,renewable,true,0,0,true,false,1970-01-01-00:00,true,1483,0,0,0.005062647,22.245,25,0,220,None
"Eolica_Antofagasta_3",2029-10-01-00:00,3000-01-01-00:00,true,0,true,"Kimal220",SEN,"Profile_Eolica_Antofagasta_3",536,0,0,0,0,0,0,0,0,0,0,0,0,0,0,0.018,renewable,true,0,0,true,false,1970-01-01-00:00,true,1483,0,0,0.005062647,22.245,25,0,220,None
"Eolica_Antofagasta_4",2029-10-01-00:00,3000-01-01-00:00,true,0,true,"Kimal220",SEN,"Profile_Eolica_Antofagasta_4",1477,0,0,0,0,0,0,0,0,0,0,0,0,0,0,0.018,renewable,true,0,0,true,false,1970-01-01-00:00,true,1483,0,0,0.005062647,22.245,25,0,220,None
"Eolica_Antofagasta_5",2029-10-01-00:00,3000-01-01-00:00,true,0,true,"Kimal220",SEN,"Profile_Eolica_Antofagasta_5",1035,0,0,0,0,0,0,0,0,0,0,0,0,0,0,0.018,renewable,true,0,0,true,false,1970-01-01-00:00,true,1483,0,0,0.005062647,22.245,25,0,220,None
"Eolica_Antofagasta_7",2029-10-01-00:00,3000-01-01-00:00,true,0,true,"Parinas500",SEN,"Profile_Eolica_Antofagasta_7",314,0,0,0,0,0,0,0,0,0,0,0,0,0,0,0.018,renewable,true,0,0,true,false,1970-01-01-00:00,true,1483,0,0,0.005062647,22.245,25,0,500,None
"Eolica_Antofagasta_9",2029-10-01-00:00,3000-01-01-00:00,true,0,true,"Parinas500",SEN,"Profile_Eolica_Antofagasta_9",428,0,0,0,0,0,0,0,0,0,0,0,0,0,0,0.018,renewable,true,0,0,true,false,1970-01-01-00:00,true,1483,0,0,0.005062647,22.245,25,0,500,None
"Eolica_Antofagasta_10",2029-10-01-00:00,3000-01-01-00:00,true,0,true,"NuevaZaldivar220",SEN,"Profile_Eolica_Antofagasta_10",189,0,0,0,0,0,0,0,0,0,0,0,0,0,0,0.018,renewable,true,0,0,true,false,1970-01-01-00:00,true,1483,0,0,0.005062647,22.245,25,0,220,None
"Eolica_Antofagasta_11",2029-10-01-00:00,3000-01-01-00:00,true,0,true,"Parinas500",SEN,"Profile_Eolica_Antofagasta_11",843,0,0,0,0,0,0,0,0,0,0,0,0,0,0,0.018,renewable,true,0,0,true,false,1970-01-01-00:00,true,1483,0,0,0.005062647,22.245,25,0,500,None
"Eolica_Antofagasta_12",2029-10-01-00:00,3000-01-01-00:00,true,0,true,"Parinas500",SEN,"Profile_Eolica_Antofagasta_12",2538,0,0,0,0,0,0,0,0,0,0,0,0,0,0,0.018,renewable,true,0,0,true,false,1970-01-01-00:00,true,1483,0,0,0.005062647,22.245,25,0,500,None
"Eolica_Antofagasta_13",2029-10-01-00:00,3000-01-01-00:00,true,0,true,"Parinas500",SEN,"Profile_Eolica_Antofagasta_13",554,0,0,0,0,0,0,0,0,0,0,0,0,0,0,0.018,renewable,true,0,0,true,false,1970-01-01-00:00,true,1483,0,0,0.005062647,22.245,25,0,500,None
"Eolica_Antofagasta_14",2029-10-01-00:00,3000-01-01-00:00,true,0,true,"Parinas500",SEN,"Profile_Eolica_Antofagasta_14",917,0,0,0,0,0,0,0,0,0,0,0,0,0,0,0.018,renewable,true,0,0,true,false,1970-01-01-00:00,true,1483,0,0,0.005062647,22.245,25,0,500,None
"Eolica_Antofagasta_18",2029-10-01-00:00,3000-01-01-00:00,true,0,true,"NuevaZaldivar220",SEN,"Profile_Eolica_Antofagasta_18",229,0,0,0,0,0,0,0,0,0,0,0,0,0,0,0.018,renewable,true,0,0,true,false,1970-01-01-00:00,true,1483,0,0,0.005062647,22.245,25,0,220,None
"Eolica_Atacama_19",2029-10-01-00:00,3000-01-01-00:00,true,0,true,"NuevaMaitencillo500",SEN,"Profile_Eolica_Atacama_19",24,0,0,0,0,0,0,0,0,0,0,0,0,0,0,0.018,renewable,true,0,0,true,false,1970-01-01-00:00,true,1483,0,0,0.005062647,22.245,25,0,500,None
"Eolica_Atacama_20",2029-10-01-00:00,3000-01-01-00:00,true,0,true,"Cumbre500",SEN,"Profile_Eolica_Atacama_20",89,0,0,0,0,0,0,0,0,0,0,0,0,0,0,0.018,renewable,true,0,0,true,false,1970-01-01-00:00,true,1483,0,0,0.005062647,22.245,25,0,500,None
"Eolica_Atacama_21",2029-10-01-00:00,3000-01-01-00:00,true,0,true,"NuevaMaitencillo500",SEN,"Profile_Eolica_Atacama_21",161,0,0,0,0,0,0,0,0,0,0,0,0,0,0,0.018,renewable,true,0,0,true,false,1970-01-01-00:00,true,1483,0,0,0.005062647,22.245,25,0,500,None
"Eolica_Atacama_22",2029-10-01-00:00,3000-01-01-00:00,true,0,true,"Cumbre500",SEN,"Profile_Eolica_Atacama_22",43,0,0,0,0,0,0,0,0,0,0,0,0,0,0,0.018,renewable,true,0,0,true,false,1970-01-01-00:00,true,1483,0,0,0.005062647,22.245,25,0,500,None
"Eolica_Coquimbo_23",2029-10-01-00:00,3000-01-01-00:00,true,0,true,"NuevaPandeAzucar500",SEN,"Profile_Eolica_Coquimbo_23",15,0,0,0,0,0,0,0,0,0,0,0,0,0,0,0.018,renewable,true,0,0,true,false,1970-01-01-00:00,true,1483,0,0,0.005062647,22.245,25,0,500,None
"Eolica_Coquimbo_24",2029-10-01-00:00,3000-01-01-00:00,true,0,true,"NuevaPandeAzucar500",SEN,"Profile_Eolica_Coquimbo_24",21,0,0,0,0,0,0,0,0,0,0,0,0,0,0,0.018,renewable,true,0,0,true,false,1970-01-01-00:00,true,1483,0,0,0.005062647,22.245,25,0,500,None
"Eolica_Coquimbo_25",2029-10-01-00:00,3000-01-01-00:00,true,0,true,"NuevaMaitencillo500",SEN,"Profile_Eolica_Coquimbo_25",110,0,0,0,0,0,0,0,0,0,0,0,0,0,0,0.018,renewable,true,0,0,true,false,1970-01-01-00:00,true,1483,0,0,0.005062647,22.245,25,0,500,None
"Eolica_Coquimbo_26",2029-10-01-00:00,3000-01-01-00:00,true,0,true,"NuevaPandeAzucar500",SEN,"Profile_Eolica_Coquimbo_26",330,0,0,0,0,0,0,0,0,0,0,0,0,0,0,0.018,renewable,true,0,0,true,false,1970-01-01-00:00,true,1483,0,0,0.005062647,22.245,25,0,500,None
"Eolica_Coquimbo_27",2029-10-01-00:00,3000-01-01-00:00,true,0,true,"NuevaPandeAzucar500",SEN,"Profile_Eolica_Coquimbo_27",11,0,0,0,0,0,0,0,0,0,0,0,0,0,0,0.018,renewable,true,0,0,true,false,1970-01-01-00:00,true,1483,0,0,0.005062647,22.245,25,0,500,None
"Eolica_Coquimbo_28",2029-10-01-00:00,3000-01-01-00:00,true,0,true,"NuevaPandeAzucar500",SEN,"Profile_Eolica_Coquimbo_28",318,0,0,0,0,0,0,0,0,0,0,0,0,0,0,0.018,renewable,true,0,0,true,false,1970-01-01-00:00,true,1483,0,0,0.005062647,22.245,25,0,500,None
"Eolica_Coquimbo_29",2029-10-01-00:00,3000-01-01-00:00,true,0,true,"Quillota500",SEN,"Profile_Eolica_Coquimbo_29",183,0,0,0,0,0,0,0,0,0,0,0,0,0,0,0.018,renewable,true,0,0,true,false,1970-01-01-00:00,true,1483,0,0,0.005062647,22.245,25,0,500,None
"Eolica_Coquimbo_30",2029-10-01-00:00,3000-01-01-00:00,true,0,true,"NuevaMaitencillo500",SEN,"Profile_Eolica_Coquimbo_30",93,0,0,0,0,0,0,0,0,0,0,0,0,0,0,0.018,renewable,true,0,0,true,false,1970-01-01-00:00,true,1483,0,0,0.005062647,22.245,25,0,500,None
"Eolica_Valparaiso_32",2029-10-01-00:00,3000-01-01-00:00,true,0,true,"Quillota500",SEN,"Profile_Eolica_Valparaiso_32",15,0,0,0,0,0,0,0,0,0,0,0,0,0,0,0.018,renewable,true,0,0,true,false,1970-01-01-00:00,true,1483,0,0,0.005062647,22.245,25,0,500,None
"Eolica_Metropolitana_33",2029-10-01-00:00,3000-01-01-00:00,true,0,true,"Polpaico500",SEN,"Profile_Eolica_Metropolitana_33",20,0,0,0,0,0,0,0,0,0,0,0,0,0,0,0.018,renewable,true,0,0,true,false,1970-01-01-00:00,true,1483,0,0,0.005062647,22.245,25,0,500,None
"Eolica_Metropolitana_34",2029-10-01-00:00,3000-01-01-00:00,true,0,true,"AltoJahuel500",SEN,"Profile_Eolica_Metropolitana_34",6,0,0,0,0,0,0,0,0,0,0,0,0,0,0,0.018,renewable,true,0,0,true,false,1970-01-01-00:00,true,1483,0,0,0.005062647,22.245,25,0,500,None
"Eolica_Metropolitana_35",2029-10-01-00:00,3000-01-01-00:00,true,0,true,"Polpaico500",SEN,"Profile_Eolica_Metropolitana_35",6,0,0,0,0,0,0,0,0,0,0,0,0,0,0,0.018,renewable,true,0,0,true,false,1970-01-01-00:00,true,1483,0,0,0.005062647,22.245,25,0,500,None
"Eolica_Ohiggins_36",2029-10-01-00:00,3000-01-01-00:00,true,0,true,"Rapel500",SEN,"Profile_Eolica_Ohiggins_36",45,0,0,0,0,0,0,0,0,0,0,0,0,0,0,0.018,renewable,true,0,0,true,false,1970-01-01-00:00,true,1483,0,0,0.005062647,22.245,25,0,500,None
"Eolica_Maule_37",2029-10-01-00:00,3000-01-01-00:00,true,0,true,"Ancoa500",SEN,"Profile_Eolica_Maule_37",189,0,0,0,0,0,0,0,0,0,0,0,0,0,0,0.018,renewable,true,0,0,true,false,1970-01-01-00:00,true,1483,0,0,0.005062647,22.245,25,0,500,None
"Eolica_Maule_38",2029-10-01-00:00,3000-01-01-00:00,true,0,true,"Ancoa500",SEN,"Profile_Eolica_Maule_38",6,0,0,0,0,0,0,0,0,0,0,0,0,0,0,0.018,renewable,true,0,0,true,false,1970-01-01-00:00,true,1483,0,0,0.005062647,22.245,25,0,500,None
"Eolica_Maule_39",2029-10-01-00:00,3000-01-01-00:00,true,0,true,"Ancoa500",SEN,"Profile_Eolica_Maule_39",43,0,0,0,0,0,0,0,0,0,0,0,0,0,0,0.018,renewable,true,0,0,true,false,1970-01-01-00:00,true,1483,0,0,0.005062647,22.245,25,0,500,None
"Eolica_Maule_40",2029-10-01-00:00,3000-01-01-00:00,true,0,true,"Concepcion500",SEN,"Profile_Eolica_Maule_40",187,0,0,0,0,0,0,0,0,0,0,0,0,0,0,0.018,renewable,true,0,0,true,false,1970-01-01-00:00,true,1483,0,0,0.005062647,22.245,25,0,500,None
"Eolica_Maule_41",2029-10-01-00:00,3000-01-01-00:00,true,0,true,"Ancoa500",SEN,"Profile_Eolica_Maule_41",160,0,0,0,0,0,0,0,0,0,0,0,0,0,0,0.018,renewable,true,0,0,true,false,1970-01-01-00:00,true,1483,0,0,0.005062647,22.245,25,0,500,None
"Eolica_Maule_42",2029-10-01-00:00,3000-01-01-00:00,true,0,true,"Ancoa500",SEN,"Profile_Eolica_Maule_42",75,0,0,0,0,0,0,0,0,0,0,0,0,0,0,0.018,renewable,true,0,0,true,false,1970-01-01-00:00,true,1483,0,0,0.005062647,22.245,25,0,500,None
"Eolica_Maule_43",2029-10-01-00:00,3000-01-01-00:00,true,0,true,"Ancoa500",SEN,"Profile_Eolica_Maule_43",188,0,0,0,0,0,0,0,0,0,0,0,0,0,0,0.018,renewable,true,0,0,true,false,1970-01-01-00:00,true,1483,0,0,0.005062647,22.245,25,0,500,None
"Eolica_Maule_44",2029-10-01-00:00,3000-01-01-00:00,true,0,true,"Ancoa500",SEN,"Profile_Eolica_Maule_44",26,0,0,0,0,0,0,0,0,0,0,0,0,0,0,0.018,renewable,true,0,0,true,false,1970-01-01-00:00,true,1483,0,0,0.005062647,22.245,25,0,500,None
"Eolica_Maule_45",2029-10-01-00:00,3000-01-01-00:00,true,0,true,"Ancoa500",SEN,"Profile_Eolica_Maule_45",120,0,0,0,0,0,0,0,0,0,0,0,0,0,0,0.018,renewable,true,0,0,true,false,1970-01-01-00:00,true,1483,0,0,0.005062647,22.245,25,0,500,None
"Eolica_Maule_46",2029-10-01-00:00,3000-01-01-00:00,true,0,true,"Ancoa500",SEN,"Profile_Eolica_Maule_46",172,0,0,0,0,0,0,0,0,0,0,0,0,0,0,0.018,renewable,true,0,0,true,false,1970-01-01-00:00,true,1483,0,0,0.005062647,22.245,25,0,500,None
"Eolica_Nuble_47",2029-10-01-00:00,3000-01-01-00:00,true,0,true,"VadoPedregoso500",SEN,"Profile_Eolica_Nuble_47",405,0,0,0,0,0,0,0,0,0,0,0,0,0,0,0.018,renewable,true,0,0,true,false,1970-01-01-00:00,true,1483,0,0,0.005062647,22.245,25,0,500,None
"Eolica_Nuble_48",2029-10-01-00:00,3000-01-01-00:00,true,0,true,"Concepcion500",SEN,"Profile_Eolica_Nuble_48",172,0,0,0,0,0,0,0,0,0,0,0,0,0,0,0.018,renewable,true,0,0,true,false,1970-01-01-00:00,true,1483,0,0,0.005062647,22.245,25,0,500,None
"Eolica_Nuble_49",2029-10-01-00:00,3000-01-01-00:00,true,0,true,"Concepcion500",SEN,"Profile_Eolica_Nuble_49",261,0,0,0,0,0,0,0,0,0,0,0,0,0,0,0.018,renewable,true,0,0,true,false,1970-01-01-00:00,true,1483,0,0,0.005062647,22.245,25,0,500,None
"Eolica_Nuble_50",2029-10-01-00:00,3000-01-01-00:00,true,0,true,"NuevaCharrua500",SEN,"Profile_Eolica_Nuble_50",36,0,0,0,0,0,0,0,0,0,0,0,0,0,0,0.018,renewable,true,0,0,true,false,1970-01-01-00:00,true,1483,0,0,0.005062647,22.245,25,0,500,None
"Eolica_Nuble_51",2029-10-01-00:00,3000-01-01-00:00,true,0,true,"Concepcion500",SEN,"Profile_Eolica_Nuble_51",143,0,0,0,0,0,0,0,0,0,0,0,0,0,0,0.018,renewable,true,0,0,true,false,1970-01-01-00:00,true,1483,0,0,0.005062647,22.245,25,0,500,None
"Eolica_Nuble_52",2029-10-01-00:00,3000-01-01-00:00,true,0,true,"NuevaCharrua500",SEN,"Profile_Eolica_Nuble_52",68,0,0,0,0,0,0,0,0,0,0,0,0,0,0,0.018,renewable,true,0,0,true,false,1970-01-01-00:00,true,1483,0,0,0.005062647,22.245,25,0,500,None
"Eolica_Nuble_53",2029-10-01-00:00,3000-01-01-00:00,true,0,true,"NuevaCharrua500",SEN,"Profile_Eolica_Nuble_53",92,0,0,0,0,0,0,0,0,0,0,0,0,0,0,0.018,renewable,true,0,0,true,false,1970-01-01-00:00,true,1483,0,0,0.005062647,22.245,25,0,500,None
"Eolica_Nuble_54",2029-10-01-00:00,3000-01-01-00:00,true,0,true,"NuevaCharrua500",SEN,"Profile_Eolica_Nuble_54",494,0,0,0,0,0,0,0,0,0,0,0,0,0,0,0.018,renewable,true,0,0,true,false,1970-01-01-00:00,true,1483,0,0,0.005062647,22.245,25,0,500,None
"Eolica_Nuble_55",2029-10-01-00:00,3000-01-01-00:00,true,0,true,"Concepcion500",SEN,"Profile_Eolica_Nuble_55",25,0,0,0,0,0,0,0,0,0,0,0,0,0,0,0.018,renewable,true,0,0,true,false,1970-01-01-00:00,true,1483,0,0,0.005062647,22.245,25,0,500,None
"Eolica_Biobio_56",2029-10-01-00:00,3000-01-01-00:00,true,0,true,"Mulchen500",SEN,"Profile_Eolica_Biobio_56",154,0,0,0,0,0,0,0,0,0,0,0,0,0,0,0.018,renewable,true,0,0,true,false,1970-01-01-00:00,true,1483,0,0,0.005062647,22.245,25,0,500,None
"Eolica_Biobio_58",2029-10-01-00:00,3000-01-01-00:00,true,0,true,"RioMalleco500",SEN,"Profile_Eolica_Biobio_58",25,0,0,0,0,0,0,0,0,0,0,0,0,0,0,0.018,renewable,true,0,0,true,false,1970-01-01-00:00,true,1483,0,0,0.005062647,22.245,25,0,500,None
"Eolica_Biobio_59",2029-10-01-00:00,3000-01-01-00:00,true,0,true,"NuevaCharrua500",SEN,"Profile_Eolica_Biobio_59",10,0,0,0,0,0,0,0,0,0,0,0,0,0,0,0.018,renewable,true,0,0,true,false,1970-01-01-00:00,true,1483,0,0,0.005062647,22.245,25,0,500,None
"Eolica_Biobio_60",2029-10-01-00:00,3000-01-01-00:00,true,0,true,"NuevaCharrua500",SEN,"Profile_Eolica_Biobio_60",366,0,0,0,0,0,0,0,0,0,0,0,0,0,0,0.018,renewable,true,0,0,true,false,1970-01-01-00:00,true,1483,0,0,0.005062647,22.245,25,0,500,None
"Eolica_Biobio_61",2029-10-01-00:00,3000-01-01-00:00,true,0,true,"RioMalleco500",SEN,"Profile_Eolica_Biobio_61",78,0,0,0,0,0,0,0,0,0,0,0,0,0,0,0.018,renewable,true,0,0,true,false,1970-01-01-00:00,true,1483,0,0,0.005062647,22.245,25,0,500,None
"Eolica_Biobio_62",2029-10-01-00:00,3000-01-01-00:00,true,0,true,"RioMalleco500",SEN,"Profile_Eolica_Biobio_62",161,0,0,0,0,0,0,0,0,0,0,0,0,0,0,0.018,renewable,true,0,0,true,false,1970-01-01-00:00,true,1483,0,0,0.005062647,22.245,25,0,500,None
"Eolica_Biobio_63",2029-10-01-00:00,3000-01-01-00:00,true,0,true,"VadoPedregoso500",SEN,"Profile_Eolica_Biobio_63",1805,0,0,0,0,0,0,0,0,0,0,0,0,0,0,0.018,renewable,true,0,0,true,false,1970-01-01-00:00,true,1483,0,0,0.005062647,22.245,25,0,500,None
"Eolica_Biobio_64",2029-10-01-00:00,3000-01-01-00:00,true,0,true,"RioMalleco500",SEN,"Profile_Eolica_Biobio_64",30,0,0,0,0,0,0,0,0,0,0,0,0,0,0,0.018,renewable,true,0,0,true,false,1970-01-01-00:00,true,1483,0,0,0.005062647,22.245,25,0,500,None
"Eolica_Biobio_65",2029-10-01-00:00,3000-01-01-00:00,true,0,true,"Mulchen500",SEN,"Profile_Eolica_Biobio_65",1935,0,0,0,0,0,0,0,0,0,0,0,0,0,0,0.018,renewable,true,0,0,true,false,1970-01-01-00:00,true,1483,0,0,0.005062647,22.245,25,0,500,None
"Eolica_Biobio_66",2029-10-01-00:00,3000-01-01-00:00,true,0,true,"Mulchen500",SEN,"Profile_Eolica_Biobio_66",8,0,0,0,0,0,0,0,0,0,0,0,0,0,0,0.018,renewable,true,0,0,true,false,1970-01-01-00:00,true,1483,0,0,0.005062647,22.245,25,0,500,None
"Eolica_Biobio_67",2029-10-01-00:00,3000-01-01-00:00,true,0,true,"NuevaCharrua500",SEN,"Profile_Eolica_Biobio_67",1152,0,0,0,0,0,0,0,0,0,0,0,0,0,0,0.018,renewable,true,0,0,true,false,1970-01-01-00:00,true,1483,0,0,0.005062647,22.245,25,0,500,None
"Eolica_Biobio_68",2029-10-01-00:00,3000-01-01-00:00,true,0,true,"Mulchen500",SEN,"Profile_Eolica_Biobio_68",2525,0,0,0,0,0,0,0,0,0,0,0,0,0,0,0.018,renewable,true,0,0,true,false,1970-01-01-00:00,true,1483,0,0,0.005062647,22.245,25,0,500,None
"Eolica_Biobio_69",2029-10-01-00:00,3000-01-01-00:00,true,0,true,"VadoPedregoso500",SEN,"Profile_Eolica_Biobio_69",1809,0,0,0,0,0,0,0,0,0,0,0,0,0,0,0.018,renewable,true,0,0,true,false,1970-01-01-00:00,true,1483,0,0,0.005062647,22.245,25,0,500,None
"Eolica_Biobio_70",2029-10-01-00:00,3000-01-01-00:00,true,0,true,"NuevaCharrua500",SEN,"Profile_Eolica_Biobio_70",1323,0,0,0,0,0,0,0,0,0,0,0,0,0,0,0.018,renewable,true,0,0,true,false,1970-01-01-00:00,true,1483,0,0,0.005062647,22.245,25,0,500,None
"Eolica_Biobio_71",2029-10-01-00:00,3000-01-01-00:00,true,0,true,"Concepcion500",SEN,"Profile_Eolica_Biobio_71",434,0,0,0,0,0,0,0,0,0,0,0,0,0,0,0.018,renewable,true,0,0,true,false,1970-01-01-00:00,true,1483,0,0,0.005062647,22.245,25,0,500,None
"Eolica_Biobio_72",2029-10-01-00:00,3000-01-01-00:00,true,0,true,"Concepcion500",SEN,"Profile_Eolica_Biobio_72",335,0,0,0,0,0,0,0,0,0,0,0,0,0,0,0.018,renewable,true,0,0,true,false,1970-01-01-00:00,true,1483,0,0,0.005062647,22.245,25,0,500,None
"Eolica_araucania_75",2029-10-01-00:00,3000-01-01-00:00,true,0,true,"RioMalleco500",SEN,"Profile_Eolica_araucania_75",34,0,0,0,0,0,0,0,0,0,0,0,0,0,0,0.018,renewable,true,0,0,true,false,1970-01-01-00:00,true,1483,0,0,0.005062647,22.245,25,0,500,None
"Eolica_araucania_76",2029-10-01-00:00,3000-01-01-00:00,true,0,true,"RioMalleco500",SEN,"Profile_Eolica_araucania_76",432,0,0,0,0,0,0,0,0,0,0,0,0,0,0,0.018,renewable,true,0,0,true,false,1970-01-01-00:00,true,1483,0,0,0.005062647,22.245,25,0,500,None
"Eolica_araucania_77",2029-10-01-00:00,3000-01-01-00:00,true,0,true,"RioMalleco500",SEN,"Profile_Eolica_araucania_77",1223,0,0,0,0,0,0,0,0,0,0,0,0,0,0,0.018,renewable,true,0,0,true,false,1970-01-01-00:00,true,1483,0,0,0.005062647,22.245,25,0,500,None
"Eolica_araucania_78",2029-10-01-00:00,3000-01-01-00:00,true,0,true,"Mulchen500",SEN,"Profile_Eolica_araucania_78",461,0,0,0,0,0,0,0,0,0,0,0,0,0,0,0.018,renewable,true,0,0,true,false,1970-01-01-00:00,true,1483,0,0,0.005062647,22.245,25,0,500,None
"Eolica_araucania_79",2029-10-01-00:00,3000-01-01-00:00,true,0,true,"RioMalleco500",SEN,"Profile_Eolica_araucania_79",548,0,0,0,0,0,0,0,0,0,0,0,0,0,0,0.018,renewable,true,0,0,true,false,1970-01-01-00:00,true,1483,0,0,0.005062647,22.245,25,0,500,None
"Eolica_araucania_80",2029-10-01-00:00,3000-01-01-00:00,true,0,true,"RioMalleco500",SEN,"Profile_Eolica_araucania_80",264,0,0,0,0,0,0,0,0,0,0,0,0,0,0,0.018,renewable,true,0,0,true,false,1970-01-01-00:00,true,1483,0,0,0.005062647,22.245,25,0,500,None
"Eolica_araucania_81",2029-10-01-00:00,3000-01-01-00:00,true,0,true,"Pichirropulli500",SEN,"Profile_Eolica_araucania_81",141,0,0,0,0,0,0,0,0,0,0,0,0,0,0,0.018,renewable,true,0,0,true,false,1970-01-01-00:00,true,1483,0,0,0.005062647,22.245,25,0,500,None
"Eolica_araucania_82",2029-10-01-00:00,3000-01-01-00:00,true,0,true,"Pichirropulli500",SEN,"Profile_Eolica_araucania_82",214,0,0,0,0,0,0,0,0,0,0,0,0,0,0,0.018,renewable,true,0,0,true,false,1970-01-01-00:00,true,1483,0,0,0.005062647,22.245,25,0,500,None
"Eolica_araucania_83",2029-10-01-00:00,3000-01-01-00:00,true,0,true,"Pichirropulli500",SEN,"Profile_Eolica_araucania_83",580,0,0,0,0,0,0,0,0,0,0,0,0,0,0,0.018,renewable,true,0,0,true,false,1970-01-01-00:00,true,1483,0,0,0.005062647,22.245,25,0,500,None
"Eolica_araucania_84",2029-10-01-00:00,3000-01-01-00:00,true,0,true,"Pichirropulli500",SEN,"Profile_Eolica_araucania_84",111,0,0,0,0,0,0,0,0,0,0,0,0,0,0,0.018,renewable,true,0,0,true,false,1970-01-01-00:00,true,1483,0,0,0.005062647,22.245,25,0,500,None
"Eolica_araucania_85",2029-10-01-00:00,3000-01-01-00:00,true,0,true,"RioMalleco500",SEN,"Profile_Eolica_araucania_85",58,0,0,0,0,0,0,0,0,0,0,0,0,0,0,0.018,renewable,true,0,0,true,false,1970-01-01-00:00,true,1483,0,0,0.005062647,22.245,25,0,500,None
"Eolica_araucania_86",2029-10-01-00:00,3000-01-01-00:00,true,0,true,"RioMalleco500",SEN,"Profile_Eolica_araucania_86",401,0,0,0,0,0,0,0,0,0,0,0,0,0,0,0.018,renewable,true,0,0,true,false,1970-01-01-00:00,true,1483,0,0,0.005062647,22.245,25,0,500,None
"Eolica_LosRios_87",2029-10-01-00:00,3000-01-01-00:00,true,0,true,"Pichirropulli500",SEN,"Profile_Eolica_LosRios_87",6,0,0,0,0,0,0,0,0,0,0,0,0,0,0,0.018,renewable,true,0,0,true,false,1970-01-01-00:00,true,1483,0,0,0.005062647,22.245,25,0,500,None
"Eolica_LosRios_88",2029-10-01-00:00,3000-01-01-00:00,true,0,true,"RioMalleco500",SEN,"Profile_Eolica_LosRios_88",43,0,0,0,0,0,0,0,0,0,0,0,0,0,0,0.018,renewable,true,0,0,true,false,1970-01-01-00:00,true,1483,0,0,0.005062647,22.245,25,0,500,None
"Eolica_LosRios_89",2029-10-01-00:00,3000-01-01-00:00,true,0,true,"RioMalleco500",SEN,"Profile_Eolica_LosRios_89",712,0,0,0,0,0,0,0,0,0,0,0,0,0,0,0.018,renewable,true,0,0,true,false,1970-01-01-00:00,true,1483,0,0,0.005062647,22.245,25,0,500,None
"Eolica_LosRios_90",2029-10-01-00:00,3000-01-01-00:00,true,0,true,"RioMalleco500",SEN,"Profile_Eolica_LosRios_90",369,0,0,0,0,0,0,0,0,0,0,0,0,0,0,0.018,renewable,true,0,0,true,false,1970-01-01-00:00,true,1483,0,0,0.005062647,22.245,25,0,500,None
"Eolica_LosRios_91",2029-10-01-00:00,3000-01-01-00:00,true,0,true,"RioMalleco500",SEN,"Profile_Eolica_LosRios_91",141,0,0,0,0,0,0,0,0,0,0,0,0,0,0,0.018,renewable,true,0,0,true,false,1970-01-01-00:00,true,1483,0,0,0.005062647,22.245,25,0,500,None
"Eolica_LosRios_92",2029-10-01-00:00,3000-01-01-00:00,true,0,true,"RioMalleco500",SEN,"Profile_Eolica_LosRios_92",797,0,0,0,0,0,0,0,0,0,0,0,0,0,0,0.018,renewable,true,0,0,true,false,1970-01-01-00:00,true,1483,0,0,0.005062647,22.245,25,0,500,None
"Eolica_LosRios_93",2029-10-01-00:00,3000-01-01-00:00,true,0,true,"Pichirropulli500",SEN,"Profile_Eolica_LosRios_93",550,0,0,0,0,0,0,0,0,0,0,0,0,0,0,0.018,renewable,true,0,0,true,false,1970-01-01-00:00,true,1483,0,0,0.005062647,22.245,25,0,500,None
"Eolica_LosRios_94",2029-10-01-00:00,3000-01-01-00:00,true,0,true,"Pichirropulli500",SEN,"Profile_Eolica_LosRios_94",13,0,0,0,0,0,0,0,0,0,0,0,0,0,0,0.018,renewable,true,0,0,true,false,1970-01-01-00:00,true,1483,0,0,0.005062647,22.245,25,0,500,None
"Eolica_LosRios_95",2029-10-01-00:00,3000-01-01-00:00,true,0,true,"Pichirropulli500",SEN,"Profile_Eolica_LosRios_95",58,0,0,0,0,0,0,0,0,0,0,0,0,0,0,0.018,renewable,true,0,0,true,false,1970-01-01-00:00,true,1483,0,0,0.005062647,22.245,25,0,500,None
"Eolica_LosRios_96",2029-10-01-00:00,3000-01-01-00:00,true,0,true,"Pichirropulli500",SEN,"Profile_Eolica_LosRios_96",228,0,0,0,0,0,0,0,0,0,0,0,0,0,0,0.018,renewable,true,0,0,true,false,1970-01-01-00:00,true,1483,0,0,0.005062647,22.245,25,0,500,None
"Eolica_LosRios_97",2029-10-01-00:00,3000-01-01-00:00,true,0,true,"Pichirropulli500",SEN,"Profile_Eolica_LosRios_97",152,0,0,0,0,0,0,0,0,0,0,0,0,0,0,0.018,renewable,true,0,0,true,false,1970-01-01-00:00,true,1483,0,0,0.005062647,22.245,25,0,500,None
"Eolica_LosRios_98",2029-10-01-00:00,3000-01-01-00:00,true,0,true,"Mulchen500",SEN,"Profile_Eolica_LosRios_98",469,0,0,0,0,0,0,0,0,0,0,0,0,0,0,0.018,renewable,true,0,0,true,false,1970-01-01-00:00,true,1483,0,0,0.005062647,22.245,25,0,500,None
"Eolica_LosRios_99",2029-10-01-00:00,3000-01-01-00:00,true,0,true,"RioMalleco500",SEN,"Profile_Eolica_LosRios_99",423,0,0,0,0,0,0,0,0,0,0,0,0,0,0,0.018,renewable,true,0,0,true,false,1970-01-01-00:00,true,1483,0,0,0.005062647,22.245,25,0,500,None
"Eolica_LosRios_100",2029-10-01-00:00,3000-01-01-00:00,true,0,true,"Pichirropulli500",SEN,"Profile_Eolica_LosRios_100",420,0,0,0,0,0,0,0,0,0,0,0,0,0,0,0.018,renewable,true,0,0,true,false,1970-01-01-00:00,true,1483,0,0,0.005062647,22.245,25,0,500,None
"Eolica_LosRios_101",2029-10-01-00:00,3000-01-01-00:00,true,0,true,"Pichirropulli500",SEN,"Profile_Eolica_LosRios_101",80,0,0,0,0,0,0,0,0,0,0,0,0,0,0,0.018,renewable,true,0,0,true,false,1970-01-01-00:00,true,1483,0,0,0.005062647,22.245,25,0,500,None
"Eolica_LosRios_102",2029-10-01-00:00,3000-01-01-00:00,true,0,true,"RioMalleco500",SEN,"Profile_Eolica_LosRios_102",6,0,0,0,0,0,0,0,0,0,0,0,0,0,0,0.018,renewable,true,0,0,true,false,1970-01-01-00:00,true,1483,0,0,0.005062647,22.245,25,0,500,None
"Eolica_LosRios_103",2029-10-01-00:00,3000-01-01-00:00,true,0,true,"Pichirropulli500",SEN,"Profile_Eolica_LosRios_103",128,0,0,0,0,0,0,0,0,0,0,0,0,0,0,0.018,renewable,true,0,0,true,false,1970-01-01-00:00,true,1483,0,0,0.005062647,22.245,25,0,500,None
"Eolica_LosLagos_105",2029-10-01-00:00,3000-01-01-00:00,true,0,true,"Pichirropulli500",SEN,"Profile_Eolica_LosLagos_105",38,0,0,0,0,0,0,0,0,0,0,0,0,0,0,0.018,renewable,true,0,0,true,false,1970-01-01-00:00,true,1483,0,0,0.005062647,22.245,25,0,500,None
"Eolica_LosLagos_106",2029-10-01-00:00,3000-01-01-00:00,true,0,true,"Pichirropulli500",SEN,"Profile_Eolica_LosLagos_106",182,0,0,0,0,0,0,0,0,0,0,0,0,0,0,0.018,renewable,true,0,0,true,false,1970-01-01-00:00,true,1483,0,0,0.005062647,22.245,25,0,500,None
"Eolica_LosLagos_107",2029-10-01-00:00,3000-01-01-00:00,true,0,true,"Pichirropulli500",SEN,"Profile_Eolica_LosLagos_107",75,0,0,0,0,0,0,0,0,0,0,0,0,0,0,0.018,renewable,true,0,0,true,false,1970-01-01-00:00,true,1483,0,0,0.005062647,22.245,25,0,500,None
"Eolica_LosLagos_108",2029-10-01-00:00,3000-01-01-00:00,true,0,true,"Pichirropulli500",SEN,"Profile_Eolica_LosLagos_108",60,0,0,0,0,0,0,0,0,0,0,0,0,0,0,0.018,renewable,true,0,0,true,false,1970-01-01-00:00,true,1483,0,0,0.005062647,22.245,25,0,500,None
"Eolica_LosLagos_109",2029-10-01-00:00,3000-01-01-00:00,true,0,true,"NuevaAncud500",SEN,"Profile_Eolica_LosLagos_109",645,0,0,0,0,0,0,0,0,0,0,0,0,0,0,0.018,renewable,true,0,0,true,false,1970-01-01-00:00,true,1483,0,0,0.005062647,22.245,25,0,500,None
"Eolica_LosLagos_111",2029-10-01-00:00,3000-01-01-00:00,true,0,true,"NuevaPuertoMontt500",SEN,"Profile_Eolica_LosLagos_111",18,0,0,0,0,0,0,0,0,0,0,0,0,0,0,0.018,renewable,true,0,0,true,false,1970-01-01-00:00,true,1483,0,0,0.005062647,22.245,25,0,500,None
"Eolica_LosLagos_112",2029-10-01-00:00,3000-01-01-00:00,true,0,true,"NuevaAncud500",SEN,"Profile_Eolica_LosLagos_112",1593,0,0,0,0,0,0,0,0,0,0,0,0,0,0,0.018,renewable,true,0,0,true,false,1970-01-01-00:00,true,1483,0,0,0.005062647,22.245,25,0,500,None
"Eolica_LosLagos_113",2029-10-01-00:00,3000-01-01-00:00,true,0,true,"NuevaPuertoMontt500",SEN,"Profile_Eolica_LosLagos_113",826,0,0,0,0,0,0,0,0,0,0,0,0,0,0,0.018,renewable,true,0,0,true,false,1970-01-01-00:00,true,1483,0,0,0.005062647,22.245,25,0,500,None
"Eolica_LosLagos_114",2029-10-01-00:00,3000-01-01-00:00,true,0,true,"Pichirropulli500",SEN,"Profile_Eolica_LosLagos_114",313,0,0,0,0,0,0,0,0,0,0,0,0,0,0,0.018,renewable,true,0,0,true,false,1970-01-01-00:00,true,1483,0,0,0.005062647,22.245,25,0,500,None
"Eolica_LosLagos_117",2029-10-01-00:00,3000-01-01-00:00,true,0,true,"NuevaAncud500",SEN,"Profile_Eolica_LosLagos_117",4957,0,0,0,0,0,0,0,0,0,0,0,0,0,0,0.018,renewable,true,0,0,true,false,1970-01-01-00:00,true,1483,0,0,0.005062647,22.245,25,0,500,None
"Eolica_LosLagos_118",2029-10-01-00:00,3000-01-01-00:00,true,0,true,"NuevaAncud500",SEN,"Profile_Eolica_LosLagos_118",2167,0,0,0,0,0,0,0,0,0,0,0,0,0,0,0.018,renewable,true,0,0,true,false,1970-01-01-00:00,true,1483,0,0,0.005062647,22.245,25,0,500,None
"Eolica_LosLagos_123",2029-10-01-00:00,3000-01-01-00:00,true,0,true,"NuevaAncud500",SEN,"Profile_Eolica_LosLagos_123",601,0,0,0,0,0,0,0,0,0,0,0,0,0,0,0.018,renewable,true,0,0,true,false,1970-01-01-00:00,true,1483,0,0,0.005062647,22.245,25,0,500,None
"Eolica_LosLagos_124",2029-10-01-00:00,3000-01-01-00:00,true,0,true,"NuevaAncud500",SEN,"Profile_Eolica_LosLagos_124",590,0,0,0,0,0,0,0,0,0,0,0,0,0,0,0.018,renewable,true,0,0,true,false,1970-01-01-00:00,true,1483,0,0,0.005062647,22.245,25,0,500,None
"Eolica_LosLagos_125",2029-10-01-00:00,3000-01-01-00:00,true,0,true,"NuevaAncud500",SEN,"Profile_Eolica_LosLagos_125",745,0,0,0,0,0,0,0,0,0,0,0,0,0,0,0.018,renewable,true,0,0,true,false,1970-01-01-00:00,true,1483,0,0,0.005062647,22.245,25,0,500,None
"Eolica_LosLagos_126",2029-10-01-00:00,3000-01-01-00:00,true,0,true,"NuevaPuertoMontt500",SEN,"Profile_Eolica_LosLagos_126",266,0,0,0,0,0,0,0,0,0,0,0,0,0,0,0.018,renewable,true,0,0,true,false,1970-01-01-00:00,true,1483,0,0,0.005062647,22.245,25,0,500,None
"Eolica_LosLagos_127",2029-10-01-00:00,3000-01-01-00:00,true,0,true,"NuevaPuertoMontt500",SEN,"Profile_Eolica_LosLagos_127",282,0,0,0,0,0,0,0,0,0,0,0,0,0,0,0.018,renewable,true,0,0,true,false,1970-01-01-00:00,true,1483,0,0,0.005062647,22.245,25,0,500,None
"Eolica_LosLagos_128",2029-10-01-00:00,3000-01-01-00:00,true,0,true,"NuevaPuertoMontt500",SEN,"Profile_Eolica_LosLagos_128",997,0,0,0,0,0,0,0,0,0,0,0,0,0,0,0.018,renewable,true,0,0,true,false,1970-01-01-00:00,true,1483,0,0,0.005062647,22.245,25,0,500,None
"Eolica_LosLagos_130",2029-10-01-00:00,3000-01-01-00:00,true,0,true,"NuevaPuertoMontt500",SEN,"Profile_Eolica_LosLagos_130",222,0,0,0,0,0,0,0,0,0,0,0,0,0,0,0.018,renewable,true,0,0,true,false,1970-01-01-00:00,true,1483,0,0,0.005062647,22.245,25,0,500,None
"Eolica_Antofagasta_15",2029-10-01-00:00,3000-01-01-00:00,true,0,true,"Parinas500",SEN,"Profile_Eolica_Antofagasta_15",2010,0,0,0,0,0,0,0,0,0,0,0,0,0,0,0.018,renewable,true,0,0,true,false,1970-01-01-00:00,true,1483,0,0,0.005062647,22.245,25,0,500,None
"Eolica_Antofagasta_16",2029-10-01-00:00,3000-01-01-00:00,true,0,true,"Parinas500",SEN,"Profile_Eolica_Antofagasta_16",1439,0,0,0,0,0,0,0,0,0,0,0,0,0,0,0.018,renewable,true,0,0,true,false,1970-01-01-00:00,true,1483,0,0,0.005062647,22.245,25,0,500,None
