name,start_time,end_time,report,coordinates,connected,busbar,control_areas,hydro_group_name,use_pump_mode,pmax,pmin,pmax_pump,pmin_pump,pump_reserve_mode,rpmax_up,rpmax_down,rsmax_up,rsmax_down,rtmax_up,rtmax_down,pcost_rp_up,pcost_rs_up,pcost_rt_up,pcost_rp_down,pcost_rs_down,pcost_rt_down,vomc_avg,eff,eff_poly,eff_pump,performance_curve,use_performance_curve,auxserv,flex,uc_linear,rampup,rampdn,startcost,shutdncost,mindntime,minuptime,is_ncre,forced_commit,initialstate,initialtime,unavailability,use_ds71_2016,candidate,gen_recourse,gen_recourse_start_time,dimensioned,gen_inv_cost,initial_investment,recog_pot,forced_outage_rate,fom_cost,lifetime,inertia,voltage,owner
"Los Hierros 2",2018-01-01-00:00,2060-01-01-00:00,true,0,true,"Ancoa500",SEN,"HG_Los Hierros 2",false,6,0,100,0,no,0,0,0,0,0,0,0,0,0,0,0,0,0,0.24,1,1,0,false,0.001785714,flexible,false,100,100,0,0,0,0,true,0,off,0,0.054794521,false,false,false,1970-01-01-00:00,false,0,0,1,0.019490273,0,50,5.7,500,None
"Ojos de Agua",2018-01-01-00:00,2060-01-01-00:00,true,0,true,"Ancoa500",SEN,"HG_Ojos de Agua",false,9,0,100,0,no,0,0,0,0,0,0,0,0,0,0,0,0,0,0.58,1,1,0,false,0.0017,flexible,false,100,100,0,0,0,0,true,0,off,0,0.054794521,false,false,false,1970-01-01-00:00,false,0,0,1,0.007088459,0,50,12.5,500,None
"Abanico",2018-01-01-00:00,2060-01-01-00:00,true,0,true,"Concepcion500",SEN,"HG_Abanico",false,136,0,100,0,no,0,0,0,0,0,0,0,0,0,0,0,0,0,1.2,1,1,0,false,0.0031,flexible,false,100,100,0,0,0,0,false,0,off,0,0.054794521,false,false,false,1970-01-01-00:00,false,0,0,1,0.008125937,0,50,220,500,None
"San Clemente",2018-01-01-00:00,2060-01-01-00:00,true,0,true,"Ancoa500",SEN,"HG_San Clemente",false,5.883,0,100,0,no,0,0,0,0,0,0,0,0,0,0,0,0,0,0.32,1,1,0,false,0.0025,flexible,false,100,100,0,0,0,0,true,0,off,0,0.054794521,false,false,false,1970-01-01-00:00,false,0,0,1,0.037580685,0,50,22.5,500,None
"Robleria",2018-01-01-00:00,2060-01-01-00:00,true,0,true,"Ancoa500",SEN,"HG_Robleria",false,3.9908,0,100,0,no,0,0,0,0,0,0,0,0,0,0,0,0,0,1.11,1,1,0,false,0.0023,flexible,false,100,100,0,0,0,0,true,0,off,0,0.054794521,false,false,false,1970-01-01-00:00,false,0,0,1,0.008509069,0,50,7.2,500,None
"Chacayes",2018-01-01-00:00,2060-01-01-00:00,true,0,true,"Ancoa500",SEN,"HG_Chacayes",false,111.7,0,100,0,no,0,0,0,0,0,0,0,0,0,0,0,0,0,1.54,1,1,0,false,0.0025,flexible,false,100,100,0,0,0,0,false,0,off,0,0.054794521,false,false,false,1970-01-01-00:00,false,0,0,1,0.03150666,0,50,289.2,500,None
"Chacabuquito",2018-01-01-00:00,2060-01-01-00:00,true,0,true,"Polpaico500",SEN,"HG_Chacabuquito",false,25.6358,0,100,0,no,0,0,0,0,0,0,0,0,0,0,0,0,0,1.22,1,1,0,false,0.0025,flexible,false,100,100,0,0,0,0,false,0,off,0,0.054794521,false,false,false,1970-01-01-00:00,false,0,0,1,0.008549055,0,50,24.1,500,None
"Confluencia",2018-01-01-00:00,2019-02-01-00:00,true,0,true,"Ancoa500",SEN,"HG_Confluencia",false,162.384,0,100,0,no,0,0,0,0,0,0,0,0,0,0,0,0,0,3.11,1,1,0,false,0.0025,flexible,false,100,100,0,0,0,0,false,0,off,0,0.054794521,false,false,false,1970-01-01-00:00,false,0,0,1,0.033428185,0,50,735.7,500,None
"Angostura",2018-01-01-00:00,2060-01-01-00:00,true,0,true,"Mulchen500",SEN,"HG_Angostura",false,281.2060982,36,100,0,no,9.63,9.63,285,285,0,0,0,0,0,0,0,0,0,0.43,1,1,0,false,0.008647313,stage_block_scenario,false,100,100,0,0,0,0,false,0,off,0,0.054794521,false,false,false,1970-01-01-00:00,false,0,0,1,0.002420328,0,50,1422.4,500,None
"Blanco",2018-01-01-00:00,2060-01-01-00:00,true,0,true,"Polpaico500",SEN,"HG_Blanco",false,52.8675,0,100,0,no,0,0,0,0,0,0,0,0,0,0,0,0,0,5.76,1,1,0,false,0.0025,flexible,false,100,100,0,0,0,0,false,0,off,0,0.054794521,false,false,false,1970-01-01-00:00,false,0,0,1,0.028860843,0,50,162.1,500,None
"Curillinque",2018-01-01-00:00,2060-01-01-00:00,true,0,true,"Ancoa500",SEN,"HG_Curillinque",false,89,0.5,100,0,no,8.9,8.9,88.9,88.9,0,0,0,0,0,0,0,0,0,1.01,1,1,0,false,0.0025,stage_block_scenario,false,100,100,0,0,0,0,false,0,off,0,0.054794521,false,false,false,1970-01-01-00:00,false,0,0,1,0.01390948,0,50,316.8,500,None
"Juncalito",2018-01-01-00:00,2060-01-01-00:00,true,0,true,"Polpaico500",SEN,"HG_Juncalito",false,1.52,0,100,0,no,0,0,0,0,0,0,0,0,0,0,0,0,0,2.2,1,1,0,false,0.026618106,flexible,false,100,100,0,0,0,0,true,0,off,0,0.054794521,false,false,false,1970-01-01-00:00,false,0,0,1,0.019013506,0,50,79.5,500,None
"Juncal",2018-01-01-00:00,2060-01-01-00:00,true,0,true,"Polpaico500",SEN,"HG_Juncal",false,29.127,0,100,0,no,0,0,0,0,0,0,0,0,0,0,0,0,0,2.2,1,1,0,false,0.0025,flexible,false,100,100,0,0,0,0,false,0,off,0,0.054794521,false,false,false,1970-01-01-00:00,false,0,0,1,0.044072423,0,50,79.5,500,None
"Isla",2018-01-01-00:00,2060-01-01-00:00,true,0,true,"Ancoa500",SEN,"HG_Isla",false,68,0,100,0,no,0,0,0,0,0,0,0,0,0,0,0,0,0,0.81,1,1,0,false,0.0017,flexible,false,100,100,0,0,0,0,false,0,off,0,0.054794521,false,false,false,1970-01-01-00:00,false,0,0,1,0.010861165,0,50,372.2,500,None
"Hornitos",2018-01-01-00:00,2060-01-01-00:00,true,0,true,"Polpaico500",SEN,"HG_Hornitos",false,60.8475,0,100,0,no,0,0,0,0,0,0,0,0,0,0,0,0,0,5,1,1,0,false,0.0025,flexible,false,100,100,0,0,0,0,false,0,off,0,0.054794521,false,false,false,1970-01-01-00:00,false,0,0,1,0.008823218,0,50,161.5,500,None
"Loma Alta",2018-01-01-00:00,2060-01-01-00:00,true,0,true,"Ancoa500",SEN,"HG_Loma Alta",false,38,0,100,0,no,0,0,0,0,0,0,0,0,0,0,0,0,0,0.45,1,1,0,false,0.0017,flexible,false,100,100,0,0,0,0,false,0,off,0,0.054794521,false,false,false,1970-01-01-00:00,false,0,0,1,0.001792912,0,50,105.2,500,None
"Laja I",2018-01-01-00:00,2020-11-01-00:00,true,0,true,"Concepcion500",SEN,"HG_Laja I",false,34.056,0,100,0,no,0,0,0,0,0,0,0,0,0,0,0,0,0,0.14,1,1,0,false,0.0105,flexible,false,100,100,0,0,0,0,false,0,off,0,0.054794521,false,false,false,1970-01-01-00:00,false,0,0,1,0.032719406,0,50,104.7,500,None
"La Higuera",2018-01-01-00:00,2019-02-01-00:00,true,0,true,"Ancoa500",SEN,"HG_La Higuera",false,154.6125,0,100,0,no,0,0,0,0,0,0,0,0,0,0,0,0,0,3.12,1,1,0,false,0.0025,flexible,false,100,100,0,0,0,0,false,0,off,0,0.054794521,false,false,false,1970-01-01-00:00,false,0,0,1,0.049460459,0,50,655.9,500,None
"Palmucho",2018-01-01-00:00,2060-01-01-00:00,true,0,true,"Concepcion500",SEN,"HG_Palmucho",false,32,30,100,0,no,0,0,0,0,0,0,0,0,0,0,0,0,0,1.14,1,1,0,false,0.0015,stage_block_scenario,false,100,100,0,0,0,0,false,0,off,0,0.054794521,false,false,false,1970-01-01-00:00,false,0,0,1,0.024050056,0,50,73.2,500,None
"Los Quilos",2018-01-01-00:00,2060-01-01-00:00,true,0,true,"Polpaico500",SEN,"HG_Los Quilos",false,39.8003,0,100,0,no,0,0,0,0,0,0,0,0,0,0,0,0,0,1.9,1,1,0,false,0.0025,flexible,false,100,100,0,0,0,0,false,0,off,0,0.054794521,false,false,false,1970-01-01-00:00,false,0,0,1,0.007769836,0,50,99.2,500,None
"Los Hierros",2018-01-01-00:00,2060-01-01-00:00,true,0,true,"Ancoa500",SEN,"HG_Los Hierros",false,25,0,100,0,no,0,0,0,0,0,0,0,0,0,0,0,0,0,0.96,1,1,0,false,0.002394254,flexible,false,100,100,0,0,0,0,false,0,off,0,0.054794521,false,false,false,1970-01-01-00:00,false,0,0,1,0.052743672,0,50,34.3,500,None
"Rucue",2018-01-01-00:00,2060-01-01-00:00,true,0,true,"Concepcion500",SEN,"HG_Rucue",false,169,16,100,0,no,30.42,30.42,0,0,0,0,0,0,0,0,0,0,0,1.28,1,1,0,false,0.0015,stage_block_scenario,false,100,100,0,0,0,0,false,0,off,0,0.054794521,false,false,false,1970-01-01-00:00,false,0,0,1,0.013344525,0,50,708.7,500,None
"San Ignacio",2018-01-01-00:00,2060-01-01-00:00,true,0,true,"Ancoa500",SEN,"HG_San Ignacio",false,37,0,100,0,no,0,0,0,0,0,0,0,0,0,0,0,0,0,0.19,1,1,0,false,0.0023,flexible,false,100,100,0,0,0,0,false,0,off,0,0.054794521,false,false,false,1970-01-01-00:00,false,0,0,1,0.000954676,0,50,105,500,None
"Quilleco",2018-01-01-00:00,2060-01-01-00:00,true,0,true,"Concepcion500",SEN,"HG_Quilleco",false,70,0,100,0,no,0,0,0,0,0,0,0,0,0,0,0,0,0,0.55,1,1,0,false,0.0021,flexible,false,100,100,0,0,0,0,false,0,off,0,0.054794521,false,false,false,1970-01-01-00:00,false,0,0,1,0.00000515,0,50,218.9,500,None
"La Mina",2018-01-01-00:00,2060-01-01-00:00,true,0,true,"Ancoa500",SEN,"HG_La Mina",false,36.73,0,100,0,no,0,0,0,0,0,0,0,0,0,0,0,0,0,0.57,1,1,0,false,0.011571582,flexible,false,100,100,0,0,0,0,false,0,off,0,0.054794521,false,false,false,1970-01-01-00:00,false,0,0,1,0.0195282,0,50,370.1,500,None
"Los Condores",2023-12-01-00:00,2060-01-01-00:00,true,0,true,"Ancoa500",SEN,"HG_Los Condores",false,150,15,100,0,no,18,18,135,135,0,0,0,0,0,0,0,0,0,6,1,1,0,false,0.004784734,stage_block_scenario,false,100,100,0,0,0,0,false,0,off,0,0.054794521,false,false,false,1970-01-01-00:00,false,0,0,1,0.0195282,0,50,555,500,None
"Antuco",2018-01-01-00:00,2060-01-01-00:00,true,0,true,"Concepcion500",SEN,"HG_Antuco",false,320,80,100,0,no,64,64,240,240,0,0,0,0,0,0,0,0,0,1.6,1,1,0,false,0.0026,stage_block_scenario,false,100,100,0,0,0,0,false,0,off,0,0.054794521,false,false,false,1970-01-01-00:00,false,0,0,1,0.005040951,0,50,1504,500,None
"El Toro",2018-01-01-00:00,2060-01-01-00:00,true,0,true,"Concepcion500",SEN,"HG_El Toro",false,400.4517222,0.5,100,0,no,98.71,98.71,448.6,448.6,0,0,0,0,0,0,0,0,0,4.8,1,1,0,false,0.0028,stage_block_scenario,false,100,100,0,0,0,0,false,0,off,0,0.065753425,false,false,false,1970-01-01-00:00,false,0,0,1,0.004047539,0,50,1210.5,500,None
"Colbun",2018-01-01-00:00,2060-01-01-00:00,true,0,true,"Ancoa500",SEN,"HG_Colbun",false,409.3506494,100,100,0,no,20.47,20.47,309.35,309.35,0,0,0,0,0,0,0,0,0,1.53,1,1,0,false,0.0025,stage_block_scenario,false,100,100,0,0,0,0,false,0,off,0,0.065753425,false,false,false,1970-01-01-00:00,false,0,0,1,0.008563321,0,50,1903,500,None
"Cipreses",2018-01-01-00:00,2060-01-01-00:00,true,0,true,"Ancoa500",SEN,"HG_Cipreses",false,93.43873518,0.5,100,0,no,5.61,5.61,93.34,93.34,0,0,0,0,0,0,0,0,0,2.76,1,1,0,false,0.0017,stage_block_scenario,false,100,100,0,0,0,0,false,0,off,0,0.065753425,false,false,false,1970-01-01-00:00,false,0,0,1,0.025481866,0,50,345,500,None
"Canutillar",2018-01-01-00:00,2060-01-01-00:00,true,0,true,"NuevaPuertoMontt500",SEN,"HG_Canutillar",false,150.391869,40,100,0,no,37.73,37.73,131.5,131.5,0,0,0,0,0,0,0,0,0,1.99,1,1,0,false,0.0025,stage_block_scenario,false,100,100,0,0,0,0,false,0,off,0,0.065753425,false,false,false,1970-01-01-00:00,false,0,0,1,0.007526558,0,50,448,500,None
"Machicura",2018-01-01-00:00,2060-01-01-00:00,true,0,true,"AltoJahuel500",SEN,"HG_Machicura",false,97,36,100,0,no,0,0,61,61,0,0,0,0,0,0,0,0,0,0.33,1,1,0,false,0.0025,stage_block_scenario,false,100,100,0,0,0,0,false,0,off,0,0.054794521,false,false,false,1970-01-01-00:00,false,0,0,1,0.000303262,0,50,313.1,500,None
"Rapel",2018-01-01-00:00,2060-01-01-00:00,true,0,true,"Rapel500",SEN,"HG_Rapel",false,311.4624506,40,100,0,no,94,94,336,336,0,0,0,0,0,0,0,0,0,0.63,1,1,0,false,0.0036,stage_block_scenario,false,100,100,0,0,0,0,false,0,off,0,0.065753425,false,false,false,1970-01-01-00:00,false,0,0,1,0.020869661,0,50,1520,500,None
"Ralco",2018-01-01-00:00,2060-01-01-00:00,true,0,true,"Mulchen500",SEN,"HG_Ralco",false,587.3291925,90,100,0,no,34.4,34.4,598,598,0,0,0,0,0,0,0,0,0,1.58,1,1,0,false,0.0015,stage_block_scenario,false,100,100,0,0,0,0,false,0,off,0,0.065753425,false,false,false,1970-01-01-00:00,false,0,0,1,0.006861335,0,50,2387.9,500,None
"Pehuenche",2018-01-01-00:00,2060-01-01-00:00,true,0,true,"Ancoa500",SEN,"HG_Pehuenche",false,498.3399209,120,100,0,no,51.12,51.12,448,448,0,0,0,0,0,0,0,0,0,1.77,1,1,0,false,0.003,stage_block_scenario,false,100,100,0,0,0,0,false,0,off,0,0.065753425,false,false,false,1970-01-01-00:00,false,0,0,1,0.013747981,0,50,2320,500,None
"Pangue",2018-01-01-00:00,2060-01-01-00:00,true,0,true,"Mulchen500",SEN,"HG_Pangue",false,420.0293619,50,100,0,no,29.4,29.4,370.03,370.03,0,0,0,0,0,0,0,0,0,0.85,1,1,0,false,0.0025,stage_block_scenario,false,100,100,0,0,0,0,false,0,off,0,0.065753425,false,false,false,1970-01-01-00:00,false,0,0,1,0.03134062,0,50,1848,500,None
"Chiburgo",2018-01-01-00:00,2060-01-01-00:00,true,0,true,"AltoJahuel500",SEN,"HG_Chiburgo",false,19.4,0,100,0,no,0,0,0,0,0,0,0,0,0,0,0,0,0,0.97,1,1,0,false,0.0125,flexible,false,100,100,0,0,0,0,true,0,off,0,0.054794521,false,false,false,1970-01-01-00:00,false,0,0,1,0.007554529,0,50,84.5,500,None
"Alfalfal",2026-01-01-00:00,2060-01-01-00:00,true,0,true,"AltoJahuel500",SEN,"HG_Alfalfal",false,178,0.5,100,0,no,30.19,30.19,0,0,0,0,0,0,0,0,0,0,0,5.94,1,1,0,false,0.0025,stage_block_scenario,false,0,100,0,0,0,0,false,0,off,0,0.054794521,false,false,false,1970-01-01-00:00,false,0,0,1,0.003928035,0,50,503.5,500,None
"Allip�n",2018-01-01-00:00,2060-01-01-00:00,true,0,true,"Mulchen500",SEN,"HG_Allip�n",false,2.6,0,100,0,no,0,0,0,0,0,0,0,0,0,0,0,0,0,1,1,1,0,false,0.026618106,flexible,false,0,100,0,0,0,0,true,0,off,0,0.054794521,false,false,false,1970-01-01-00:00,false,0,0,1,0.016068944,0,50,4.7,500,None
"Alto Renaico",2018-01-01-00:00,2060-01-01-00:00,true,0,true,"Concepcion500",SEN,"HG_Alto Renaico",false,1.3786,0,100,0,no,0,0,0,0,0,0,0,0,0,0,0,0,0,1,1,1,0,false,0.014,flexible,false,0,100,0,0,0,0,true,0,off,0,0.054794521,false,false,false,1970-01-01-00:00,false,0,0,1,0.019013506,0,50,0.9,500,None
"Ancoa",2018-01-01-00:00,2060-01-01-00:00,true,0,true,"Ancoa500",SEN,"HG_Ancoa",false,24.113,0,100,0,no,0,0,0,0,0,0,0,0,0,0,0,0,0,0.95,1,1,0,false,0.022023037,flexible,false,0,100,0,0,0,0,false,0,off,0,0.054794521,false,false,false,1970-01-01-00:00,false,0,0,1,0.01480486,0,50,278.7,500,None
"Arrayan",2018-01-01-00:00,2060-01-01-00:00,true,0,true,"AltoJahuel500",SEN,"HG_Arrayan",false,1.125,0,100,0,no,0,0,0,0,0,0,0,0,0,0,0,0,0,1,1,1,0,false,0.004784734,flexible,false,0,100,0,0,0,0,false,0,off,0,0.054794521,false,false,false,1970-01-01-00:00,false,0,0,1,0.01460564,0,50,0,500,None
"Auxiliar del Maipo",2018-01-01-00:00,2060-01-01-00:00,true,0,true,"AltoJahuel500",SEN,"HG_Auxiliar del Maipo",false,5.0745,0,100,0,no,0,0,0,0,0,0,0,0,0,0,0,0,0,1,1,1,0,false,0.005,flexible,false,0,100,0,0,0,0,true,0,off,0,0.054794521,false,false,false,1970-01-01-00:00,false,0,0,1,0.004722585,0,50,9.1,500,None
"Boquiamargo",2018-01-01-00:00,2060-01-01-00:00,true,0,true,"Concepcion500",SEN,"HG_Boquiamargo",false,0.99,0,100,0,no,0,0,0,0,0,0,0,0,0,0,0,0,0,1,1,1,0,false,0.0095,flexible,false,0,100,0,0,0,0,true,0,off,0,0.054794521,false,false,false,1970-01-01-00:00,false,0,0,1,0.000251794,0,50,2,500,None
"Bureo",2018-01-01-00:00,2060-01-01-00:00,true,0,true,"Concepcion500",SEN,"HG_Bureo",false,2.2,0,100,0,no,0,0,0,0,0,0,0,0,0,0,0,0,0,1,1,1,0,false,0.026618106,flexible,false,0,100,0,0,0,0,true,0,off,0,0.054794521,false,false,false,1970-01-01-00:00,false,0,0,1,0.019013506,0,50,4,500,None
"Caliboro",2018-01-01-00:00,2060-01-01-00:00,true,0,true,"Concepcion500",SEN,"HG_Caliboro",false,1.35,0,100,0,no,0,0,0,0,0,0,0,0,0,0,0,0,0,1,1,1,0,false,0.068965517,flexible,false,0,100,0,0,0,0,true,0,off,0,0.054794521,false,false,false,1970-01-01-00:00,false,0,0,1,0.01460564,0,50,0,500,None
"CH Callao",2018-01-01-00:00,2060-01-01-00:00,true,0,true,"Pichirropulli500",SEN,"HG_CH Callao",false,3.2918,0,100,0,no,0,0,0,0,0,0,0,0,0,0,0,0,0,1,1,1,0,false,0.0025,flexible,false,0,100,0,0,0,0,true,0,off,0,0.054794521,false,false,false,1970-01-01-00:00,false,0,0,1,0.025913327,0,50,9.7,500,None
"Capullo",2018-01-01-00:00,2060-01-01-00:00,true,0,true,"Pichirropulli500",SEN,"HG_Capullo",false,11.8432,0,100,0,no,0,0,0,0,0,0,0,0,0,0,0,0,0,1,1,1,0,false,0.01307,flexible,false,0,100,0,0,0,0,true,0,off,0,0.054794521,false,false,false,1970-01-01-00:00,false,0,0,1,0.003777336,0,50,57.5,500,None
"Carena",2018-01-01-00:00,2060-01-01-00:00,true,0,true,"Polpaico500",SEN,"HG_Carena",false,8.4,0,100,0,no,0,0,0,0,0,0,0,0,0,0,0,0,0,1,1,1,0,false,0.16,flexible,false,0,100,0,0,0,0,true,0,off,0,0.054794521,false,false,false,1970-01-01-00:00,false,0,0,1,0.059943172,0,50,16.2,500,None
"Carilafqu�n",2018-01-01-00:00,2060-01-01-00:00,true,0,true,"Mulchen500",SEN,"HG_Carilafqu�n",false,19.2357,0,100,0,no,0,0,0,0,0,0,0,0,0,0,0,0,0,1,1,1,0,false,0.026618106,flexible,false,0,100,0,0,0,0,true,0,off,0,0.054794521,false,false,false,1970-01-01-00:00,false,0,0,1,0.041289675,0,50,101.6,500,None
"Chanleufu",2018-01-01-00:00,2060-01-01-00:00,true,0,true,"Pichirropulli500",SEN,"HG_Chanleufu",false,3.4,0,100,0,no,0,0,0,0,0,0,0,0,0,0,0,0,0,1,1,1,0,false,0.026618106,flexible,false,0,100,0,0,0,0,true,0,off,0,0.054794521,false,false,false,1970-01-01-00:00,false,0,0,1,0.01994781,0,50,15.1,500,None
"Collil",2018-01-01-00:00,2060-01-01-00:00,true,0,true,"NuevaPuertoMontt500",SEN,"HG_Collil",false,12.297,0,100,0,no,0,0,0,0,0,0,0,0,0,0,0,0,0,1,1,1,0,false,0.005040323,flexible,false,0,100,0,0,0,0,true,0,off,0,0.054794521,false,false,false,1970-01-01-00:00,false,0,0,1,0.00164645,0,50,12.5,500,None
"Contra",2018-01-01-00:00,2060-01-01-00:00,true,0,true,"Pichirropulli500",SEN,"HG_Contra",false,0.328,0,100,0,no,0,0,0,0,0,0,0,0,0,0,0,0,0,1,1,1,0,false,0.006060606,flexible,false,0,100,0,0,0,0,true,0,off,0,0.054794521,false,false,false,1970-01-01-00:00,false,0,0,1,0.019013506,0,50,0.6,500,None
"Coya",2018-01-01-00:00,2060-01-01-00:00,true,0,true,"Ancoa500",SEN,"HG_Coya",false,11.9724,0,100,0,no,0,0,0,0,0,0,0,0,0,0,0,0,0,1,1,1,0,false,0.0023,flexible,false,0,100,0,0,0,0,true,0,off,0,0.054794521,false,false,false,1970-01-01-00:00,false,0,0,1,0.081716243,0,50,15.9,500,None
"Cumpeo",2018-01-01-00:00,2060-01-01-00:00,true,0,true,"Ancoa500",SEN,"HG_Cumpeo",false,5.75,0,100,0,no,0,0,0,0,0,0,0,0,0,0,0,0,0,1,1,1,0,false,0.026618106,flexible,false,0,100,0,0,0,0,true,0,off,0,0.054794521,false,false,false,1970-01-01-00:00,false,0,0,1,0.01186801,0,50,10.4,500,None
"Curileufu",2018-01-01-00:00,2060-01-01-00:00,true,0,true,"Pichirropulli500",SEN,"HG_Curileufu",false,0.221,0,100,0,no,0,0,0,0,0,0,0,0,0,0,0,0,0,1,1,1,0,false,0.026618106,flexible,false,0,100,0,0,0,0,true,0,off,0,0.054794521,false,false,false,1970-01-01-00:00,false,0,0,1,0.019880426,0,50,0.4,500,None
"Don Walterio",2018-01-01-00:00,2060-01-01-00:00,true,0,true,"Pichirropulli500",SEN,"HG_Don Walterio",false,2.9456,0,100,0,no,0,0,0,0,0,0,0,0,0,0,0,0,0,1,1,1,0,false,0.001495886,flexible,false,0,100,0,0,0,0,true,0,off,0,0.054794521,false,false,false,1970-01-01-00:00,false,0,0,1,0.009796398,0,50,5.3,500,None
"Dongo",2018-01-01-00:00,2060-01-01-00:00,true,0,true,"NuevaPuertoMontt500",SEN,"HG_Dongo",false,5.9976,0,100,0,no,0,0,0,0,0,0,0,0,0,0,0,0,0,1,1,1,0,false,0.000393626,flexible,false,0,100,0,0,0,0,true,0,off,0,0.054794521,false,false,false,1970-01-01-00:00,false,0,0,1,0.003807456,0,50,10.8,500,None
"Donguil",2018-01-01-00:00,2060-01-01-00:00,true,0,true,"Mulchen500",SEN,"HG_Donguil",false,0.248,0,100,0,no,0,0,0,0,0,0,0,0,0,0,0,0,0,1,1,1,0,false,0.0025,flexible,false,0,100,0,0,0,0,true,0,off,0,0.054794521,false,false,false,1970-01-01-00:00,false,0,0,1,0.006333799,0,50,0.5,500,None
"Do�a Hilda",2018-01-01-00:00,2060-01-01-00:00,true,0,true,"Pichirropulli500",SEN,"HG_Do�a Hilda",false,0.419,0,100,0,no,0,0,0,0,0,0,0,0,0,0,0,0,0,1,1,1,0,false,0.0025,flexible,false,0,100,0,0,0,0,true,0,off,0,0.054794521,false,false,false,1970-01-01-00:00,false,0,0,1,0.001502209,0,50,0.8,500,None
"Dos Valles_RBC",2021-12-01-00:00,2060-01-01-00:00,true,0,true,"Ancoa500",SEN,"HG_Dos Valles_RBC",false,3,0,100,0,no,0,0,0,0,0,0,0,0,0,0,0,0,0,1,1,1,0,false,0.010169492,flexible,false,0,100,0,0,0,0,true,0,off,0,0.054794521,false,false,false,1970-01-01-00:00,false,0,0,1,0.019013506,0,50,5.4,500,None
"El Agrio",2018-01-01-00:00,2060-01-01-00:00,true,0,true,"Mulchen500",SEN,"HG_El Agrio",false,2.4974,0,100,0,no,0,0,0,0,0,0,0,0,0,0,0,0,0,1,1,1,0,false,0.026618106,flexible,false,0,100,0,0,0,0,true,0,off,0,0.054794521,false,false,false,1970-01-01-00:00,false,0,0,1,0.016608213,0,50,4.5,500,None
"El Arrayan",2018-01-01-00:00,2060-01-01-00:00,true,0,true,"Pichirropulli500",SEN,"HG_El Arrayan",false,0.15,0,100,0,no,0,0,0,0,0,0,0,0,0,0,0,0,0,1,1,1,0,false,0.026618106,flexible,false,0,100,0,0,0,0,true,0,off,0,0.054794521,false,false,false,1970-01-01-00:00,false,0,0,1,0.019141742,0,50,0.3,500,None
"El Canelo",2018-01-01-00:00,2060-01-01-00:00,true,0,true,"Mulchen500",SEN,"HG_El Canelo",false,6.04,0,100,0,no,0,0,0,0,0,0,0,0,0,0,0,0,0,1,1,1,0,false,0.026618106,flexible,false,0,100,0,0,0,0,true,0,off,0,0.054794521,false,false,false,1970-01-01-00:00,false,0,0,1,0.020827099,0,50,10.9,500,None
"El Colorado",2018-01-01-00:00,2060-01-01-00:00,true,0,true,"NuevaPuertoMontt500",SEN,"HG_El Colorado",false,1.99,0,100,0,no,0,0,0,0,0,0,0,0,0,0,0,0,0,1,1,1,0,false,0.026618106,flexible,false,0,100,0,0,0,0,true,0,off,0,0.054794521,false,false,false,1970-01-01-00:00,false,0,0,1,0.010692128,0,50,0,500,None
"El Diuto",2018-01-01-00:00,2060-01-01-00:00,true,0,true,"Concepcion500",SEN,"HG_El Diuto",false,3.2918,0,100,0,no,0,0,0,0,0,0,0,0,0,0,0,0,0,0.16,1,1,0,false,0.0025,flexible,false,0,100,0,0,0,0,true,0,off,0,0.054794521,false,false,false,1970-01-01-00:00,false,0,0,1,0.029412979,0,50,5.9,500,None
"El Galpon",2018-01-01-00:00,2060-01-01-00:00,true,0,true,"Ancoa500",SEN,"HG_El Galpon",false,1.2858,0,100,0,no,0,0,0,0,0,0,0,0,0,0,0,0,0,1,1,1,0,false,0.026618106,flexible,false,0,100,0,0,0,0,true,0,off,0,0.054794521,false,false,false,1970-01-01-00:00,false,0,0,1,0.011165411,0,50,2.3,500,None
"El Llano",2018-01-01-00:00,2060-01-01-00:00,true,0,true,"AltoJahuel500",SEN,"HG_El Llano",false,1.9079,0,100,0,no,0,0,0,0,0,0,0,0,0,0,0,0,0,1,1,1,0,false,0.0058,flexible,false,0,100,0,0,0,0,true,0,off,0,0.054794521,false,false,false,1970-01-01-00:00,false,0,0,1,0.017809476,0,50,3.4,500,None
"El Manzano",2018-01-01-00:00,2060-01-01-00:00,true,0,true,"Mulchen500",SEN,"HG_El Manzano",false,4.85,0,100,0,no,0,0,0,0,0,0,0,0,0,0,0,0,0,1,1,1,0,false,0.026618106,flexible,false,0,100,0,0,0,0,true,0,off,0,0.054794521,false,false,false,1970-01-01-00:00,false,0,0,1,0.006783479,0,50,18,500,None
"El Mirador",2018-01-01-00:00,2060-01-01-00:00,true,0,true,"Concepcion500",SEN,"HG_El Mirador",false,3,0,100,0,no,0,0,0,0,0,0,0,0,0,0,0,0,0,1,1,1,0,false,0.026618106,flexible,false,0,100,0,0,0,0,true,0,off,0,0.054794521,false,false,false,1970-01-01-00:00,false,0,0,1,0.007190924,0,50,5.4,500,None
"El Paso",2018-01-01-00:00,2019-02-01-00:00,true,0,true,"Ancoa500",SEN,"HG_El Paso",false,59.64,0,100,0,no,0,0,0,0,0,0,0,0,0,0,0,0,0,1,1,1,0,false,0.005,flexible,false,0,100,0,0,0,0,false,0,off,0,0.054794521,false,false,false,1970-01-01-00:00,false,0,0,1,0.015771875,0,50,185.6,500,None
"El Rinc�n",2018-01-01-00:00,2060-01-01-00:00,true,0,true,"AltoJahuel500",SEN,"HG_El Rinc�n",false,0.284665,0,100,0,no,0,0,0,0,0,0,0,0,0,0,0,0,0,1,1,1,0,false,0.015,flexible,false,0,100,0,0,0,0,true,0,off,0,0.054794521,false,false,false,1970-01-01-00:00,false,0,0,1,0.020609797,0,50,0.5,500,None
"El T�rtaro",2018-01-01-00:00,2060-01-01-00:00,true,0,true,"Quillota500",SEN,"HG_El T�rtaro",false,0.1037,0,100,0,no,0,0,0,0,0,0,0,0,0,0,0,0,0,1,1,1,0,false,0.0025,flexible,false,0,100,0,0,0,0,true,0,off,0,0.054794521,false,false,false,1970-01-01-00:00,false,0,0,1,0.019013506,0,50,0.2,500,None
"Ensenada",2018-01-01-00:00,2060-01-01-00:00,true,0,true,"NuevaPuertoMontt500",SEN,"HG_Ensenada",false,1.2,0,100,0,no,0,0,0,0,0,0,0,0,0,0,0,0,0,1.66,1,1,0,false,0.026618106,flexible,false,0,100,0,0,0,0,true,0,off,0,0.054794521,false,false,false,1970-01-01-00:00,false,0,0,1,0.019013506,0,50,2.2,500,None
"Eyzaguirre",2018-01-01-00:00,2060-01-01-00:00,true,0,true,"AltoJahuel500",SEN,"HG_Eyzaguirre",false,1.8715,0,100,0,no,0,0,0,0,0,0,0,0,0,0,0,0,0,1,1,1,0,false,0.015,flexible,false,0,100,0,0,0,0,true,0,off,0,0.054794521,false,false,false,1970-01-01-00:00,false,0,0,1,0.022179124,0,50,3.4,500,None
"Florida",2018-01-01-00:00,2060-01-01-00:00,true,0,true,"AltoJahuel500",SEN,"HG_Florida",false,28.4,0,100,0,no,0,0,0,0,0,0,0,0,0,0,0,0,0,1,1,1,0,false,0.0022,flexible,false,0,100,0,0,0,0,false,0,off,0,0.054794521,false,false,false,1970-01-01-00:00,false,0,0,1,0.021185372,0,50,57,500,None
"Guayacan",2018-01-01-00:00,2020-12-01-00:00,true,0,true,"AltoJahuel500",SEN,"HG_Guayacan",false,11.8432,0,100,0,no,0,0,0,0,0,0,0,0,0,0,0,0,0,1,1,1,0,false,0.01307,flexible,false,0,100,0,0,0,0,true,0,off,0,0.054794521,false,false,false,1970-01-01-00:00,false,0,0,1,0.004776348,0,50,60,500,None
"Hidrori�inahue",2018-01-01-00:00,2060-01-01-00:00,true,0,true,"Pichirropulli500",SEN,"HG_Hidrori�inahue",false,1,0,100,0,no,0,0,0,0,0,0,0,0,0,0,0,0,0,1,1,1,0,false,0.1,flexible,false,0,100,0,0,0,0,true,0,off,0,0.054794521,false,false,false,1970-01-01-00:00,false,0,0,1,0.01460564,0,50,1.8,500,None
"Itata",2018-01-01-00:00,2060-01-01-00:00,true,0,true,"Concepcion500",SEN,"HG_Itata",false,19.43,0,100,0,no,0,0,0,0,0,0,0,0,0,0,0,0,0,0.42,1,1,0,false,0.0474,flexible,false,0,100,0,0,0,0,false,0,off,0,0.054794521,false,false,false,1970-01-01-00:00,false,0,0,1,0.034628541,0,50,120,500,None
"La Arena",2018-01-01-00:00,2060-01-01-00:00,true,0,true,"NuevaPuertoMontt500",SEN,"HG_La Arena",false,6.783,0,100,0,no,0,0,0,0,0,0,0,0,0,0,0,0,0,1,1,1,0,false,0.0025,flexible,false,0,100,0,0,0,0,true,0,off,0,0.054794521,false,false,false,1970-01-01-00:00,false,0,0,1,0.060704939,0,50,12.2,500,None
"La Bifurcada",2018-01-01-00:00,2060-01-01-00:00,true,0,true,"Concepcion500",SEN,"HG_La Bifurcada",false,0.226,0,100,0,no,0,0,0,0,0,0,0,0,0,0,0,0,0,1,1,1,0,false,0.026618106,flexible,false,0,100,0,0,0,0,true,0,off,0,0.054794521,false,false,false,1970-01-01-00:00,false,0,0,1,0.01460564,0,50,0,500,None
"La Paloma",2018-01-01-00:00,2060-01-01-00:00,true,0,true,"Quillota500",SEN,"HG_La Paloma",false,4.416,0,100,0,no,0,0,0,0,0,0,0,0,0,0,0,0,0,1,1,1,0,false,0.04,flexible,false,0,100,0,0,0,0,true,0,off,0,0.054794521,false,false,false,1970-01-01-00:00,false,0,0,1,0.138938207,0,50,8,500,None
"La Vi�a-Alto La Vi�a",2018-01-01-00:00,2060-01-01-00:00,true,0,true,"Concepcion500",SEN,"HG_La Vi�a-Alto La Vi�a",false,0.5401,0,100,0,no,0,0,0,0,0,0,0,0,0,0,0,0,0,1,1,1,0,false,0.026618106,flexible,false,0,100,0,0,0,0,true,0,off,0,0.054794521,false,false,false,1970-01-01-00:00,false,0,0,1,0.01460564,0,50,0,500,None
"Las Flores",2018-01-01-00:00,2060-01-01-00:00,true,0,true,"Pichirropulli500",SEN,"HG_Las Flores",false,1.4,0,100,0,no,0,0,0,0,0,0,0,0,0,0,0,0,0,1,1,1,0,false,0.026618106,flexible,false,0,100,0,0,0,0,true,0,off,0,0.054794521,false,false,false,1970-01-01-00:00,false,0,0,1,0.001472558,0,50,2.9,500,None
"Las Vertientes",2018-01-01-00:00,2060-01-01-00:00,true,0,true,"AltoJahuel500",SEN,"HG_Las Vertientes",false,1.8646,0,100,0,no,0,0,0,0,0,0,0,0,0,0,0,0,0,1,1,1,0,false,0.018645508,flexible,false,0,100,0,0,0,0,true,0,off,0,0.054794521,false,false,false,1970-01-01-00:00,false,0,0,1,0.057715256,0,50,3,500,None
"Lican",2018-01-01-00:00,2060-01-01-00:00,true,0,true,"Pichirropulli500",SEN,"HG_Lican",false,17.955,0,100,0,no,0,0,0,0,0,0,0,0,0,0,0,0,0,1,1,1,0,false,0.0025,flexible,false,0,100,0,0,0,0,true,0,off,0,0.054794521,false,false,false,1970-01-01-00:00,false,0,0,1,0.000716448,0,50,61.4,500,None
"Lircay",2018-01-01-00:00,2060-01-01-00:00,true,0,true,"Ancoa500",SEN,"HG_Lircay",false,18.9525,0,100,0,no,0,0,0,0,0,0,0,0,0,0,0,0,0,1,1,1,0,false,0.0025,flexible,false,0,100,0,0,0,0,true,0,off,0,0.054794521,false,false,false,1970-01-01-00:00,false,0,0,1,0.005219735,0,50,28.3,500,None
"Lleuquereo",2018-01-01-00:00,2060-01-01-00:00,true,0,true,"Concepcion500",SEN,"HG_Lleuquereo",false,1.755,0,100,0,no,0,0,0,0,0,0,0,0,0,0,0,0,0,1,1,1,0,false,0.001785714,flexible,false,0,100,0,0,0,0,true,0,off,0,0.054794521,false,false,false,1970-01-01-00:00,false,0,0,1,0.002290865,0,50,0.9,500,None
"Los Bajos",2018-01-01-00:00,2060-01-01-00:00,true,0,true,"AltoJahuel500",SEN,"HG_Los Bajos",false,5.4725,0,100,0,no,0,0,0,0,0,0,0,0,0,0,0,0,0,1,1,1,0,false,0.005,flexible,false,0,100,0,0,0,0,true,0,off,0,0.054794521,false,false,false,1970-01-01-00:00,false,0,0,1,0.009660341,0,50,9.9,500,None
"Los Colonos",2018-01-01-00:00,2060-01-01-00:00,true,0,true,"Pichirropulli500",SEN,"HG_Los Colonos",false,0.64,0,100,0,no,0,0,0,0,0,0,0,0,0,0,0,0,0,1,1,1,0,false,0.026618106,flexible,false,0,100,0,0,0,0,true,0,off,0,0.054794521,false,false,false,1970-01-01-00:00,false,0,0,1,0.019013506,0,50,1.2,500,None
"Los Corrales",2018-01-01-00:00,2060-01-01-00:00,true,0,true,"Pichirropulli500",SEN,"HG_Los Corrales",false,0.8,0,100,0,no,0,0,0,0,0,0,0,0,0,0,0,0,0,1,1,1,0,false,0.026618106,flexible,false,0,100,0,0,0,0,true,0,off,0,0.054794521,false,false,false,1970-01-01-00:00,false,0,0,1,0.004706601,0,50,1.4,500,None
"Los Corrales 2",2018-01-01-00:00,2060-01-01-00:00,true,0,true,"Pichirropulli500",SEN,"HG_Los Corrales 2",false,1.025,0,100,0,no,0,0,0,0,0,0,0,0,0,0,0,0,0,1,1,1,0,false,0.00966,flexible,false,0,100,0,0,0,0,true,0,off,0,0.054794521,false,false,false,1970-01-01-00:00,false,0,0,1,0.042208349,0,50,1.9,500,None
"Los Molles",2018-01-01-00:00,2060-01-01-00:00,true,0,true,"Quillota500",SEN,"HG_Los Molles",false,17.95,0,100,0,no,0,0,0,0,0,0,0,0,0,0,0,0,0,1,1,1,0,false,0.0027,flexible,false,0,100,0,0,0,0,true,0,off,0,0.054794521,false,false,false,1970-01-01-00:00,false,0,0,1,0.009477483,0,50,38.3,500,None
"Los Morros",2018-01-01-00:00,2060-01-01-00:00,true,0,true,"AltoJahuel500",SEN,"HG_Los Morros",false,3.0535,0,100,0,no,0,0,0,0,0,0,0,0,0,0,0,0,0,1,1,1,0,false,0.016129032,flexible,false,0,100,0,0,0,0,true,0,off,0,0.054794521,false,false,false,1970-01-01-00:00,false,0,0,1,0.004653407,0,50,5.6,500,None
"Los Padres",2018-01-01-00:00,2060-01-01-00:00,true,0,true,"Concepcion500",SEN,"HG_Los Padres",false,2.181,0,100,0,no,0,0,0,0,0,0,0,0,0,0,0,0,0,1,1,1,0,false,0.00909876,flexible,false,0,100,0,0,0,0,true,0,off,0,0.054794521,false,false,false,1970-01-01-00:00,false,0,0,1,0.017220142,0,50,3.9,500,None
"Maisan",2018-01-01-00:00,2060-01-01-00:00,true,0,true,"Mulchen500",SEN,"HG_Maisan",false,0.59,0,100,0,no,0,0,0,0,0,0,0,0,0,0,0,0,0,1,1,1,0,false,0.016666667,flexible,false,0,100,0,0,0,0,true,0,off,0,0.054794521,false,false,false,1970-01-01-00:00,false,0,0,1,0.000183797,0,50,1.1,500,None
"Maitenes",2018-01-01-00:00,2020-12-01-00:00,true,0,true,"AltoJahuel500",SEN,"HG_Maitenes",false,30.9132,0,100,0,no,0,0,0,0,0,0,0,0,0,0,0,0,0,1,1,1,0,false,0.0028,flexible,false,0,100,0,0,0,0,false,0,off,0,0.054794521,false,false,false,1970-01-01-00:00,false,0,0,1,0.0195282,0,50,64,500,None
"Malalcahuello",2018-01-01-00:00,2060-01-01-00:00,true,0,true,"Mulchen500",SEN,"HG_Malalcahuello",false,9.154,0,100,0,no,0,0,0,0,0,0,0,0,0,0,0,0,0,1,1,1,0,false,0.026618106,flexible,false,0,100,0,0,0,0,true,0,off,0,0.054794521,false,false,false,1970-01-01-00:00,false,0,0,1,0.042151823,0,50,24.2,500,None
"Mallarauco",2018-01-01-00:00,2060-01-01-00:00,true,0,true,"Polpaico500",SEN,"HG_Mallarauco",false,3.3915,0,100,0,no,0,0,0,0,0,0,0,0,0,0,0,0,0,1,1,1,0,false,0.0025,flexible,false,0,100,0,0,0,0,true,0,off,0,0.054794521,false,false,false,1970-01-01-00:00,false,0,0,1,0.006642487,0,50,11.7,500,None
"Mampil",2018-01-01-00:00,2060-01-01-00:00,true,0,true,"Concepcion500",SEN,"HG_Mampil",false,54.9065,0,100,0,no,0,0,0,0,0,0,0,0,0,0,0,0,0,1,1,1,0,false,0.0017,flexible,false,0,100,0,0,0,0,false,0,off,0,0.054794521,false,false,false,1970-01-01-00:00,false,0,0,1,0.000936771,0,50,168.2,500,None
"Mar�a Elena",2018-01-01-00:00,2060-01-01-00:00,true,0,true,"Pichirropulli500",SEN,"HG_Mar�a Elena",false,0.285,0,100,0,no,0,0,0,0,0,0,0,0,0,0,0,0,0,1,1,1,0,false,0.065,flexible,false,0,100,0,0,0,0,true,0,off,0,0.054794521,false,false,false,1970-01-01-00:00,false,0,0,1,0.137179285,0,50,0.5,500,None
"Mariposas",2018-01-01-00:00,2060-01-01-00:00,true,0,true,"Ancoa500",SEN,"HG_Mariposas",false,6.286,0,100,0,no,0,0,0,0,0,0,0,0,0,0,0,0,0,1,1,1,0,false,0.0023,flexible,false,0,100,0,0,0,0,true,0,off,0,0.054794521,false,false,false,1970-01-01-00:00,false,0,0,1,0.011314437,0,50,4.4,500,None
"MCH Dosal",2018-01-01-00:00,2060-01-01-00:00,true,0,true,"Ancoa500",SEN,"HG_MCH Dosal",false,0.27,0,100,0,no,0,0,0,0,0,0,0,0,0,0,0,0,0,1,1,1,0,false,0.0015,flexible,false,0,100,0,0,0,0,true,0,off,0,0.054794521,false,false,false,1970-01-01-00:00,false,0,0,1,0.019013506,0,50,0.5,500,None
"Melo",2018-01-01-00:00,2060-01-01-00:00,true,0,true,"Concepcion500",SEN,"HG_Melo",false,2.97,0,100,0,no,0,0,0,0,0,0,0,0,0,0,0,0,0,1,1,1,0,false,0.03257329,flexible,false,0,100,0,0,0,0,true,0,off,0,0.054794521,false,false,false,1970-01-01-00:00,false,0,0,1,0.01460564,0,50,0,500,None
"Molinera Villarica",2018-01-01-00:00,2060-01-01-00:00,true,0,true,"Mulchen500",SEN,"HG_Molinera Villarica",false,0.5966,0,100,0,no,0,0,0,0,0,0,0,0,0,0,0,0,0,1,1,1,0,false,0.026618106,flexible,false,0,100,0,0,0,0,true,0,off,0,0.054794521,false,false,false,1970-01-01-00:00,false,0,0,1,0.001465498,0,50,4.5,500,None
"Muchi",2018-01-01-00:00,2060-01-01-00:00,true,0,true,"Pichirropulli500",SEN,"HG_Muchi",false,0.9975,0,100,0,no,0,0,0,0,0,0,0,0,0,0,0,0,0,1,1,1,0,false,0.0025,flexible,false,0,100,0,0,0,0,true,0,off,0,0.054794521,false,false,false,1970-01-01-00:00,false,0,0,1,0.007204092,0,50,1.8,500,None
"CH Nalcas",2018-01-01-00:00,2060-01-01-00:00,true,0,true,"Pichirropulli500",SEN,"HG_CH Nalcas",false,6.783,0,100,0,no,0,0,0,0,0,0,0,0,0,0,0,0,0,1,1,1,0,false,0.0025,flexible,false,0,100,0,0,0,0,true,0,off,0,0.054794521,false,false,false,1970-01-01-00:00,false,0,0,1,0.027045655,0,50,19.4,500,None
"Panguipulli",2018-01-01-00:00,2060-01-01-00:00,true,0,true,"Pichirropulli500",SEN,"HG_Panguipulli",false,0.35,0,100,0,no,0,0,0,0,0,0,0,0,0,0,0,0,0,1,1,1,0,false,0.026618106,flexible,false,0,100,0,0,0,0,true,0,off,0,0.054794521,false,false,false,1970-01-01-00:00,false,0,0,1,0.019013506,0,50,0.6,500,None
"Pehui",2018-01-01-00:00,2060-01-01-00:00,true,0,true,"Pichirropulli500",SEN,"HG_Pehui",false,1.1,0,100,0,no,0,0,0,0,0,0,0,0,0,0,0,0,0,1,1,1,0,false,0.026618106,flexible,false,0,100,0,0,0,0,true,0,off,0,0.054794521,false,false,false,1970-01-01-00:00,false,0,0,1,0.042941542,0,50,2,500,None
"Peuchen",2018-01-01-00:00,2060-01-01-00:00,true,0,true,"Concepcion500",SEN,"HG_Peuchen",false,84.8725,0,100,0,no,0,0,0,0,0,0,0,0,0,0,0,0,0,1,1,1,0,false,0.0015,flexible,false,0,100,0,0,0,0,false,0,off,0,0.054794521,false,false,false,1970-01-01-00:00,false,0,0,1,0.0021273,0,50,178.6,500,None
"Pichilonco",2018-01-01-00:00,2060-01-01-00:00,true,0,true,"Pichirropulli500",SEN,"HG_Pichilonco",false,1.15,0,100,0,no,0,0,0,0,0,0,0,0,0,0,0,0,0,1,1,1,0,false,0.041666667,flexible,false,0,100,0,0,0,0,true,0,off,0,0.054794521,false,false,false,1970-01-01-00:00,false,0,0,1,0.019013506,0,50,2.1,500,None
"Pilmaiquen",2018-01-01-00:00,2060-01-01-00:00,true,0,true,"Pichirropulli500",SEN,"HG_Pilmaiquen",false,40.66,0,100,0,no,0,0,0,0,0,0,0,0,0,0,0,0,0,0.27,1,1,0,false,0.003,flexible,false,0,100,0,0,0,0,false,0,off,0,0.054794521,false,false,false,1970-01-01-00:00,false,0,0,1,0.0195282,0,50,105.8,500,None
"Piutel",2018-01-01-00:00,2060-01-01-00:00,true,0,true,"Pichirropulli500",SEN,"HG_Piutel",false,0.54,0,100,0,no,0,0,0,0,0,0,0,0,0,0,0,0,0,1,1,1,0,false,0.3,flexible,false,0,100,0,0,0,0,true,0,off,0,0.054794521,false,false,false,1970-01-01-00:00,false,0,0,1,0.012012638,0,50,0,500,None
"Mulchen",2018-01-01-00:00,2060-01-01-00:00,true,0,true,"Concepcion500",SEN,"HG_Mulchen",false,3,0,100,0,no,0,0,0,0,0,0,0,0,0,0,0,0,0,1,1,1,0,false,0.026618106,flexible,false,0,100,0,0,0,0,true,0,off,0,0.054794521,false,false,false,1970-01-01-00:00,false,0,0,1,0.019013506,0,50,5.4,500,None
"Providencia",2018-01-01-00:00,2060-01-01-00:00,true,0,true,"Ancoa500",SEN,"HG_Providencia",false,14.129,0,100,0,no,0,0,0,0,0,0,0,0,0,0,0,0,0,0.46,1,1,0,false,0.005,flexible,false,0,100,0,0,0,0,true,0,off,0,0.054794521,false,false,false,1970-01-01-00:00,false,0,0,1,0.00034076,0,50,9.9,500,None
"Puclaro",2018-01-01-00:00,2060-01-01-00:00,true,0,true,"NuevaPandeAzucar500",SEN,"HG_Puclaro",false,5.376,0,100,0,no,0,0,0,0,0,0,0,0,0,0,0,0,0,1,1,1,0,false,0.04,flexible,false,0,100,0,0,0,0,true,0,off,0,0.054794521,false,false,false,1970-01-01-00:00,false,0,0,1,0.016782768,0,50,9.7,500,None
"Pulelfu",2018-01-01-00:00,2060-01-01-00:00,true,0,true,"Pichirropulli500",SEN,"HG_Pulelfu",false,8.955,0,100,0,no,0,0,0,0,0,0,0,0,0,0,0,0,0,1,1,1,0,false,0.005,flexible,false,0,100,0,0,0,0,true,0,off,0,0.054794521,false,false,false,1970-01-01-00:00,false,0,0,1,0.012395319,0,50,71.6,500,None
"Pullinque",2018-01-01-00:00,2060-01-01-00:00,true,0,true,"Mulchen500",SEN,"HG_Pullinque",false,51.16,0,100,0,no,0,0,0,0,0,0,0,0,0,0,0,0,0,1,1,1,0,false,0.0047,flexible,false,0,100,0,0,0,0,false,0,off,0,0.054794521,false,false,false,1970-01-01-00:00,false,0,0,1,0.009401276,0,50,145.3,500,None
"Puntilla",2018-01-01-00:00,2060-01-01-00:00,true,0,true,"AltoJahuel500",SEN,"HG_Puntilla",false,21.7491,0,100,0,no,0,0,0,0,0,0,0,0,0,0,0,0,0,1,1,1,0,false,0.0005,flexible,false,0,100,0,0,0,0,false,0,off,0,0.054794521,false,false,false,1970-01-01-00:00,false,0,0,1,0.0195282,0,50,44.5,500,None
"Pur�sima",2018-01-01-00:00,2060-01-01-00:00,true,0,true,"Ancoa500",SEN,"HG_Pur�sima",false,0.4198,0,100,0,no,0,0,0,0,0,0,0,0,0,0,0,0,0,1,1,1,0,false,0.023809524,flexible,false,0,100,0,0,0,0,true,0,off,0,0.054794521,false,false,false,1970-01-01-00:00,false,0,0,1,0.019013506,0,50,0.8,500,None
"Queltehues",2018-01-01-00:00,2060-01-01-00:00,true,0,true,"AltoJahuel500",SEN,"HG_Queltehues",false,48.9412,0,100,0,no,0,0,0,0,0,0,0,0,0,0,0,0,0,1,1,1,0,false,0.0012,flexible,false,0,100,0,0,0,0,false,0,off,0,0.054794521,false,false,false,1970-01-01-00:00,false,0,0,1,0.003014869,0,50,132,500,None
"Quillaileo",2018-01-01-00:00,2060-01-01-00:00,true,0,true,"Concepcion500",SEN,"HG_Quillaileo",false,0.8161,0,100,0,no,0,0,0,0,0,0,0,0,0,0,0,0,0,1,1,1,0,false,0.0167,flexible,false,0,100,0,0,0,0,true,0,off,0,0.054794521,false,false,false,1970-01-01-00:00,false,0,0,1,0.019013506,0,50,1.5,500,None
"Reca",2018-01-01-00:00,2060-01-01-00:00,true,0,true,"Pichirropulli500",SEN,"HG_Reca",false,1.6958,0,100,0,no,0,0,0,0,0,0,0,0,0,0,0,0,0,1,1,1,0,false,0.0025,flexible,false,0,100,0,0,0,0,true,0,off,0,0.054794521,false,false,false,1970-01-01-00:00,false,0,0,1,0.019013506,0,50,3.1,500,None
"Renaico Hidro",2018-01-01-00:00,2060-01-01-00:00,true,0,true,"Concepcion500",SEN,"HG_Renaico Hidro",false,6.3,0,100,0,no,0,0,0,0,0,0,0,0,0,0,0,0,0,1,1,1,0,false,0.026618106,flexible,false,0,100,0,0,0,0,true,0,off,0,0.054794521,false,false,false,1970-01-01-00:00,false,0,0,1,0.001811432,0,50,5.8,500,None
"CH Rio Huasco",2018-01-01-00:00,2060-01-01-00:00,true,0,true,"NuevaMaitencillo500",SEN,"HG_CH Rio Huasco",false,5.1,0,100,0,no,0,0,0,0,0,0,0,0,0,0,0,0,0,1,1,1,0,false,0.00390625,flexible,false,0,100,0,0,0,0,true,0,off,0,0.054794521,false,false,false,1970-01-01-00:00,false,0,0,1,0.001083208,0,50,4.3,500,None
"Picoiquen",2018-01-01-00:00,2060-01-01-00:00,true,0,true,"Concepcion500",SEN,"HG_Picoiquen",false,18.912,0,100,0,no,0,0,0,0,0,0,0,0,0,0,0,0,0,1,1,1,0,false,0.005102041,flexible,false,0,100,0,0,0,0,true,0,off,0,0.054794521,false,false,false,1970-01-01-00:00,false,0,0,1,0.014726222,0,50,17.7,500,None
"Rio Trueno",2018-01-01-00:00,2060-01-01-00:00,true,0,true,"Mulchen500",SEN,"HG_Rio Trueno",false,5.59,0,100,0,no,0,0,0,0,0,0,0,0,0,0,0,0,0,1,1,1,0,false,0.001785714,flexible,false,0,100,0,0,0,0,true,0,off,0,0.054794521,false,false,false,1970-01-01-00:00,false,0,0,1,0.003221799,0,50,10.1,500,None
"Rio Colorado",2018-01-01-00:00,2060-01-01-00:00,true,0,true,"Ancoa500",SEN,"HG_Rio Colorado",false,16.466,0,100,0,no,0,0,0,0,0,0,0,0,0,0,0,0,0,1,1,1,0,false,0.004784734,flexible,false,0,100,0,0,0,0,false,0,off,0,0.054794521,false,false,false,1970-01-01-00:00,false,0,0,1,0.016365663,0,50,204.9,500,None
"Rucatayo",2018-01-01-00:00,2060-01-01-00:00,true,0,true,"Pichirropulli500",SEN,"HG_Rucatayo",false,59.3,0,100,0,no,0,0,0,0,0,0,0,0,0,0,0,0,0,0.32,1,1,0,false,0.003361345,flexible,false,0,100,0,0,0,0,false,0,off,0,0.054794521,false,false,false,1970-01-01-00:00,false,0,0,1,0.0195282,0,50,157.5,500,None
"Sauce Andes",2018-01-01-00:00,2060-01-01-00:00,true,0,true,"Polpaico500",SEN,"HG_Sauce Andes",false,1.379,0,100,0,no,0,0,0,0,0,0,0,0,0,0,0,0,0,1,1,1,0,false,0.015,flexible,false,0,100,0,0,0,0,true,0,off,0,0.054794521,false,false,false,1970-01-01-00:00,false,0,0,1,0.001334638,0,50,2.5,500,None
"San Andres",2018-01-01-00:00,2019-02-01-00:00,true,0,true,"Ancoa500",SEN,"HG_San Andres",false,40.0582,0,100,0,no,0,0,0,0,0,0,0,0,0,0,0,0,0,1,1,1,0,false,0.0105,flexible,false,0,100,0,0,0,0,false,0,off,0,0.054794521,false,false,false,1970-01-01-00:00,false,0,0,1,0.045095908,0,50,123.3,500,None
"Santa Elena",2018-01-01-00:00,2060-01-01-00:00,true,0,true,"Mulchen500",SEN,"HG_Santa Elena",false,2.75,0,100,0,no,0,0,0,0,0,0,0,0,0,0,0,0,0,1.25,1,1,0,false,0.004784734,flexible,false,0,100,0,0,0,0,false,0,off,0,0.054794521,false,false,false,1970-01-01-00:00,false,0,0,1,0.0195282,0,50,0,500,None
"Santa Isabel",2018-01-01-00:00,2060-01-01-00:00,true,0,true,"Concepcion500",SEN,"HG_Santa Isabel",false,1.35,0,100,0,no,0,0,0,0,0,0,0,0,0,0,0,0,0,1,1,1,0,false,0.068965517,flexible,false,0,100,0,0,0,0,true,0,off,0,0.054794521,false,false,false,1970-01-01-00:00,false,0,0,1,0.01460564,0,50,0,500,None
"Sauzal",2018-01-01-00:00,2060-01-01-00:00,true,0,true,"Ancoa500",SEN,"HG_Sauzal",false,76.3,0,100,0,no,0,0,0,0,0,0,0,0,0,0,0,0,0,1,1,1,0,false,0.0038,flexible,false,0,100,0,0,0,0,false,0,off,0,0.054794521,false,false,false,1970-01-01-00:00,false,0,0,1,0.026618537,0,50,217.9,500,None
"Sauzalito",2018-01-01-00:00,2060-01-01-00:00,true,0,true,"Ancoa500",SEN,"HG_Sauzalito",false,11.8824,0,100,0,no,0,0,0,0,0,0,0,0,0,0,0,0,0,1,1,1,0,false,0.0098,flexible,false,0,100,0,0,0,0,true,0,off,0,0.054794521,false,false,false,1970-01-01-00:00,false,0,0,1,0.009570297,0,50,19.4,500,None
"Trailelfu",2018-01-01-00:00,2060-01-01-00:00,true,0,true,"Mulchen500",SEN,"HG_Trailelfu",false,2.45,0,100,0,no,0,0,0,0,0,0,0,0,0,0,0,0,0,1,1,1,0,false,0.026618106,flexible,false,0,100,0,0,0,0,true,0,off,0,0.054794521,false,false,false,1970-01-01-00:00,false,0,0,1,0.019013506,0,50,4.5,500,None
"Tranquil",2018-01-01-00:00,2060-01-01-00:00,true,0,true,"Mulchen500",SEN,"HG_Tranquil",false,2.9673,0,100,0,no,0,0,0,0,0,0,0,0,0,0,0,0,0,1,1,1,0,false,0.026618106,flexible,false,0,100,0,0,0,0,true,0,off,0,0.054794521,false,false,false,1970-01-01-00:00,false,0,0,1,0.011449361,0,50,5.4,500,None
"Trufultruful",2018-01-01-00:00,2060-01-01-00:00,true,0,true,"Mulchen500",SEN,"HG_Trufultruful",false,0.819,0,100,0,no,0,0,0,0,0,0,0,0,0,0,0,0,0,1,1,1,0,false,0.020289855,flexible,false,0,100,0,0,0,0,true,0,off,0,0.054794521,false,false,false,1970-01-01-00:00,false,0,0,1,0.00030359,0,50,0.2,500,None
"Volcan",2018-01-01-00:00,2060-01-01-00:00,true,0,true,"AltoJahuel500",SEN,"HG_Volcan",false,12.997,0,100,0,no,0,0,0,0,0,0,0,0,0,0,0,0,0,1,1,1,0,false,0.00023,flexible,false,0,100,0,0,0,0,true,0,off,0,0.054794521,false,false,false,1970-01-01-00:00,false,0,0,1,0.001561579,0,50,65,500,None
"MCH El Brinco",2018-01-01-00:00,2060-01-01-00:00,true,0,true,"Concepcion500",SEN,"HG_MCH El Brinco",false,0.2,0,100,0,no,0,0,0,0,0,0,0,0,0,0,0,0,0,1,1,1,0,false,0.375,flexible,false,0,100,0,0,0,0,true,0,off,0,0.054794521,false,false,false,1970-01-01-00:00,false,0,0,1,0.019013506,0,50,0,500,None
"MSA-1",2018-01-01-00:00,2060-01-01-00:00,true,0,true,"Mulchen500",SEN,"HG_MSA-1",false,2.99,0,100,0,no,0,0,0,0,0,0,0,0,0,0,0,0,0,1,1,1,0,false,0.003333333,flexible,false,0,100,0,0,0,0,true,0,off,0,0.054794521,false,false,false,1970-01-01-00:00,false,0,0,1,0.019013506,0,50,0,500,None
"CAVANCHA",2018-01-01-00:00,2060-01-01-00:00,true,0,true,"Lagunas220",SEN,"HG_CAVANCHA",false,2.6,0,100,0,no,0,0,0,0,0,0,0,0,0,0,0,0,0,1,1,1,0,false,0.026618106,flexible,false,0,100,0,0,0,0,true,0,off,0,0.054794521,false,false,false,1970-01-01-00:00,false,0,0,1,0.009673325,0,50,9.3,220,None
"CHAPIQUINA",2018-01-01-00:00,2060-01-01-00:00,true,0,true,"Parinacota220",SEN,"HG_CHAPIQUINA",false,10.8,0,100,0,no,0,0,0,0,0,0,0,0,0,0,0,0,0,1,1,1,0,false,0.005691206,flexible,false,0,100,0,0,0,0,false,0,off,0,0.054794521,false,false,false,1970-01-01-00:00,false,0,0,1,0.015764285,0,50,46.6,220,None
"Alfalfal 02",2021-09-01-00:00,2060-01-01-00:00,true,0,true,"AltoJahuel500",SEN,"HG_Alfalfal 02",false,264,0,100,0,no,0,0,0,0,0,0,0,0,0,0,0,0,0,9.8,1,1,0,false,0.004784734,flexible,false,0,100,0,0,0,0,false,0,off,0,0.054794521,false,false,false,1970-01-01-00:00,false,0,0,1,0.0195282,0,50,712.8,500,None
"El Pinar",2021-03-01-00:00,2060-01-01-00:00,true,0,true,"Concepcion500",SEN,"HG_El Pinar",false,11,0,100,0,no,0,0,0,0,0,0,0,0,0,0,0,0,0,1,1,1,0,false,0.026618106,flexible,false,0,100,0,0,0,0,true,0,off,0,0.054794521,false,false,false,1970-01-01-00:00,false,0,0,1,0.019013506,0,50,29.64,500,None
"Las Lajas",2026-01-01-00:00,2060-01-01-00:00,true,0,true,"AltoJahuel500",SEN,"HG_Las Lajas",false,267,0,100,0,no,0,0,0,0,0,0,0,0,0,0,0,0,0,4.2,1,1,0,false,0.004784734,flexible,false,0,100,0,0,0,0,false,0,off,0,0.054794521,false,false,false,1970-01-01-00:00,false,0,0,1,0.0195282,0,50,774.3,500,None
"Las Nieves",2025-04-01-00:00,2060-01-01-00:00,true,0,true,"Mulchen500",SEN,"HG_Las Nieves",false,6.5,0,100,0,no,0,0,0,0,0,0,0,0,0,0,0,0,0,1,1,1,0,false,0.026618106,flexible,false,0,100,0,0,0,0,true,0,off,0,0.054794521,false,false,false,1970-01-01-00:00,false,0,0,1,0.019013506,0,50,11.7,500,None
"�uble",2024-06-01-00:00,2060-01-01-00:00,true,0,true,"Ancoa500",SEN,"HG_�uble",false,136,0,100,0,no,0,0,0,0,0,0,0,0,0,0,0,0,0,1.36,1,1,0,false,0.004784734,flexible,false,0,100,0,0,0,0,false,0,off,0,0.054794521,false,false,false,1970-01-01-00:00,false,0,0,1,0.0195282,0,50,394.4,500,None
"San Pedro",2024-10-01-00:00,2060-01-01-00:00,true,0,false,"Pichirropulli500",SEN,"HG_San Pedro",false,170,0,100,0,no,0,0,0,0,0,0,0,0,0,0,0,0,0,0.34,1,1,0,false,0.004784734,flexible,false,0,100,0,0,0,0,false,0,off,0,0.054794521,false,false,false,1970-01-01-00:00,false,0,0,1,0.0195282,0,50,493,500,None
"Cumbres",2018-01-01-00:00,2060-01-01-00:00,true,0,true,"Pichirropulli500",SEN,"HG_Cumbres",false,14.9,0,100,0,no,0,0,0,0,0,0,0,0,0,0,0,0,0,1,1,1,0,false,0.003,flexible,false,0,100,0,0,0,0,true,0,off,0,0.054794521,false,false,false,1970-01-01-00:00,false,0,0,1,0.019013506,0,50,43.2,500,None
"Palacios",2018-01-01-00:00,2019-02-01-00:00,true,0,true,"Ancoa500",SEN,"HG_Palacios",false,3.009,0,100,0,no,0,0,0,0,0,0,0,0,0,0,0,0,0,1,1,1,0,false,0.005,flexible,false,0,100,0,0,0,0,true,0,off,0,0.054794521,false,false,false,1970-01-01-00:00,false,0,0,1,0.019013506,0,50,0,500,None
"Vi�a Tarapac�",2018-01-01-00:00,2060-01-01-00:00,true,0,true,"AltoJahuel500",SEN,"HG_Vi�a Tarapac�",false,0.248,0,100,0,no,0,0,0,0,0,0,0,0,0,0,0,0,0,1,1,1,0,false,0,flexible,false,0,100,0,0,0,0,true,0,off,0,0.054794521,false,false,false,1970-01-01-00:00,false,0,0,1,0.019013506,0,50,0.4,500,None
"Convento Viejo",2018-01-01-00:00,2060-01-01-00:00,true,0,true,"AltoJahuel500",SEN,"HG_Convento Viejo",false,13.2,0,100,0,no,0,0,0,0,0,0,0,0,0,0,0,0,0,1,1,1,0,false,0.026618106,flexible,false,0,100,0,0,0,0,true,0,off,0,0.054794521,false,false,false,1970-01-01-00:00,false,0,0,1,0.019013506,0,50,46.4,500,None
"MCHP Cipresillos",2019-04-01-00:00,2060-01-01-00:00,true,0,true,"Ancoa500",SEN,"HG_MCHP Cipresillos",false,9,0,100,0,no,0,0,0,0,0,0,0,0,0,0,0,0,0,1,1,1,0,false,0.026618106,flexible,false,0,100,0,0,0,0,true,0,off,0,0.054794521,false,false,false,1970-01-01-00:00,false,0,0,1,0.019013506,0,50,23.4,500,None
"Trup�n",2020-12-01-00:00,2060-01-01-00:00,true,0,true,"Concepcion500",SEN,"HG_Trup�n",false,20,0,100,0,no,0,0,0,0,0,0,0,0,0,0,0,0,0,1,1,1,0,false,0.026618106,flexible,false,0,100,0,0,0,0,true,0,off,0,0.054794521,false,false,false,1970-01-01-00:00,false,0,0,1,0.019013506,0,50,52,500,None
"CH Bonito 1",2018-01-01-00:00,2060-01-01-00:00,true,0,true,"Pichirropulli500",SEN,"HG_CH Bonito 1",false,8.9546,0,100,0,no,0,0,0,0,0,0,0,0,0,0,0,0,0,1,1,1,0,false,0.005,flexible,false,0,100,0,0,0,0,true,0,off,0,0.054794521,false,false,false,1970-01-01-00:00,false,0,0,1,0.012395319,0,50,71.6,500,None
"CH Bonito 2",2018-01-01-00:00,2060-01-01-00:00,true,0,true,"Pichirropulli500",SEN,"HG_CH Bonito 2",false,3.15,0,100,0,no,0,0,0,0,0,0,0,0,0,0,0,0,0,1,1,1,0,false,0.005,flexible,false,0,100,0,0,0,0,true,0,off,0,0.054794521,false,false,false,1970-01-01-00:00,false,0,0,1,0.012395319,0,50,71.6,500,None
"Dos Valles",2018-01-01-00:00,2019-02-01-00:00,false,0,true,"Ancoa500",SEN,"HG_Dos Valles",false,3,0,100,0,no,0,0,0,0,0,0,0,0,0,0,0,0,0,1,1,1,0,false,0.010169492,flexible,false,0,100,0,0,0,0,true,0,off,0,0.054794521,false,false,false,1970-01-01-00:00,false,0,0,1,0.019013506,0,50,5.4,500,None
"Guayacan_am",2020-12-01-00:00,2060-01-01-00:00,true,0,true,"AltoJahuel500",SEN,"HG_Guayacan_am",false,11.8432,0,100,0,no,0,0,0,0,0,0,0,0,0,0,0,0,0,1,1,1,0,false,0.01307,flexible,false,0,100,0,0,0,0,true,0,off,0,0.054794521,false,false,false,1970-01-01-00:00,false,0,0,1,0.004776348,0,50,60,500,None
"Palmar + Correntoso",2019-03-01-00:00,2060-01-01-00:00,true,0,true,"Pichirropulli500",SEN,"HG_Palmar + Correntoso",false,13,0,100,0,no,0,0,0,0,0,0,0,0,0,0,0,0,0,1,1,1,0,false,0.0025,flexible,false,100,100,0,0,0,0,false,0,off,0,0.054794521,false,false,false,1970-01-01-00:00,false,0,0,1,0.028860843,0,50,162.1,500,None
"Hidromocho",2020-05-01-00:00,2060-01-01-00:00,true,0,true,"Pichirropulli500",SEN,"HG_Hidromocho",false,15,0,100,0,no,0,0,0,0,0,0,0,0,0,0,0,0,0,1,1,1,0,false,0.0025,flexible,false,100,100,0,0,0,0,false,0,off,0,0.054794521,false,false,false,1970-01-01-00:00,false,0,0,1,0.028860843,0,50,162.1,500,None
"La Monta�a",2018-01-01-00:00,2060-01-01-00:00,true,0,true,"AltoJahuel500",SEN,"HG_La Monta�a",false,3,0,100,0,no,0,0,0,0,0,0,0,0,0,0,0,0,0,1,1,1,0,false,0.005,flexible,false,0,100,0,0,0,0,true,0,off,0,0.054794521,false,false,false,1970-01-01-00:00,false,0,0,1,0.012395319,0,50,71.6,500,None
"La Monta�a 2",2018-01-01-00:00,2060-01-01-00:00,true,0,true,"AltoJahuel500",SEN,"HG_La Monta�a 2",false,1.85,0,100,0,no,0,0,0,0,0,0,0,0,0,0,0,0,0,1,1,1,0,false,0.005,flexible,false,0,100,0,0,0,0,true,0,off,0,0.054794521,false,false,false,1970-01-01-00:00,false,0,0,1,0.012395319,0,50,71.6,500,None
"Laja I_rbc",2020-11-01-00:00,2060-01-01-00:00,true,0,true,"Concepcion500",SEN,"HG_Laja I_rbc",false,34.056,0,100,0,no,0,0,0,0,0,0,0,0,0,0,0,0,0,0.14,1,1,0,false,0.0105,flexible,false,100,100,0,0,0,0,false,0,off,0,0.054794521,false,false,false,1970-01-01-00:00,false,0,0,1,0.032719406,0,50,104.7,500,None
"Maitenes_am",2020-12-01-00:00,2060-01-01-00:00,true,0,true,"AltoJahuel500",SEN,"HG_Maitenes_am",false,30.9132,0,100,0,no,0,0,0,0,0,0,0,0,0,0,0,0,0,1,1,1,0,false,0.0028,flexible,false,0,100,0,0,0,0,false,0,off,0,0.054794521,false,false,false,1970-01-01-00:00,false,0,0,1,0.0195282,0,50,64,500,None
"Munilque 1",2018-01-01-00:00,2060-01-01-00:00,true,0,true,"Concepcion500",SEN,"HG_Munilque 1",false,0.55,0,100,0,no,0,0,0,0,0,0,0,0,0,0,0,0,0,1,1,1,0,false,0.005,flexible,false,0,100,0,0,0,0,true,0,off,0,0.054794521,false,false,false,1970-01-01-00:00,false,0,0,1,0.012395319,0,50,71.6,500,None
"Munilque 2",2018-01-01-00:00,2060-01-01-00:00,true,0,true,"Concepcion500",SEN,"HG_Munilque 2",false,0.55,0,100,0,no,0,0,0,0,0,0,0,0,0,0,0,0,0,1,1,1,0,false,0.005,flexible,false,0,100,0,0,0,0,true,0,off,0,0.054794521,false,false,false,1970-01-01-00:00,false,0,0,1,0.012395319,0,50,71.6,500,None
"Confluencia_RBC",2019-02-01-00:00,2060-01-01-00:00,true,0,true,"Ancoa500",SEN,"HG_Confluencia_RBC",false,162.384,0,100,0,no,0,0,0,0,0,0,0,0,0,0,0,0,0,3.11,1,1,0,false,0.0025,flexible,false,100,100,0,0,0,0,false,0,off,0,0.054794521,false,false,false,1970-01-01-00:00,false,0,0,1,0.033428185,0,50,735.7,500,None
"El Paso_RBC",2019-02-01-00:00,2060-01-01-00:00,true,0,true,"Ancoa500",SEN,"HG_El Paso_RBC",false,59.64,0,100,0,no,0,0,0,0,0,0,0,0,0,0,0,0,0,1,1,1,0,false,0.005,flexible,false,0,100,0,0,0,0,false,0,off,0,0.054794521,false,false,false,1970-01-01-00:00,false,0,0,1,0.015771875,0,50,185.6,500,None
"La Higuera_RBC",2019-02-01-00:00,2060-01-01-00:00,true,0,true,"Ancoa500",SEN,"HG_La Higuera_RBC",false,154.6125,0,100,0,no,0,0,0,0,0,0,0,0,0,0,0,0,0,3.12,1,1,0,false,0.0025,flexible,false,100,100,0,0,0,0,false,0,off,0,0.054794521,false,false,false,1970-01-01-00:00,false,0,0,1,0.049460459,0,50,655.9,500,None
"Palacios_RBC",2019-02-01-00:00,2060-01-01-00:00,true,0,true,"Ancoa500",SEN,"HG_Palacios_RBC",false,3.009,0,100,0,no,0,0,0,0,0,0,0,0,0,0,0,0,0,1,1,1,0,false,0.005,flexible,false,0,100,0,0,0,0,true,0,off,0,0.054794521,false,false,false,1970-01-01-00:00,false,0,0,1,0.019013506,0,50,0,500,None
"San Andres_RBC",2019-02-01-00:00,2060-01-01-00:00,true,0,true,"Ancoa500",SEN,"HG_San Andres_RBC",false,40.0582,0,100,0,no,0,0,0,0,0,0,0,0,0,0,0,0,0,1,1,1,0,false,0.0105,flexible,false,0,100,0,0,0,0,false,0,off,0,0.054794521,false,false,false,1970-01-01-00:00,false,0,0,1,0.045095908,0,50,123.3,500,None
"La Confianza",2021-06-01-00:00,2060-01-01-00:00,true,0,true,"Concepcion500",SEN,"HG_La Confianza",false,2.6,0,100,0,no,0,0,0,0,0,0,0,0,0,0,0,0,0,1,1,1,0,false,0.005,flexible,false,0,100,0,0,0,0,true,0,off,0,0.054794521,false,false,false,1970-01-01-00:00,false,0,0,1,0.012395319,0,50,71.6,500,None
"Digua",2020-08-01-00:00,2060-01-01-00:00,true,0,true,"Ancoa500",SEN,"HG_Digua",false,20,0,100,0,no,0,0,0,0,0,0,0,0,0,0,0,0,0,1,1,1,0,false,0.0025,flexible,false,100,100,0,0,0,0,false,0,off,0,0.054794521,false,false,false,1970-01-01-00:00,false,0,0,1,0.028860843,0,50,162.1,500,None
"MCH Aill�n",2020-10-01-00:00,2060-01-01-00:00,true,0,true,"Concepcion500",SEN,"HG_MCH Aill�n",false,7,0,100,0,no,0,0,0,0,0,0,0,0,0,0,0,0,0,1,1,1,0,false,0.005,flexible,false,0,100,0,0,0,0,true,0,off,0,0.054794521,false,false,false,1970-01-01-00:00,false,0,0,1,0.012395319,0,50,71.6,500,None
"Alfalfal Ampl",2020-01-01-00:00,2060-01-01-00:00,true,0,false,"AltoJahuel500",SEN,"HG_Alfalfal Ampl",false,10,0,100,0,no,0,0,0,0,0,0,0,0,0,0,0,0,0,1,1,1,0,false,0.0025,flexible,false,100,100,0,0,0,0,false,0,off,0,0.054794521,false,false,false,1970-01-01-00:00,false,0,0,1,0.028860843,0,50,162.1,500,None
"Hidrori�inahue Ampl",2020-04-01-00:00,2060-01-01-00:00,true,0,true,"Pichirropulli500",SEN,"HG_Hidrori�inahue Ampl",false,1,0,100,0,no,0,0,0,0,0,0,0,0,0,0,0,0,0,1,1,1,0,false,0.005,flexible,false,0,100,0,0,0,0,true,0,off,0,0.054794521,false,false,false,1970-01-01-00:00,false,0,0,1,0.012395319,0,50,71.6,500,None
"Ampliaci�n CH Dos Valles",2021-12-01-00:00,2060-01-01-00:00,true,0,true,"Ancoa500",SEN,"HG_Ampliaci�n CH Dos Valles",false,1.6,0,100,0,no,0,0,0,0,0,0,0,0,0,0,0,0,0,1,1,1,0,false,0.005,flexible,false,0,100,0,0,0,0,true,0,off,0,0.054794521,false,false,false,1970-01-01-00:00,false,0,0,1,0.012395319,0,50,71.6,500,None
"Central Hidroel�ctrica Corrales",2021-06-01-00:00,2060-01-01-00:00,true,0,true,"Ancoa500",SEN,"HG_Central Hidroel�ctrica Corrales",false,3,0,100,0,no,0,0,0,0,0,0,0,0,0,0,0,0,0,1,1,1,0,false,0.005,flexible,false,0,100,0,0,0,0,true,0,off,0,0.054794521,false,false,false,1970-01-01-00:00,false,0,0,1,0.012395319,0,50,71.6,500,None
"PMGD CH El Atajo",2020-10-01-00:00,2060-01-01-00:00,true,0,true,"Mulchen500",SEN,"HG_PMGD CH El Atajo",false,13.85,0,100,0,no,0,0,0,0,0,0,0,0,0,0,0,0,0,1,1,1,0,false,0.005,flexible,false,0,100,0,0,0,0,true,0,off,0,0.054794521,false,false,false,1970-01-01-00:00,false,0,0,1,0.012395319,0,50,71.6,500,None
"PMGD CH Chilco",2020-10-01-00:00,2060-01-01-00:00,true,0,true,"Pichirropulli500",SEN,"HG_PMGD CH Chilco",false,0.2,0,100,0,no,0,0,0,0,0,0,0,0,0,0,0,0,0,1,1,1,0,false,0.005,flexible,false,0,100,0,0,0,0,true,0,off,0,0.054794521,false,false,false,1970-01-01-00:00,false,0,0,1,0.012395319,0,50,71.6,500,None
"CH Los Lagos",2026-06-01-00:00,2060-01-01-00:00,true,0,true,"Pichirropulli500",SEN,"HG_CH Los Lagos",false,48.7,0,100,0,no,0,0,0,0,0,0,0,0,0,0,0,0,0,1,1,1,0,false,0.0025,flexible,false,100,100,0,0,0,0,false,0,off,0,0.054794521,false,false,false,1970-01-01-00:00,false,0,0,1,0.028860843,0,50,162.1,500,None
"CH Alto Bonito",2021-05-01-00:00,2060-01-01-00:00,true,0,true,"Pichirropulli500",SEN,"HG_CH Alto Bonito",false,2.5,0,100,0,no,0,0,0,0,0,0,0,0,0,0,0,0,0,1,1,1,0,false,0.005,flexible,false,0,100,0,0,0,0,true,0,off,0,0.054794521,false,false,false,1970-01-01-00:00,false,0,0,1,0.012395319,0,50,71.6,500,None
"Central Hidroel�ctrica Punta del Viento",2021-10-01-00:00,2060-01-01-00:00,true,0,true,"Ancoa500",SEN,"HG_Central Hidroel�ctrica Punta del Viento",false,2.9,0,100,0,no,0,0,0,0,0,0,0,0,0,0,0,0,0,1,1,1,0,false,0.005,flexible,false,0,100,0,0,0,0,true,0,off,0,0.054794521,false,false,false,1970-01-01-00:00,false,0,0,1,0.012395319,0,50,71.6,500,None
"ALTO_HOSPICIO",2018-01-01-00:00,2060-01-01-00:00,true,0,true,"Lagunas220",SEN,"HG_ALTO_HOSPICIO",false,1.1,0,100,0,no,0,0,0,0,0,0,0,0,0,0,0,0,0,1,1,1,0,false,0.005,flexible,false,0,100,0,0,0,0,true,0,off,0,0.054794521,false,false,false,1970-01-01-00:00,false,0,0,1,0.012395319,0,50,71.6,500,None
"EL_TORO_N2",2018-01-01-00:00,2060-01-01-00:00,true,0,true,"Lagunas220",SEN,"HG_EL_TORO_N2",false,1.1,0,100,0,no,0,0,0,0,0,0,0,0,0,0,0,0,0,1,1,1,0,false,0.005,flexible,false,0,100,0,0,0,0,true,0,off,0,0.054794521,false,false,false,1970-01-01-00:00,false,0,0,1,0.012395319,0,50,71.6,500,None
"SANTA_ROSA",2018-01-01-00:00,2060-01-01-00:00,true,0,true,"Lagunas220",SEN,"HG_SANTA_ROSA",false,1.3,0,100,0,no,0,0,0,0,0,0,0,0,0,0,0,0,0,1,1,1,0,false,0.005,flexible,false,0,100,0,0,0,0,true,0,off,0,0.054794521,false,false,false,1970-01-01-00:00,false,0,0,1,0.012395319,0,50,71.6,500,None
"MCH Cosapilla",2020-02-01-00:00,2060-01-01-00:00,true,0,true,"Parinacota220",SEN,"HG_MCH Cosapilla",false,0.5,0,100,0,no,0,0,0,0,0,0,0,0,0,0,0,0,0,1,1,1,0,false,0.005,flexible,false,0,100,0,0,0,0,true,0,off,0,0.054794521,false,false,false,1970-01-01-00:00,false,0,0,1,0.012395319,0,50,71.6,500,None
"Hid_Ancoa01",2032-01-01-00:00,3000-01-01-00:00,true,0,false,"NuevaCharrua500",SEN,"HG_Hid_Ancoa01",false,43.52050083,1,100,0,no,0,0,0,0,0,0,0,0,0,0,0,0,0,43.52050083,1,1,0,false,0.004784734,flexible,false,0,100,0,0,0,0,false,0,off,0,0.054794521,false,true,false,1970-01-01-00:00,true,3727.983549,0,1,0.0195282,35.65,45,127.6,500,None
"Hid_Ancoa02",2032-01-01-00:00,3000-01-01-00:00,true,0,false,"NuevaCharrua500",SEN,"HG_Hid_Ancoa02",false,92.05836694,1,100,0,no,0,0,0,0,0,0,0,0,0,0,0,0,0,92.05836694,1,1,0,false,0.004784734,flexible,false,0,100,0,0,0,0,false,0,off,0,0.054794521,false,true,false,1970-01-01-00:00,true,3720.083549,0,1,0.0195282,35.65,45,145,500,None
"Hid_Ancoa04",2032-01-01-00:00,3000-01-01-00:00,true,0,false,"NuevaCharrua500",SEN,"HG_Hid_Ancoa04",false,121.032962,1,100,0,no,0,0,0,0,0,0,0,0,0,0,0,0,0,121.032962,1,1,0,false,0.004784734,flexible,false,0,100,0,0,0,0,false,0,off,0,0.054794521,false,true,false,1970-01-01-00:00,true,3699.583549,0,1,0.0195282,35.65,45,145,500,None
"Hid_Ancoa06",2032-01-01-00:00,3000-01-01-00:00,true,0,false,"NuevaCharrua500",SEN,"HG_Hid_Ancoa06",false,159.4455083,1,100,0,no,0,0,0,0,0,0,0,0,0,0,0,0,0,159.4455083,1,1,0,false,0.004784734,flexible,false,0,100,0,0,0,0,false,0,off,0,0.054794521,false,true,false,1970-01-01-00:00,true,3687.883549,0,1,0.0195282,35.65,45,145,500,None
"Hid_Ancoa07",2032-01-01-00:00,3000-01-01-00:00,true,0,false,"NuevaCharrua500",SEN,"HG_Hid_Ancoa07",false,78.70647273,1,100,0,no,0,0,0,0,0,0,0,0,0,0,0,0,0,78.70647273,1,1,0,false,0.004784734,flexible,false,0,100,0,0,0,0,false,0,off,0,0.054794521,false,true,false,1970-01-01-00:00,true,3698.783549,0,1,0.0195282,35.65,45,145,500,None
"Hid_Ancoa08",2032-01-01-00:00,3000-01-01-00:00,true,0,false,"NuevaCharrua500",SEN,"HG_Hid_Ancoa08",false,127.2806612,1,100,0,no,0,0,0,0,0,0,0,0,0,0,0,0,0,127.2806612,1,1,0,false,0.004784734,flexible,false,0,100,0,0,0,0,false,0,off,0,0.054794521,false,true,false,1970-01-01-00:00,true,3691.383549,0,1,0.0195282,35.65,45,145,500,None
"Hid_Ancoa09",2032-01-01-00:00,3000-01-01-00:00,true,0,false,"NuevaCharrua500",SEN,"HG_Hid_Ancoa09",false,52.09296198,1,100,0,no,0,0,0,0,0,0,0,0,0,0,0,0,0,52.09296198,1,1,0,false,0.004784734,flexible,false,0,100,0,0,0,0,false,0,off,0,0.054794521,false,true,false,1970-01-01-00:00,true,3694.283549,0,1,0.0195282,35.65,45,87,500,None
"Hid_Ancoa10",2032-01-01-00:00,3000-01-01-00:00,true,0,false,"NuevaCharrua500",SEN,"HG_Hid_Ancoa10",false,103.072314,1,100,0,no,0,0,0,0,0,0,0,0,0,0,0,0,0,103.072314,1,1,0,false,0.004784734,flexible,false,0,100,0,0,0,0,false,0,off,0,0.054794521,false,true,false,1970-01-01-00:00,true,3673.383549,0,1,0.0195282,35.65,45,145,500,None
"Hid_Ancoa11",2032-01-01-00:00,3000-01-01-00:00,true,0,false,"NuevaCharrua500",SEN,"HG_Hid_Ancoa11",false,184.9848926,1,100,0,no,0,0,0,0,0,0,0,0,0,0,0,0,0,184.9848926,1,1,0,false,0.004784734,flexible,false,0,100,0,0,0,0,false,0,off,0,0.054794521,false,true,false,1970-01-01-00:00,true,3656.983549,0,1,0.0195282,35.65,45,145,500,None
"Hid_Ancoa12",2032-01-01-00:00,3000-01-01-00:00,true,0,false,"NuevaCharrua500",SEN,"HG_Hid_Ancoa12",false,36.96417107,1,100,0,no,0,0,0,0,0,0,0,0,0,0,0,0,0,36.96417107,1,1,0,false,0.004784734,flexible,false,0,100,0,0,0,0,false,0,off,0,0.054794521,false,true,false,1970-01-01-00:00,true,3667.683549,0,1,0.0195282,35.65,45,107.3,500,None
"Hid_Ancoa13",2032-01-01-00:00,3000-01-01-00:00,true,0,false,"NuevaCharrua500",SEN,"HG_Hid_Ancoa13",false,38.54959669,1,100,0,no,0,0,0,0,0,0,0,0,0,0,0,0,0,38.54959669,1,1,0,false,0.004784734,flexible,false,0,100,0,0,0,0,false,0,off,0,0.054794521,false,true,false,1970-01-01-00:00,true,3639.183549,0,1,0.0195282,35.65,45,113.1,500,None
"Hid_Ancoa14",2032-01-01-00:00,3000-01-01-00:00,true,0,false,"NuevaCharrua500",SEN,"HG_Hid_Ancoa14",false,54.82500496,1,100,0,no,0,0,0,0,0,0,0,0,0,0,0,0,0,54.82500496,1,1,0,false,0.004784734,flexible,false,0,100,0,0,0,0,false,0,off,0,0.054794521,false,true,false,1970-01-01-00:00,true,3705.583549,0,1,0.0195282,35.65,45,145,500,None
"Hid_Ancoa15",2032-01-01-00:00,3000-01-01-00:00,true,0,false,"NuevaCharrua500",SEN,"HG_Hid_Ancoa15",false,74.96504793,1,100,0,no,0,0,0,0,0,0,0,0,0,0,0,0,0,74.96504793,1,1,0,false,0.004784734,flexible,false,0,100,0,0,0,0,false,0,off,0,0.054794521,false,true,false,1970-01-01-00:00,true,3693.183549,0,1,0.0195282,35.65,45,145,500,None
"Hid_Ancoa16",2032-01-01-00:00,3000-01-01-00:00,true,0,false,"NuevaCharrua500",SEN,"HG_Hid_Ancoa16",false,42.1203124,1,100,0,no,0,0,0,0,0,0,0,0,0,0,0,0,0,42.1203124,1,1,0,false,0.004784734,flexible,false,0,100,0,0,0,0,false,0,off,0,0.054794521,false,true,false,1970-01-01-00:00,true,3674.783549,0,1,0.0195282,35.65,45,145,500,None
"Hid_Ancoa17",2032-01-01-00:00,3000-01-01-00:00,true,0,false,"NuevaCharrua500",SEN,"HG_Hid_Ancoa17",false,126.0943636,1,100,0,no,0,0,0,0,0,0,0,0,0,0,0,0,0,126.0943636,1,1,0,false,0.004784734,flexible,false,0,100,0,0,0,0,false,0,off,0,0.054794521,false,true,false,1970-01-01-00:00,true,3662.183549,0,1,0.0195282,35.65,45,145,500,None
"Hid_Ancoa19",2032-01-01-00:00,3000-01-01-00:00,true,0,false,"NuevaCharrua500",SEN,"HG_Hid_Ancoa19",false,31.13245124,1,100,0,no,0,0,0,0,0,0,0,0,0,0,0,0,0,31.13245124,1,1,0,false,0.004784734,flexible,false,0,100,0,0,0,0,false,0,off,0,0.054794521,false,true,false,1970-01-01-00:00,true,3726.483549,0,1,0.0195282,35.65,45,89.9,500,None
"Hid_Ancoa20",2032-01-01-00:00,3000-01-01-00:00,true,0,false,"NuevaCharrua500",SEN,"HG_Hid_Ancoa20",false,47.46816529,1,100,0,no,0,0,0,0,0,0,0,0,0,0,0,0,0,47.46816529,1,1,0,false,0.004784734,flexible,false,0,100,0,0,0,0,false,0,off,0,0.054794521,false,true,false,1970-01-01-00:00,true,3707.383549,0,1,0.0195282,35.65,45,0,500,None
"Hid_Charrua01",2032-01-01-00:00,3000-01-01-00:00,true,0,false,"NuevaCharrua500",SEN,"HG_Hid_Charrua01",false,84.76512397,1,100,0,no,0,0,0,0,0,0,0,0,0,0,0,0,0,84.76512397,1,1,0,false,0.004784734,flexible,false,0,100,0,0,0,0,false,0,off,0,0.054794521,false,true,false,1970-01-01-00:00,true,3727.383549,0,1,0.0195282,35.65,45,145,500,None
"Hid_Charrua02",2032-01-01-00:00,3000-01-01-00:00,true,0,false,"NuevaCharrua500",SEN,"HG_Hid_Charrua02",false,49.80752727,1,100,0,no,0,0,0,0,0,0,0,0,0,0,0,0,0,49.80752727,1,1,0,false,0.004784734,flexible,false,0,100,0,0,0,0,false,0,off,0,0.054794521,false,true,false,1970-01-01-00:00,true,3717.983549,0,1,0.0195282,35.65,45,145,500,None
"Hid_Candelaria01",2032-01-01-00:00,3000-01-01-00:00,true,0,false,"Candelaria500",SEN,"HG_Hid_Candelaria01",false,40.29482231,1,100,0,no,0,0,0,0,0,0,0,0,0,0,0,0,0,40.29482231,1,1,0,false,0.004784734,flexible,false,0,100,0,0,0,0,false,0,off,0,0.054794521,false,true,false,1970-01-01-00:00,true,3684.683549,0,1,0.0195282,35.65,45,118.9,500,None
"Hid_Candelaria04",2032-01-01-00:00,3000-01-01-00:00,true,0,false,"Candelaria500",SEN,"HG_Hid_Candelaria04",false,51.87739091,1,100,0,no,0,0,0,0,0,0,0,0,0,0,0,0,0,51.87739091,1,1,0,false,0.004784734,flexible,false,0,100,0,0,0,0,false,0,off,0,0.054794521,false,true,false,1970-01-01-00:00,true,3675.083549,0,1,0.0195282,35.65,45,145,500,None
"Hid_Candelaria05",2032-01-01-00:00,3000-01-01-00:00,true,0,false,"Candelaria500",SEN,"HG_Hid_Candelaria05",false,37.16292727,1,100,0,no,0,0,0,0,0,0,0,0,0,0,0,0,0,37.16292727,1,1,0,false,0.004784734,flexible,false,0,100,0,0,0,0,false,0,off,0,0.054794521,false,true,false,1970-01-01-00:00,true,3700.083549,0,1,0.0195282,35.65,45,0,500,None
"Hid_Cautin02",2032-01-01-00:00,3000-01-01-00:00,true,0,false,"RioMalleco500",SEN,"HG_Hid_Cautin02",false,37.10330579,1,100,0,no,0,0,0,0,0,0,0,0,0,0,0,0,0,37.10330579,1,1,0,false,0.004784734,flexible,false,0,100,0,0,0,0,false,0,off,0,0.054794521,false,true,false,1970-01-01-00:00,true,4214.833549,0,1,0.0195282,35.65,45,110.2,500,None
"Hid_Cautin03",2032-01-01-00:00,3000-01-01-00:00,true,0,false,"RioMalleco500",SEN,"HG_Hid_Cautin03",false,87.9729124,1,100,0,no,0,0,0,0,0,0,0,0,0,0,0,0,0,87.9729124,1,1,0,false,0.004784734,flexible,false,0,100,0,0,0,0,false,0,off,0,0.054794521,false,true,false,1970-01-01-00:00,true,4199.533549,0,1,0.0195282,35.65,45,145,500,None
"Hid_Cautin07",2032-01-01-00:00,3000-01-01-00:00,true,0,false,"RioMalleco500",SEN,"HG_Hid_Cautin07",false,38.02825785,1,100,0,no,0,0,0,0,0,0,0,0,0,0,0,0,0,38.02825785,1,1,0,false,0.004784734,flexible,false,0,100,0,0,0,0,false,0,off,0,0.054794521,false,true,false,1970-01-01-00:00,true,4141.233549,0,1,0.0195282,35.65,45,110.2,500,None
"Hid_Cautin08",2032-01-01-00:00,3000-01-01-00:00,true,0,false,"RioMalleco500",SEN,"HG_Hid_Cautin08",false,121.906114,1,100,0,no,0,0,0,0,0,0,0,0,0,0,0,0,0,121.906114,1,1,0,false,0.004784734,flexible,false,0,100,0,0,0,0,false,0,off,0,0.054794521,false,true,false,1970-01-01-00:00,true,4115.933549,0,1,0.0195282,35.65,45,145,500,None
"Hid_Cautin09",2032-01-01-00:00,3000-01-01-00:00,true,0,false,"RioMalleco500",SEN,"HG_Hid_Cautin09",false,39.20619835,1,100,0,no,0,0,0,0,0,0,0,0,0,0,0,0,0,39.20619835,1,1,0,false,0.004784734,flexible,false,0,100,0,0,0,0,false,0,off,0,0.054794521,false,true,false,1970-01-01-00:00,true,4176.833549,0,1,0.0195282,35.65,45,92.8,500,None
"Hid_Cautin10",2032-01-01-00:00,3000-01-01-00:00,true,0,false,"RioMalleco500",SEN,"HG_Hid_Cautin10",false,94.04155785,1,100,0,no,0,0,0,0,0,0,0,0,0,0,0,0,0,94.04155785,1,1,0,false,0.004784734,flexible,false,0,100,0,0,0,0,false,0,off,0,0.054794521,false,true,false,1970-01-01-00:00,true,4145.533549,0,1,0.0195282,35.65,45,145,500,None
"Hid_Cautin11",2032-01-01-00:00,3000-01-01-00:00,true,0,false,"RioMalleco500",SEN,"HG_Hid_Cautin11",false,63.95079669,1,100,0,no,0,0,0,0,0,0,0,0,0,0,0,0,0,63.95079669,1,1,0,false,0.004784734,flexible,false,0,100,0,0,0,0,false,0,off,0,0.054794521,false,true,false,1970-01-01-00:00,true,4208.433549,0,1,0.0195282,35.65,45,145,500,None
"Hid_Cautin12",2032-01-01-00:00,3000-01-01-00:00,true,0,false,"RioMalleco500",SEN,"HG_Hid_Cautin12",false,85.40621901,1,100,0,no,0,0,0,0,0,0,0,0,0,0,0,0,0,85.40621901,1,1,0,false,0.004784734,flexible,false,0,100,0,0,0,0,false,0,off,0,0.054794521,false,true,false,1970-01-01-00:00,true,4184.333549,0,1,0.0195282,35.65,45,145,500,None
"Hid_Cautin14",2032-01-01-00:00,3000-01-01-00:00,true,0,false,"RioMalleco500",SEN,"HG_Hid_Cautin14",false,61.45749174,1,100,0,no,0,0,0,0,0,0,0,0,0,0,0,0,0,61.45749174,1,1,0,false,0.004784734,flexible,false,0,100,0,0,0,0,false,0,off,0,0.054794521,false,true,false,1970-01-01-00:00,true,4173.333549,0,1,0.0195282,35.65,45,98.6,500,None
"Hid_Cautin16",2032-01-01-00:00,3000-01-01-00:00,true,0,false,"RioMalleco500",SEN,"HG_Hid_Cautin16",false,43.40385124,1,100,0,no,0,0,0,0,0,0,0,0,0,0,0,0,0,43.40385124,1,1,0,false,0.004784734,flexible,false,0,100,0,0,0,0,false,0,off,0,0.054794521,false,true,false,1970-01-01-00:00,true,4168.833549,0,1,0.0195282,35.65,45,0,500,None
"Hid_Cautin17",2032-01-01-00:00,3000-01-01-00:00,true,0,false,"RioMalleco500",SEN,"HG_Hid_Cautin17",false,41.50316198,1,100,0,no,0,0,0,0,0,0,0,0,0,0,0,0,0,41.50316198,1,1,0,false,0.004784734,flexible,false,0,100,0,0,0,0,false,0,off,0,0.054794521,false,true,false,1970-01-01-00:00,true,4201.433549,0,1,0.0195282,35.65,45,0,500,None
"Hid_Mulchen01",2032-01-01-00:00,3000-01-01-00:00,true,0,false,"Mulchen500",SEN,"HG_Hid_Mulchen01",false,100.1928347,1,100,0,no,0,0,0,0,0,0,0,0,0,0,0,0,0,100.1928347,1,1,0,false,0.004784734,flexible,false,0,100,0,0,0,0,false,0,off,0,0.054794521,false,true,false,1970-01-01-00:00,true,4183.533549,0,1,0.0195282,35.65,45,145,500,None
"Hid_Pichirropulli10",2032-01-01-00:00,3000-01-01-00:00,true,0,false,"Pichirropulli500",SEN,"HG_Hid_Pichirropulli10",false,69.89055372,1,100,0,no,0,0,0,0,0,0,0,0,0,0,0,0,0,69.89055372,1,1,0,false,0.004784734,flexible,false,0,100,0,0,0,0,false,0,off,0,0.054794521,false,true,false,1970-01-01-00:00,true,4191.433549,0,1,0.0195282,35.65,45,0,500,None
"Hid_Ancoa18",2032-01-01-00:00,3000-01-01-00:00,true,0,false,"NuevaCharrua500",SEN,"HG_Hid_Ancoa18",false,61.27393388,1,100,0,no,0,0,0,0,0,0,0,0,0,0,0,0,0,61.27393388,1,1,0,false,0.004784734,flexible,false,0,100,0,0,0,0,false,0,off,0,0.054794521,false,true,false,1970-01-01-00:00,true,4189.833549,0,1,0.0195282,35.65,45,145,500,None
"Hid_Cautin01",2032-01-01-00:00,3000-01-01-00:00,true,0,false,"NuevaCharrua500",SEN,"HG_Hid_Cautin01",false,60.22456364,1,100,0,no,0,0,0,0,0,0,0,0,0,0,0,0,0,60.22456364,1,1,0,false,0.004784734,flexible,false,0,100,0,0,0,0,false,0,off,0,0.054794521,false,true,false,1970-01-01-00:00,true,4221.033549,0,1,0.0195282,35.65,45,145,500,None
"Hid_Charrua03",2032-01-01-00:00,3000-01-01-00:00,true,0,false,"NuevaCharrua500",SEN,"HG_Hid_Charrua03",false,57.84454711,1,100,0,no,0,0,0,0,0,0,0,0,0,0,0,0,0,57.84454711,1,1,0,false,0.004784734,flexible,false,0,100,0,0,0,0,false,0,off,0,0.054794521,false,true,false,1970-01-01-00:00,true,4160.733549,0,1,0.0195282,35.65,45,89.9,500,None
"Hid_Charrua04",2032-01-01-00:00,3000-01-01-00:00,true,0,false,"NuevaCharrua500",SEN,"HG_Hid_Charrua04",false,58.57986446,1,100,0,no,0,0,0,0,0,0,0,0,0,0,0,0,0,58.57986446,1,1,0,false,0.004784734,flexible,false,0,100,0,0,0,0,false,0,off,0,0.054794521,false,true,false,1970-01-01-00:00,true,4132.133549,0,1,0.0195282,35.65,45,145,500,None
"Hid_Charrua05",2032-01-01-00:00,3000-01-01-00:00,true,0,false,"NuevaCharrua500",SEN,"HG_Hid_Charrua05",false,37.07126777,1,100,0,no,0,0,0,0,0,0,0,0,0,0,0,0,0,37.07126777,1,1,0,false,0.004784734,flexible,false,0,100,0,0,0,0,false,0,off,0,0.054794521,false,true,false,1970-01-01-00:00,true,4161.033549,0,1,0.0195282,35.65,45,107.3,500,None
"Hid_Charrua06",2032-01-01-00:00,3000-01-01-00:00,true,0,false,"NuevaCharrua500",SEN,"HG_Hid_Charrua06",false,35.96846281,1,100,0,no,0,0,0,0,0,0,0,0,0,0,0,0,0,35.96846281,1,1,0,false,0.004784734,flexible,false,0,100,0,0,0,0,false,0,off,0,0.054794521,false,true,false,1970-01-01-00:00,true,4097.433549,0,1,0.0195282,35.65,45,104.4,500,None
"Hid_Cautin15",2032-01-01-00:00,3000-01-01-00:00,true,0,false,"NuevaCharrua500",SEN,"HG_Hid_Cautin15",false,34.15379835,1,100,0,no,0,0,0,0,0,0,0,0,0,0,0,0,0,34.15379835,1,1,0,false,0.004784734,flexible,false,0,100,0,0,0,0,false,0,off,0,0.054794521,false,true,false,1970-01-01-00:00,true,4173.433549,0,1,0.0195282,35.65,45,0,500,None
"Hid_Cautin06",2032-01-01-00:00,3000-01-01-00:00,true,0,false,"NuevaCharrua500",SEN,"HG_Hid_Cautin06",false,79.29811736,1,100,0,no,0,0,0,0,0,0,0,0,0,0,0,0,0,79.29811736,1,1,0,false,0.004784734,flexible,false,0,100,0,0,0,0,false,0,off,0,0.054794521,false,true,false,1970-01-01-00:00,true,4162.933549,0,1,0.0195282,35.65,45,145,500,None
"Hid_Mulchen02",2032-01-01-00:00,3000-01-01-00:00,true,0,false,"Mulchen500",SEN,"HG_Hid_Mulchen02",false,55.17174215,1,100,0,no,0,0,0,0,0,0,0,0,0,0,0,0,0,55.17174215,1,1,0,false,0.004784734,flexible,false,0,100,0,0,0,0,false,0,off,0,0.054794521,false,true,false,1970-01-01-00:00,true,4180.033549,0,1,0.0195282,35.65,45,121.8,500,None
"Hid_Mulchen04",2032-01-01-00:00,3000-01-01-00:00,true,0,false,"Mulchen500",SEN,"HG_Hid_Mulchen04",false,193.3364231,1,100,0,no,0,0,0,0,0,0,0,0,0,0,0,0,0,193.3364231,1,1,0,false,0.004784734,flexible,false,0,100,0,0,0,0,false,0,off,0,0.054794521,false,true,false,1970-01-01-00:00,true,4153.033549,0,1,0.0195282,35.65,45,145,500,None
"Hid_Mulchen05",2032-01-01-00:00,3000-01-01-00:00,true,0,false,"Mulchen500",SEN,"HG_Hid_Mulchen05",false,38.23180165,1,100,0,no,0,0,0,0,0,0,0,0,0,0,0,0,0,38.23180165,1,1,0,false,0.004784734,flexible,false,0,100,0,0,0,0,false,0,off,0,0.054794521,false,true,false,1970-01-01-00:00,true,4139.833549,0,1,0.0195282,35.65,45,127.6,500,None
"Hid_Mulchen06",2032-01-01-00:00,3000-01-01-00:00,true,0,false,"Mulchen500",SEN,"HG_Hid_Mulchen06",false,500.5031405,1,100,0,no,0,0,0,0,0,0,0,0,0,0,0,0,0,500.5031405,1,1,0,false,0.004784734,flexible,false,0,100,0,0,0,0,false,0,off,0,0.054794521,false,true,false,1970-01-01-00:00,true,4098.833549,0,1,0.0195282,35.65,45,145,500,None
"Hid_Mulchen08",2032-01-01-00:00,3000-01-01-00:00,true,0,false,"Mulchen500",SEN,"HG_Hid_Mulchen08",false,40.78720661,1,100,0,no,0,0,0,0,0,0,0,0,0,0,0,0,0,40.78720661,1,1,0,false,0.004784734,flexible,false,0,100,0,0,0,0,false,0,off,0,0.054794521,false,true,false,1970-01-01-00:00,true,4149.633549,0,1,0.0195282,35.65,45,118.9,500,None
"Hid_Mulchen09",2032-01-01-00:00,3000-01-01-00:00,true,0,false,"Mulchen500",SEN,"HG_Hid_Mulchen09",false,35.65413719,1,100,0,no,0,0,0,0,0,0,0,0,0,0,0,0,0,35.65413719,1,1,0,false,0.004784734,flexible,false,0,100,0,0,0,0,false,0,off,0,0.054794521,false,true,false,1970-01-01-00:00,true,4136.133549,0,1,0.0195282,35.65,45,136.3,500,None
"Hid_Mulchen11",2032-01-01-00:00,3000-01-01-00:00,true,0,false,"Mulchen500",SEN,"HG_Hid_Mulchen11",false,54.89143967,1,100,0,no,0,0,0,0,0,0,0,0,0,0,0,0,0,54.89143967,1,1,0,false,0.004784734,flexible,false,0,100,0,0,0,0,false,0,off,0,0.054794521,false,true,false,1970-01-01-00:00,true,4132.633549,0,1,0.0195282,35.65,45,145,500,None
"Hid_Mulchen13",2032-01-01-00:00,3000-01-01-00:00,true,0,false,"Mulchen500",SEN,"HG_Hid_Mulchen13",false,33.58658512,1,100,0,no,0,0,0,0,0,0,0,0,0,0,0,0,0,33.58658512,1,1,0,false,0.004784734,flexible,false,0,100,0,0,0,0,false,0,off,0,0.054794521,false,true,false,1970-01-01-00:00,true,4163.233549,0,1,0.0195282,35.65,45,0,500,None
"Hid_Mulchen14",2032-01-01-00:00,3000-01-01-00:00,true,0,false,"Mulchen500",SEN,"HG_Hid_Mulchen14",false,238.0007107,1,100,0,no,0,0,0,0,0,0,0,0,0,0,0,0,0,238.0007107,1,1,0,false,0.004784734,flexible,false,0,100,0,0,0,0,false,0,off,0,0.054794521,false,true,false,1970-01-01-00:00,true,4127.333549,0,1,0.0195282,35.65,45,0,500,None
"Hid_Mulchen15",2032-01-01-00:00,3000-01-01-00:00,true,0,false,"Mulchen500",SEN,"HG_Hid_Mulchen15",false,168.9482975,1,100,0,no,0,0,0,0,0,0,0,0,0,0,0,0,0,168.9482975,1,1,0,false,0.004784734,flexible,false,0,100,0,0,0,0,false,0,off,0,0.054794521,false,true,false,1970-01-01-00:00,true,4104.833549,0,1,0.0195282,35.65,45,0,500,None
"Hid_Mulchen16",2032-01-01-00:00,3000-01-01-00:00,true,0,false,"Mulchen500",SEN,"HG_Hid_Mulchen16",false,49.35886364,1,100,0,no,0,0,0,0,0,0,0,0,0,0,0,0,0,49.35886364,1,1,0,false,0.004784734,flexible,false,0,100,0,0,0,0,false,0,off,0,0.054794521,false,true,false,1970-01-01-00:00,true,4121.333549,0,1,0.0195282,35.65,45,0,500,None
"Hid_Pichirropulli01",2032-01-01-00:00,3000-01-01-00:00,true,0,false,"Pichirropulli500",SEN,"HG_Hid_Pichirropulli01",false,470.6937521,1,100,0,no,0,0,0,0,0,0,0,0,0,0,0,0,0,470.6937521,1,1,0,false,0.004784734,flexible,false,0,100,0,0,0,0,false,0,off,0,0.054794521,false,true,false,1970-01-01-00:00,true,4178.833549,0,1,0.0195282,35.65,45,145,500,None
"Hid_Pichirropulli03",2032-01-01-00:00,3000-01-01-00:00,true,0,false,"Pichirropulli500",SEN,"HG_Hid_Pichirropulli03",false,156.1106595,1,100,0,no,0,0,0,0,0,0,0,0,0,0,0,0,0,156.1106595,1,1,0,false,0.004784734,flexible,false,0,100,0,0,0,0,false,0,off,0,0.054794521,false,true,false,1970-01-01-00:00,true,4163.033549,0,1,0.0195282,35.65,45,145,500,None
"Hid_Pichirropulli04",2032-01-01-00:00,3000-01-01-00:00,true,0,false,"Pichirropulli500",SEN,"HG_Hid_Pichirropulli04",false,66.61239669,1,100,0,no,0,0,0,0,0,0,0,0,0,0,0,0,0,66.61239669,1,1,0,false,0.004784734,flexible,false,0,100,0,0,0,0,false,0,off,0,0.054794521,false,true,false,1970-01-01-00:00,true,4156.833549,0,1,0.0195282,35.65,45,145,500,None
"Hid_Pichirropulli05",2032-01-01-00:00,3000-01-01-00:00,true,0,false,"Pichirropulli500",SEN,"HG_Hid_Pichirropulli05",false,394.6159603,1,100,0,no,0,0,0,0,0,0,0,0,0,0,0,0,0,394.6159603,1,1,0,false,0.004784734,flexible,false,0,100,0,0,0,0,false,0,off,0,0.054794521,false,true,false,1970-01-01-00:00,true,4153.433549,0,1,0.0195282,35.65,45,145,500,None
"Hid_Pichirropulli06",2032-01-01-00:00,3000-01-01-00:00,true,0,false,"Pichirropulli500",SEN,"HG_Hid_Pichirropulli06",false,50.34072727,1,100,0,no,0,0,0,0,0,0,0,0,0,0,0,0,0,50.34072727,1,1,0,false,0.004784734,flexible,false,0,100,0,0,0,0,false,0,off,0,0.054794521,false,true,false,1970-01-01-00:00,true,4148.833549,0,1,0.0195282,35.65,45,104.4,500,None
"Hid_Pichirropulli07",2032-01-01-00:00,3000-01-01-00:00,true,0,false,"Pichirropulli500",SEN,"HG_Hid_Pichirropulli07",false,84.78679008,1,100,0,no,0,0,0,0,0,0,0,0,0,0,0,0,0,84.78679008,1,1,0,false,0.004784734,flexible,false,0,100,0,0,0,0,false,0,off,0,0.054794521,false,true,false,1970-01-01-00:00,true,4159.633549,0,1,0.0195282,35.65,45,139.2,500,None
"Hid_Pichirropulli08",2032-01-01-00:00,3000-01-01-00:00,true,0,false,"Pichirropulli500",SEN,"HG_Hid_Pichirropulli08",false,48.61488264,1,100,0,no,0,0,0,0,0,0,0,0,0,0,0,0,0,48.61488264,1,1,0,false,0.004784734,flexible,false,0,100,0,0,0,0,false,0,off,0,0.054794521,false,true,false,1970-01-01-00:00,true,4132.733549,0,1,0.0195282,35.65,45,124.7,500,None
"Hid_Pichirropulli09",2032-01-01-00:00,3000-01-01-00:00,true,0,false,"Pichirropulli500",SEN,"HG_Hid_Pichirropulli09",false,82.37931818,1,100,0,no,0,0,0,0,0,0,0,0,0,0,0,0,0,82.37931818,1,1,0,false,0.004784734,flexible,false,0,100,0,0,0,0,false,0,off,0,0.054794521,false,true,false,1970-01-01-00:00,true,4104.533549,0,1,0.0195282,35.65,45,145,500,None
"Hid_Pichirropulli11",2032-01-01-00:00,3000-01-01-00:00,true,0,false,"Pichirropulli500",SEN,"HG_Hid_Pichirropulli11",false,31.97539835,1,100,0,no,0,0,0,0,0,0,0,0,0,0,0,0,0,31.97539835,1,1,0,false,0.004784734,flexible,false,0,100,0,0,0,0,false,0,off,0,0.054794521,false,true,false,1970-01-01-00:00,true,4171.233549,0,1,0.0195282,35.65,45,0,500,None
"Hid_Valdivia01",2032-01-01-00:00,3000-01-01-00:00,true,0,false,"Pichirropulli500",SEN,"HG_Hid_Valdivia01",false,44.42012562,1,100,0,no,0,0,0,0,0,0,0,0,0,0,0,0,0,44.42012562,1,1,0,false,0.004784734,flexible,false,0,100,0,0,0,0,false,0,off,0,0.054794521,false,true,false,1970-01-01-00:00,true,4135.633549,0,1,0.0195282,35.65,45,145,500,None
"Hid_PMontt03",2032-01-01-00:00,3000-01-01-00:00,true,0,false,"NuevaAncud500",SEN,"HG_Hid_PMontt03",false,245.8657917,1,100,0,no,0,0,0,0,0,0,0,0,0,0,0,0,0,245.8657917,1,1,0,false,0.004784734,flexible,false,0,100,0,0,0,0,false,0,off,0,0.054794521,false,true,false,1970-01-01-00:00,true,4176.433549,0,1,0.0195282,35.65,45,0,500,None
"Hid_Polpaico01",2032-01-01-00:00,3000-01-01-00:00,true,0,false,"Polpaico500",SEN,"HG_Hid_Polpaico01",false,30.33741736,1,100,0,no,0,0,0,0,0,0,0,0,0,0,0,0,0,30.33741736,1,1,0,false,0.004784734,flexible,false,0,100,0,0,0,0,false,0,off,0,0.054794521,false,true,false,1970-01-01-00:00,true,3687.883549,0,1,0.0195282,35.65,45,89.9,500,None
"Hid_Rahue01",2032-01-01-00:00,3000-01-01-00:00,true,0,false,"Pichirropulli500",SEN,"HG_Hid_Rahue01",false,47.28482975,1,100,0,no,0,0,0,0,0,0,0,0,0,0,0,0,0,47.28482975,1,1,0,false,0.004784734,flexible,false,0,100,0,0,0,0,false,0,off,0,0.054794521,false,true,false,1970-01-01-00:00,true,4116.233549,0,1,0.0195282,35.65,45,136.3,500,None
"Hid_Rahue02",2032-01-01-00:00,3000-01-01-00:00,true,0,false,"Pichirropulli500",SEN,"HG_Hid_Rahue02",false,44.02601405,1,100,0,no,0,0,0,0,0,0,0,0,0,0,0,0,0,44.02601405,1,1,0,false,0.004784734,flexible,false,0,100,0,0,0,0,false,0,off,0,0.054794521,false,true,false,1970-01-01-00:00,true,4107.133549,0,1,0.0195282,35.65,45,127.6,500,None
"Hid_Rahue03",2032-01-01-00:00,3000-01-01-00:00,true,0,false,"Pichirropulli500",SEN,"HG_Hid_Rahue03",false,42.46073884,1,100,0,no,0,0,0,0,0,0,0,0,0,0,0,0,0,42.46073884,1,1,0,false,0.004784734,flexible,false,0,100,0,0,0,0,false,0,off,0,0.054794521,false,true,false,1970-01-01-00:00,true,4154.633549,0,1,0.0195282,35.65,45,133.4,500,None
"Hid_Rahue04",2032-01-01-00:00,3000-01-01-00:00,true,0,false,"Pichirropulli500",SEN,"HG_Hid_Rahue04",false,34.48893223,1,100,0,no,0,0,0,0,0,0,0,0,0,0,0,0,0,34.48893223,1,1,0,false,0.004784734,flexible,false,0,100,0,0,0,0,false,0,off,0,0.054794521,false,true,false,1970-01-01-00:00,true,4160.433549,0,1,0.0195282,35.65,45,0,500,None
"Hid_Rapel02",2032-01-01-00:00,3000-01-01-00:00,true,0,false,"Rapel500",SEN,"HG_Hid_Rapel02",false,43.26457273,1,100,0,no,0,0,0,0,0,0,0,0,0,0,0,0,0,43.26457273,1,1,0,false,0.004784734,flexible,false,0,100,0,0,0,0,false,0,off,0,0.054794521,false,true,false,1970-01-01-00:00,true,3633.283549,0,1,0.0195282,35.65,45,124.7,500,None
"BG01_Lagunas",2032-01-01-00:00,3000-01-01-00:00,true,0,false,"Lagunas220",SEN,"HG_BG01_Lagunas",true,200,0,200,0,no,0,0,0,0,0,0,0,0,0,0,0,0,0,1,1,1,0,false,0,flexible,false,0,100,0,0,0,0,true,0,off,0,0.032876712,false,true,false,1970-01-01-00:00,true,2424.81212,0,1,0.23,43.21844526,25,0,220,None
"BG02_Parinacota",2032-01-01-00:00,3000-01-01-00:00,true,0,false,"Parinacota220",SEN,"HG_BG02_Parinacota",true,200,0,200,0,no,0,0,0,0,0,0,0,0,0,0,0,0,0,1,1,1,0,false,0,flexible,false,0,100,0,0,0,0,false,0,off,0,0.032876712,false,true,false,1970-01-01-00:00,true,2424.81212,0,1,0.23,43.21844526,25,0,220,None
"BG03_Tarapaca",2032-01-01-00:00,3000-01-01-00:00,true,0,false,"Lagunas220",SEN,"HG_BG03_Tarapaca",true,200,0,200,0,no,0,0,0,0,0,0,0,0,0,0,0,0,0,1,1,1,0,false,0,flexible,false,0,100,0,0,0,0,true,0,off,0,0.032876712,false,true,false,1970-01-01-00:00,true,2424.81212,0,1,0.23,43.21844526,25,0,220,None
"BG04_Chacaya",2032-01-01-00:00,3000-01-01-00:00,true,0,false,"LosChangos500",SEN,"HG_BG04_Chacaya",true,200,0,200,0,no,0,0,0,0,0,0,0,0,0,0,0,0,0,1,1,1,0,false,0,flexible,false,0,100,0,0,0,0,true,0,off,0,0.032876712,false,true,false,1970-01-01-00:00,true,2424.81212,0,1,0.23,43.21844526,25,0,500,None
"Hidroel�ctrica Piedras Negras",2023-10-01-00:00,2060-01-01-00:00,true,0,true,"Ancoa500",SEN,"HG_Hidroel�ctrica Piedras Negras",false,3,0,100,0,no,0,0,0,0,0,0,0,0,0,0,0,0,0,1,1,1,0,false,0.005,flexible,false,0,100,0,0,0,0,true,0,off,0,0.054794521,false,false,false,1970-01-01-00:00,false,0,0,1,0.012395319,0,50,71.6,500,None
"Central Hidroel�ctrica Moraga",2023-03-01-00:00,2060-01-01-00:00,true,0,true,"Concepcion500",SEN,"HG_Central Hidroel�ctrica Moraga",false,1.6,0,100,0,no,0,0,0,0,0,0,0,0,0,0,0,0,0,1,1,1,0,false,0.005,flexible,false,0,100,0,0,0,0,true,0,off,0,0.054794521,false,false,false,1970-01-01-00:00,false,0,0,1,0.012395319,0,50,71.6,500,None
"Central Hidroel�ctrica San Jos�",2023-07-01-00:00,2060-01-01-00:00,true,0,true,"Concepcion500",SEN,"HG_Central Hidroel�ctrica San Jos�",false,1.6,0,100,0,no,0,0,0,0,0,0,0,0,0,0,0,0,0,1,1,1,0,false,0.005,flexible,false,0,100,0,0,0,0,true,0,off,0,0.054794521,false,false,false,1970-01-01-00:00,false,0,0,1,0.012395319,0,50,71.6,500,None
"Central Hidroel�ctrica San Luis",2023-10-01-00:00,2060-01-01-00:00,true,0,true,"Concepcion500",SEN,"HG_Central Hidroel�ctrica San Luis",false,1.9,0,100,0,no,0,0,0,0,0,0,0,0,0,0,0,0,0,1,1,1,0,false,0.005,flexible,false,0,100,0,0,0,0,true,0,off,0,0.054794521,false,false,false,1970-01-01-00:00,false,0,0,1,0.012395319,0,50,71.6,500,None
